Country,ISO,Catalog ID,ID,Latitude,Longitude,RH_mean,Area_mean,T_mean,T_std,PCT_mean,N_dtct,ID2015,ID2016,ID2017,ID2018,ID2019,ID2020,ID2021,Type,Category,flare_id,state,in_delaware
United States,USA,"IR_2012-2020_tile_-105,30,-90,45_feature_789_source_0",7104,32.22147826,-103.5286071,0.086863234,0.09744586,1432.304762,335.2389801,0.149964567,1272,6976.0,2551.0,,2397.0,1625.0,2146.0,1831.0,upstream,oil,7104,NM,True
United States,USA,"IR_2012-2020_tile_-105,30,-90,45_feature_824_source_2",7119,32.19829217,-104.0612457,0.021023443,0.03644075,1921.562963,183.4726181,0.03764035,277,6406.0,,2257.0,1809.0,1159.0,1556.0,1338.0,upstream,oil,7119,NM,True
United States,USA,"IR_2012-2020_tile_-105,30,-90,45_feature_984_source_4",7129,32.05884296,-103.710485,0.06149762,0.130702218,1858.139098,148.407763,0.052999811,357,6758.0,2388.0,,2177.0,,1872.0,1603.0,upstream,oil,7129,NM,True
United States,USA,"IR_2012-2020_tile_-105,30,-90,45_feature_971_source_2",7134,32.09030998,-103.614779,0.049033362,0.093403276,1820.414747,154.8035275,0.038235651,274,,,2665.0,,,,1723.0,upstream,oil,7134,NM,True
United States,USA,"IR_2012-2020_tile_-105,30,-90,45_feature_887_source_0",7162,32.16089501,-103.8277462,0.042038156,0.099734001,1614.139706,284.2743128,0.132085189,1172,6647.0,2281.0,2464.0,2058.0,,1784.0,,upstream,oil,7162,NM,True
United States,USA,"IR_2012-2020_tile_-105,30,-90,45_feature_824_source_5",7164,32.17858254,-104.0321326,0.041168873,0.067285492,1878.469027,163.8638044,0.039086166,222,,,2268.0,1839.0,1192.0,1591.0,1359.0,upstream,oil,7164,NM,True
United States,USA,"IR_2012-2020_tile_-105,30,-90,45_feature_824_source_0",7165,32.19593323,-104.0724953,0.01398993,0.02276924,1915.4,156.2182448,0.03126594,241,,,,1802.0,1159.0,1556.0,,upstream,oil,7165,NM,True
United States,USA,"IR_2012-2020_tile_-105,30,-90,45_feature_886_source_3",7166,32.16709048,-104.044826,0.042236453,0.086151328,1881.928144,168.9029083,0.066585703,470,,,,,1176.0,1576.0,1339.0,upstream,oil,7166,NM,True
United States,USA,"IR_2012-2020_tile_-105,30,-90,45_feature_705_source_2",7174,32.30065244,-103.898711,0.04547735,0.11194191,1895.838235,202.6564057,0.10027684,891,,,,1979.0,1300.0,1716.0,1460.0,upstream,oil,7174,NM,True
United States,USA,"IR_2012-2020_tile_-105,30,-90,45_feature_853_source_0",7179,32.15425067,-104.2602955,0.033914423,0.050245095,1977.468354,152.8887107,0.092682371,490,6213.0,1960.0,2110.0,1689.0,1067.0,1436.0,1242.0,upstream,oil,7179,NM,True
United States,USA,"IR_2012-2020_tile_-105,30,-90,45_feature_389_source_0",7196,32.67118833,-104.0497408,0.04010583,0.07955407,1870.727273,172.0316585,0.08580296,780,6417.0,,,,1175.0,1574.0,1346.0,upstream,oil,7196,NM,False
United States,USA,"IR_2012-2020_tile_-105,30,-90,45_feature_789_source_1",7197,32.21619011,-103.5234869,0.164835838,0.620500967,1613.964286,274.8480038,0.183237463,1452,7005.0,2551.0,,2397.0,1625.0,2146.0,1840.0,upstream,oil,7197,NM,True
United States,USA,"IR_2012-2020_tile_-105,30,-90,45_feature_1006_source_0",7200,32.0356504,-103.6850689,0.051752825,0.089503332,1868.534884,199.2817353,0.078344923,287,6767.0,2409.0,,,1438.0,1906.0,1648.0,upstream,oil,7200,NM,True
United States,USA,"IR_2012-2020_tile_-105,30,-90,45_feature_732_source_0",7205,32.26677095,-104.1111478,0.03337021,0.1898154,1415.639175,285.2293652,0.1313909,1333,,,,1767.0,1128.0,1524.0,1298.0,upstream,oil,7205,NM,True
United States,USA,"IR_2012-2020_tile_-105,30,-90,45_feature_957_source_0",7222,32.06578148,-103.7518697,0.022965735,0.041671457,1942.099476,156.6188074,0.062203933,451,6723.0,2354.0,2523.0,2137.0,1391.0,1834.0,,upstream,oil,7222,NM,True
United States,USA,"IR_2012-2020_tile_-105,30,-90,45_feature_826_source_0",7223,32.20229163,-103.8292406,0.032962791,0.06474411,1907.650794,206.123877,0.021127277,95,6635.0,,,,,,1518.0,upstream,oil,7223,NM,True
United States,USA,"IR_2012-2020_tile_-105,30,-90,45_feature_434_source_0",7228,32.57833775,-104.1069285,0.04447256,0.0831893,1886.616977,177.177305,0.0654811,788,,,,,1138.0,1526.0,1303.0,upstream,oil,7228,NM,True
United States,USA,"IR_2012-2020_tile_-105,30,-90,45_feature_801_source_2",7236,32.20451536,-104.0869506,0.01600544,0.02341998,1958.518797,167.3314033,0.0237696,189,,,,,,,1320.0,upstream,oil,7236,NM,True
United States,USA,"IR_2012-2020_tile_-105,30,-90,45_feature_971_source_1",7246,32.08206371,-103.6213379,0.10981952,0.20974502,1883.831933,145.1160109,0.07599026,620,6844.0,,2665.0,2253.0,1503.0,2002.0,1712.0,upstream,oil,7246,NM,True
United States,USA,"IR_2012-2020_tile_-105,30,-90,45_feature_270_source_1",7266,33.16675101,-103.01294,0.078384402,0.13647098,1889.711491,170.26786,0.12807883,776,,2827.0,3119.0,2785.0,1895.0,2518.0,2121.0,upstream,oil,7266,NM,False
United States,USA,"IR_2012-2020_tile_-105,30,-90,45_feature_911_source_1",7271,32.09571648,-103.6116818,0.03179259,0.067207387,1793.375,154.5095334,0.028938964,137,,,,,,,1723.0,upstream,oil,7271,NM,True
United States,USA,"IR_2012-2020_tile_-105,30,-90,45_feature_978_source_2",7272,32.04603428,-103.9384795,0.08004118,0.16081018,1852.596953,159.707106,0.08408765,925,,,,,1269.0,1681.0,1431.0,upstream,oil,7272,NM,True
United States,USA,"IR_2012-2020_tile_-105,30,-90,45_feature_886_source_2",7283,32.16576374,-104.0526283,0.05354639,0.11553027,1857.825688,181.3640388,0.08211925,441,,,,,1176.0,1576.0,1339.0,upstream,oil,7283,NM,True
United States,USA,"IR_2012-2020_tile_-105,30,-90,45_feature_895_source_3",7286,32.15261395,-103.7188576,0.143256082,0.304103099,1890.778226,153.7708129,0.124365247,428,6747.0,2378.0,2551.0,,1412.0,1862.0,,upstream,oil,7286,NM,True
United States,USA,"IR_2012-2020_tile_-105,30,-90,45_feature_835_source_1",7287,32.17351493,-103.697673,0.055171642,0.103212588,1967.78125,144.4268993,0.078937326,301,6764.0,2391.0,2583.0,2176.0,,,,upstream,oil,7287,NM,True
United States,USA,"IR_2012-2020_tile_-105,30,-90,45_feature_434_source_1",7306,32.57197455,-104.1186049,0.010762002,0.016712123,1945.47619,178.0614177,0.01780232,125,,,,,,,,upstream,oil,7306,NM,True
United States,USA,"IR_2012-2020_tile_-105,30,-90,45_feature_382_source_4",7314,32.68052933,-104.427751,0.019566358,0.04610177,1886.435714,145.3690727,0.035101785,410,,1937.0,,1661.0,1051.0,1415.0,1224.0,upstream,oil,7314,NM,False
United States,USA,"IR_2012-2020_tile_-105,30,-90,45_feature_285_source_5",7324,33.12384533,-103.0330706,0.03306514,0.0577016,1936.601173,153.6003666,0.08417,641,,,,2771.0,1882.0,2502.0,2109.0,upstream,oil,7324,NM,False
United States,USA,"IR_2012-2020_tile_-105,30,-90,45_feature_801_source_0",7327,32.19700444,-104.0832085,0.00843342,0.015184098,1924.291667,195.5676522,0.016683204,116,,,,,,1548.0,1323.0,upstream,oil,7327,NM,True
United States,USA,"IR_2012-2020_tile_-105,30,-90,45_feature_285_source_7",7329,33.11021508,-103.0260828,0.037071403,0.063222737,1929.409091,168.0602079,0.093954741,584,,2821.0,3116.0,2775.0,,,,upstream,oil,7329,NM,False
United States,USA,"IR_2012-2020_tile_-105,30,-90,45_feature_564_source_1",7334,32.43025934,-103.6651369,0.05189247,0.09999094,1877.049383,168.9144436,0.094523405,924,6784.0,,,,1466.0,1935.0,1651.0,upstream,oil,7334,NM,True
United States,USA,"IR_2012-2020_tile_-105,30,-90,45_feature_836_source_2",7336,32.17631498,-103.3702809,0.098809569,0.230521204,1816.226804,152.9937338,0.07502073,651,,,,2580.0,1743.0,2309.0,1966.0,upstream,oil,7336,NM,True
United States,USA,"IR_2012-2020_tile_-105,30,-90,45_feature_409_source_1",7342,32.64718943,-104.1215369,0.03150614,0.062819,1885.144444,146.2018058,0.04010242,279,,,,1757.0,1126.0,1509.0,1287.0,upstream,oil,7342,NM,False
United States,USA,"IR_2012-2020_tile_-105,30,-90,45_feature_824_source_6",7345,32.20722141,-104.0660056,0.076657405,0.162266543,1877.926923,147.9446052,0.05482808,407,6406.0,2084.0,2240.0,1809.0,1159.0,1556.0,,upstream,oil,7345,NM,True
United States,USA,"IR_2012-2020_tile_-105,30,-90,45_feature_759_source_1",7359,32.25482824,-103.6104529,0.084685341,0.178287681,1859.014493,187.2396351,0.113529425,433,6855.0,2454.0,2675.0,2267.0,,2016.0,1721.0,upstream,oil,7359,NM,True
United States,USA,"IR_2012-2020_tile_-105,30,-90,45_feature_285_source_6",7363,33.12382671,-103.0166834,0.032305984,0.059675072,1925.24812,169.1771953,0.064074222,439,,,,2783.0,1891.0,2514.0,,upstream,oil,7363,NM,False
United States,USA,"IR_2012-2020_tile_-105,30,-90,45_feature_886_source_0",7370,32.17129965,-104.030604,0.061585007,0.09939747,1906.18593,128.9203743,0.040419181,261,,,,,1192.0,1591.0,1359.0,upstream,oil,7370,NM,True
United States,USA,"IR_2012-2020_tile_-105,30,-90,45_feature_278_source_1",7374,33.14722291,-103.0268094,0.14634144,0.28172673,1880.342746,180.9568298,0.23945,1784,7407.0,2826.0,3115.0,2773.0,1883.0,2505.0,2113.0,upstream,oil,7374,NM,False
United States,USA,"IR_2012-2020_tile_-105,30,-90,45_feature_276_source_0",7388,33.16876156,-103.0434925,0.01692765,0.025539711,1920.079284,143.8727996,0.029197799,505,,,,2768.0,,,2103.0,upstream,oil,7388,NM,False
United States,USA,"IR_2012-2020_tile_-105,30,-90,45_feature_968_source_0",7390,32.06312627,-103.573149,0.07518288,0.1758513,1862.167388,182.7213105,0.0908167,968,,,,,1572.0,2074.0,1771.0,upstream,oil,7390,NM,True
United States,USA,"IR_2012-2020_tile_-105,30,-90,45_feature_465_source_0",7396,32.51496297,-103.279696,0.24492505,0.47426809,1885.486239,164.4468133,0.07602248,647,7302.0,2752.0,3017.0,,1783.0,2376.0,2022.0,upstream,oil,7396,NM,False
United States,USA,"IR_2012-2020_tile_-105,30,-90,45_feature_759_source_5",7398,32.25475373,-103.6245128,0.12656632,0.28339924,1864.53125,149.1638992,0.11728754,681,6855.0,2454.0,2657.0,2267.0,1509.0,2000.0,1707.0,upstream,oil,7398,NM,True
United States,USA,"IR_2012-2020_tile_-105,30,-90,45_feature_270_source_4",7399,33.18210436,-103.0269721,0.03718941,0.06440437,1915.194444,169.4874604,0.07686177,472,,,3112.0,2772.0,1888.0,2511.0,2110.0,upstream,oil,7399,NM,False
United States,USA,"IR_2012-2020_tile_-105,30,-90,45_feature_270_source_5",7406,33.18040577,-103.0185595,0.017537374,0.02857755,1918.19697,142.3178495,0.02644126,166,,,3112.0,2772.0,1888.0,2511.0,,upstream,oil,7406,NM,False
United States,USA,"IR_2012-2020_tile_-105,30,-90,45_feature_824_source_1",7409,32.21010738,-104.0513837,0.189324744,0.39658763,1829.635714,144.0995048,0.08792142,469,6406.0,2084.0,2256.0,1825.0,,,,upstream,oil,7409,NM,True
United States,USA,"IR_2012-2020_tile_-105,30,-90,45_feature_315_source_0",7413,32.85000079,-104.39299,0.19778284,0.7165235,1598.626459,253.6029568,0.29540269,2483,6189.0,1941.0,2072.0,1662.0,1052.0,1416.0,1226.0,downstream,refinery,7413,NM,False
United States,USA,"IR_2012-2020_tile_-105,30,-90,45_feature_895_source_7",7416,32.1525799,-103.7451427,0.208303958,0.441181249,1846.232493,152.9279842,0.130501923,595,6718.0,2350.0,2551.0,,,1839.0,,upstream,oil,7416,NM,True
United States,USA,"IR_2012-2020_tile_-105,30,-90,45_feature_389_source_1",7419,32.67857714,-104.0521205,0.030177034,0.06168199,1830.226923,204.1140105,0.056291911,466,6417.0,,,,1175.0,1574.0,1346.0,upstream,oil,7419,NM,False
United States,USA,"IR_2012-2020_tile_-105,30,-90,45_feature_824_source_3",7421,32.19547637,-104.0487388,0.049574012,0.09900168,1870.903846,176.7594258,0.049912776,239,,2085.0,2257.0,1839.0,1178.0,1581.0,1351.0,upstream,oil,7421,NM,True
United States,USA,"IR_2012-2020_tile_-105,30,-90,45_feature_409_source_2",7422,32.6534542,-104.1232248,0.020471446,0.027442885,1908.252788,175.3098882,0.040769427,464,,,,1757.0,1126.0,1509.0,1287.0,upstream,oil,7422,NM,False
United States,USA,"IR_2012-2020_tile_-105,30,-90,45_feature_711_source_2",7425,32.28441327,-103.8457505,0.04016116,0.075205106,1893.971698,167.2134247,0.05193814,263,6618.0,2267.0,2451.0,2043.0,1339.0,1770.0,1507.0,upstream,oil,7425,NM,True
United States,USA,"IR_2012-2020_tile_-105,30,-90,45_feature_824_source_8",7431,32.18758799,-104.0381845,0.113252577,0.248543014,1885.788079,124.6823572,0.048635039,388,,2085.0,2257.0,1839.0,1180.0,1582.0,,upstream,oil,7431,NM,True
United States,USA,"IR_2012-2020_tile_-105,30,-90,45_feature_353_source_0",7436,32.75711748,-104.2121275,0.30135047,0.7869958,1822.452323,180.8910796,0.09606515,863,6253.0,1982.0,2136.0,1705.0,1077.0,1457.0,1255.0,upstream,oil,7436,NM,False
United States,USA,"IR_2012-2020_tile_-105,30,-90,45_feature_783_source_2",7437,32.23361317,-104.0850552,0.02639852,0.04362377,1891.646388,162.5853401,0.063970191,610,,,2239.0,,1151.0,1543.0,1319.0,upstream,oil,7437,NM,True
United States,USA,"IR_2012-2020_tile_-105,30,-90,45_feature_984_source_3",7439,32.05161266,-103.7015937,0.029996386,0.059599918,1918.943662,189.2305066,0.055253808,419,6767.0,,,,1432.0,1890.0,1619.0,upstream,oil,7439,NM,True
United States,USA,"IR_2012-2020_tile_-105,30,-90,45_feature_936_source_0",7453,32.09273319,-103.9993173,0.04157374,0.08231276,1880.577287,174.9640734,0.049932273,489,,2136.0,2317.0,1886.0,1219.0,1623.0,1386.0,upstream,oil,7453,NM,True
United States,USA,"IR_2012-2020_tile_-105,30,-90,45_feature_759_source_4",7467,32.26967209,-103.6208283,0.05330605,0.08923676,1892.543353,153.206667,0.06834924,310,6850.0,2456.0,2663.0,2267.0,1502.0,1987.0,1696.0,upstream,oil,7467,NM,True
United States,USA,"IR_2012-2020_tile_-105,30,-90,45_feature_368_source_1",7470,32.68644514,-104.1061793,0.09014981,0.177758,1887.031359,165.4254331,0.095938,911,,,,1768.0,1137.0,1525.0,1299.0,upstream,oil,7470,NM,False
United States,USA,"IR_2012-2020_tile_-105,30,-90,45_feature_926_source_2",7473,32.0783117,-103.2861267,0.184491136,0.32411225,1923.361179,128.037271,0.108112738,923,,,,2651.0,1778.0,2364.0,2015.0,upstream,oil,7473,NM,False
United States,USA,"IR_2012-2020_tile_-105,30,-90,45_feature_461_source_0",7474,32.56570538,-104.1204504,0.009177691,0.014407188,1916.446809,201.3270662,0.018627728,118,,,2206.0,1758.0,,1515.0,1294.0,upstream,oil,7474,NM,True
United States,USA,"IR_2012-2020_tile_-105,30,-90,45_feature_924_source_3",7476,32.14454852,-103.9089658,0.007964072,0.014234187,1955.972603,199.6251262,0.022809893,208,,2204.0,2394.0,1972.0,,1710.0,1454.0,upstream,oil,7476,NM,True
United States,USA,"IR_2012-2020_tile_-105,30,-90,45_feature_895_source_5",7477,32.15181539,-103.7279552,0.120092307,0.23915908,1916.949367,129.2797378,0.108379313,264,6747.0,2378.0,,2148.0,,,,upstream,oil,7477,NM,True
United States,USA,"IR_2012-2020_tile_-105,30,-90,45_feature_801_source_1",7483,32.20357828,-104.0998859,0.061238388,0.117702449,1901.968847,183.472516,0.094074402,969,,,,,1141.0,1532.0,1309.0,upstream,oil,7483,NM,True
United States,USA,"IR_2012-2020_tile_-105,30,-90,45_feature_835_source_2",7485,32.18135471,-103.700972,0.037804891,0.07475389,1805.678161,158.8007856,0.04941174,242,6764.0,2391.0,2583.0,2176.0,1430.0,1885.0,,upstream,oil,7485,NM,True
United States,USA,"IR_2012-2020_tile_-105,30,-90,45_feature_711_source_0",7495,32.28622667,-103.8605952,0.018338794,0.040052049,1883.239362,192.6559637,0.046343331,449,6618.0,2251.0,,,1326.0,1745.0,1487.0,upstream,oil,7495,NM,True
United States,USA,"IR_2012-2020_tile_-105,30,-90,45_feature_280_source_0",7505,33.13260113,-103.0794296,0.007294265,0.013797311,1950.5,167.3536674,0.030550349,257,,,3093.0,2750.0,,,,upstream,oil,7505,NM,False
United States,USA,"IR_2012-2020_tile_-105,30,-90,45_feature_835_source_3",7510,32.17951895,-103.6841282,0.037421889,0.083359075,1943.217391,154.0013994,0.048268618,160,6776.0,2404.0,,,,,,upstream,oil,7510,NM,True
United States,USA,"IR_2012-2020_tile_-105,30,-90,45_feature_1027_source_1",7514,32.03386441,-103.3956416,0.011478235,0.02226317,1881.451389,168.911089,0.03997809,400,,,,,1726.0,2286.0,1944.0,upstream,oil,7514,NM,True
United States,USA,"IR_2012-2020_tile_-105,30,-90,45_feature_913_source_2",7516,32.10176185,-103.7544863,0.05471157,0.11692383,1829.41791,172.1674622,0.091243547,852,6729.0,,,2126.0,1389.0,1833.0,1567.0,upstream,oil,7516,NM,True
United States,USA,"IR_2012-2020_tile_-105,30,-90,45_feature_428_source_3",7533,32.63781505,-104.4486367,0.239534464,0.438474583,1873.585142,129.2533161,0.174727256,1378,6181.0,,,1659.0,,1413.0,1223.0,upstream,oil,7533,NM,False
United States,USA,"IR_2012-2020_tile_-105,30,-90,45_feature_1016_source_0",7542,32.00050372,-103.7460856,0.052640062,0.102601766,1914.254062,154.5013244,0.081821868,1080,6730.0,,,2138.0,,1841.0,1575.0,upstream,oil,7542,NM,True
United States,USA,"IR_2012-2020_tile_-105,30,-90,45_feature_378_source_0",7552,32.69221923,-103.2850021,0.38167974,0.73519,1913.776215,160.2702475,0.15772645,1505,7294.0,2750.0,3014.0,2650.0,1782.0,2370.0,2017.0,upstream,oil,7552,NM,False
United States,USA,"IR_2012-2020_tile_-105,30,-90,45_feature_1022_source_0",7553,32.00006632,-103.9280899,0.06930044,0.11631,1915.344262,118.9314288,0.028461151,149,6534.0,,,1947.0,,,,upstream,oil,7553,NM,True
United States,USA,"IR_2012-2020_tile_-105,30,-90,45_feature_428_source_0",7558,32.64020022,-104.4581734,0.217440357,0.364783278,1849.507752,115.0019967,0.135983516,870,6181.0,,,1659.0,1049.0,1413.0,1223.0,upstream,oil,7558,NM,False
United States,USA,"IR_2012-2020_tile_-105,30,-90,45_feature_434_source_2",7573,32.57192919,-104.1037868,0.017680445,0.030605724,1963.528302,170.5650547,0.026554545,86,,,,,1138.0,1526.0,1303.0,upstream,oil,7573,NM,True
United States,USA,"IR_2012-2020_tile_-105,30,-90,45_feature_859_source_3",7574,32.16605606,-104.0946012,0.17670088,0.29367625,1916.241935,156.4913016,0.19244425,1301,6353.0,2045.0,2218.0,1782.0,1147.0,1538.0,1313.0,upstream,oil,7574,NM,True
United States,USA,"IR_2012-2020_tile_-105,30,-90,45_feature_789_source_2",7577,32.22397598,-103.537703,0.07715578,0.157049715,1880.649123,191.0005044,0.075370825,280,6976.0,2551.0,2766.0,2397.0,,,,upstream,oil,7577,NM,True
United States,USA,"IR_2012-2020_tile_-105,30,-90,45_feature_835_source_4",7579,32.16650621,-103.6860328,0.053485295,0.076546154,1965.359375,116.1781185,0.077719126,234,6772.0,,,,,,,upstream,oil,7579,NM,True
United States,USA,"IR_2012-2020_tile_-105,30,-90,45_feature_1006_source_3",7585,32.03539418,-103.6720476,0.130052242,0.306133291,1832.568912,169.351652,0.158935398,1491,6788.0,2409.0,,,1458.0,1924.0,1648.0,upstream,oil,7585,NM,True
United States,USA,"IR_2012-2020_tile_-105,30,-90,45_feature_783_source_1",7594,32.23437317,-104.068253,0.060978682,0.136580025,1876.675159,171.2903155,0.074473674,458,6388.0,2071.0,2239.0,1808.0,1155.0,1552.0,,upstream,oil,7594,NM,True
United States,USA,"IR_2012-2020_tile_-105,30,-90,45_feature_703_source_1",7624,32.28287734,-104.2392422,0.005227706,0.008755558,1903.310345,186.6271598,0.01578752,159,,,,,,1442.0,1247.0,upstream,oil,7624,NM,True
United States,USA,"IR_2012-2020_tile_-105,30,-90,45_feature_280_source_1",7641,33.12514662,-103.0561321,0.042227403,0.064674501,1925.809955,153.130693,0.10209407,739,,,3101.0,2758.0,1868.0,2483.0,,upstream,oil,7641,NM,False
United States,USA,"IR_2012-2020_tile_-105,30,-90,45_feature_564_source_0",7643,32.41441832,-103.6676749,0.02064004,0.0422637,1886.217228,159.5973327,0.0375532,413,,,,,1462.0,1929.0,1645.0,upstream,oil,7643,NM,True
United States,USA,"IR_2012-2020_tile_-105,30,-90,45_feature_333_source_0",7659,32.78421886,-103.9177463,0.008286961,0.016719769,1861.896907,198.2315362,0.027708738,273,,,,,1282.0,1696.0,1444.0,upstream,oil,7659,NM,False
United States,USA,"IR_2012-2020_tile_-105,30,-90,45_feature_1003_source_0",7661,32.02164341,-103.2773141,0.2396882,0.4488819,1872.381779,108.658002,0.1019477,1055,,,,2660.0,1788.0,2379.0,2024.0,upstream,oil,7661,NM,False
United States,USA,"IR_2012-2020_tile_-105,30,-90,45_feature_910_source_1",7672,32.10873859,-104.213984,0.018428667,0.030756171,1909.119565,164.0206669,0.038822893,253,,1975.0,2138.0,1702.0,1082.0,1458.0,,upstream,oil,7672,NM,True
United States,USA,"IR_2012-2020_tile_-105,30,-90,45_feature_733_source_0",7676,32.25401656,-104.0623617,0.035281021,0.066605159,1898.774536,156.7325506,0.079439362,724,,,,,1163.0,1562.0,1334.0,upstream,oil,7676,NM,True
United States,USA,"IR_2012-2020_tile_-105,30,-90,45_feature_308_source_0",7680,32.87535557,-103.9691979,0.004789758,0.007618,1972.6,234.5364364,0.01849676,207,,,,1906.0,1241.0,1652.0,,upstream,oil,7680,NM,False
United States,USA,"IR_2012-2020_tile_-105,30,-90,45_feature_410_source_0",7682,32.60890542,-103.5411965,0.07421603,0.13076869,1903.216352,168.5049793,0.11635183,1223,6958.0,2544.0,,2392.0,1608.0,2124.0,1813.0,upstream,oil,7682,NM,False
United States,USA,"IR_2012-2020_tile_-105,30,-90,45_feature_711_source_1",7686,32.29275567,-103.841144,0.01928242,0.027913597,1947.445378,170.7355416,0.037169728,355,6618.0,2267.0,,2047.0,1349.0,1770.0,1507.0,upstream,oil,7686,NM,True
United States,USA,"IR_2012-2020_tile_-105,30,-90,45_feature_959_source_0",7687,32.06491605,-104.1080388,0.075354188,0.20397239,1813.154696,162.2810411,0.063541918,400,,2036.0,2208.0,1770.0,,1534.0,,upstream,oil,7687,NM,True
United States,USA,"IR_2012-2020_tile_-105,30,-90,45_feature_735_source_1",7696,32.25332268,-104.1649088,0.01624655,0.03377973,1877.54,160.0331478,0.032910932,316,,2014.0,2168.0,,,1482.0,1265.0,upstream,oil,7696,NM,True
United States,USA,"IR_2012-2020_tile_-105,30,-90,45_feature_655_source_2",7700,32.33834272,-104.1980519,0.121271121,0.26876394,1816.323077,150.0509426,0.03692865,242,,,,,1089.0,1463.0,1257.0,upstream,oil,7700,NM,True
United States,USA,"IR_2012-2020_tile_-105,30,-90,45_feature_810_source_0",7707,32.19682539,-103.616717,0.07470295,0.14015949,1923.874214,167.6666632,0.103777147,475,6852.0,2459.0,2671.0,,,,,upstream,oil,7707,NM,True
United States,USA,"IR_2012-2020_tile_-105,30,-90,45_feature_910_source_2",7713,32.12174016,-104.2286235,0.188478589,0.42044497,1848.18648,164.5043348,0.148878576,809,6234.0,1975.0,2126.0,1699.0,1073.0,1449.0,,upstream,oil,7713,NM,True
United States,USA,"IR_2012-2020_tile_-105,30,-90,45_feature_623_source_2",7727,32.33979137,-103.7267378,0.04585143,0.11062278,1884.090323,205.0748209,0.06898653,392,6738.0,2372.0,2556.0,2156.0,1408.0,1858.0,,upstream,oil,7727,NM,True
United States,USA,"IR_2012-2020_tile_-105,30,-90,45_feature_487_source_0",7730,32.47220385,-103.7032019,0.01014373,0.021255831,1866.293233,203.7021186,0.033098172,326,,,,,1429.0,1884.0,1612.0,upstream,oil,7730,NM,True
United States,USA,"IR_2012-2020_tile_-105,30,-90,45_feature_1003_source_5",7731,32.02957178,-103.2780731,0.09990679,0.18403508,1824.773585,136.2895283,0.060570583,127,,,3009.0,2645.0,1788.0,2379.0,,upstream,oil,7731,NM,False
United States,USA,"IR_2012-2020_tile_-105,30,-90,45_feature_786_source_4",7736,32.23797467,-103.5472971,0.046498845,0.092847663,1863.73,175.4961455,0.054611947,374,6925.0,2551.0,2735.0,,1603.0,2129.0,1792.0,upstream,oil,7736,NM,True
United States,USA,"IR_2012-2020_tile_-105,30,-90,45_feature_383_source_2",7739,32.67388303,-103.9453335,0.06717173,0.12940648,1862.10303,132.1772742,0.07585236,356,6511.0,2174.0,2361.0,1931.0,,,,upstream,oil,7739,NM,False
United States,USA,"IR_2012-2020_tile_-105,30,-90,45_feature_276_source_1",7757,33.17514411,-103.0517091,0.0121041,0.02396206,1921.903226,155.6510893,0.02769678,293,,,,2761.0,1870.0,2486.0,2103.0,upstream,oil,7757,NM,False
United States,USA,"IR_2012-2020_tile_-105,30,-90,45_feature_1006_source_2",7762,32.03734209,-103.6959976,0.096330273,0.248480207,1797.019048,188.5803091,0.050004505,214,6767.0,2394.0,2586.0,2184.0,,,,upstream,oil,7762,NM,True
United States,USA,"IR_2012-2020_tile_-105,30,-90,45_feature_1037_source_1",7765,32.00135421,-104.0278182,0.1071835,0.21649709,1863.598394,152.0735903,0.110681063,525,6430.0,2103.0,2271.0,1842.0,1193.0,1597.0,,upstream,oil,7765,NM,True
United States,USA,"IR_2012-2020_tile_-105,30,-90,45_feature_368_source_3",7772,32.69768375,-104.1204189,0.01608697,0.02712535,1894.544118,162.3448974,0.02889502,248,,,,1768.0,1132.0,1508.0,1290.0,upstream,oil,7772,NM,False
United States,USA,"IR_2012-2020_tile_-105,30,-90,45_feature_1003_source_4",7777,32.03505574,-103.2900078,0.0896887,0.1521368,1919.047706,150.0447808,0.1067319,750,,,3009.0,2645.0,1776.0,2362.0,2011.0,upstream,oil,7777,NM,False
United States,USA,"IR_2012-2020_tile_-105,30,-90,45_feature_911_source_4",7786,32.11074372,-103.5998423,0.158025926,0.303514103,1862.706783,133.8774931,0.074080758,619,6877.0,2477.0,2684.0,2310.0,1535.0,2028.0,1736.0,upstream,oil,7786,NM,True
United States,USA,"IR_2012-2020_tile_-105,30,-90,45_feature_888_source_0",7787,32.13831355,-103.6808532,0.058273506,0.093590846,1910.299703,136.9456425,0.057694978,496,6790.0,,2596.0,2200.0,1448.0,1911.0,1634.0,upstream,oil,7787,NM,True
United States,USA,"IR_2012-2020_tile_-105,30,-90,45_feature_779_source_1",7788,32.20931393,-103.818945,0.045547656,0.08680111,1890.296703,151.1717235,0.045665286,210,,,2480.0,2073.0,1360.0,1791.0,,upstream,oil,7788,NM,True
United States,USA,"IR_2012-2020_tile_-105,30,-90,45_feature_336_source_0",7792,32.7858946,-103.0237731,0.04024027,0.082458,1888.929224,185.3821722,0.0865764,839,,,,,1886.0,2507.0,2114.0,upstream,oil,7792,NM,False
United States,USA,"IR_2012-2020_tile_-105,30,-90,45_feature_815_source_1",7793,32.19307106,-104.0157887,0.267875018,0.63581743,1846.45325,151.1197219,0.146422004,1587,,,,1862.0,1201.0,1605.0,1374.0,upstream,oil,7793,NM,True
United States,USA,"IR_2012-2020_tile_-105,30,-90,45_feature_593_source_0",7802,32.38419142,-103.7199791,0.045721333,0.073372994,1853.546667,154.5373563,0.035288418,368,,,,2159.0,1414.0,1866.0,1593.0,upstream,oil,7802,NM,True
United States,USA,"IR_2012-2020_tile_-105,30,-90,45_feature_911_source_2",7807,32.11665581,-103.6057324,0.11026847,0.286590991,1865.541667,148.2298053,0.053139269,401,6877.0,2477.0,2684.0,2310.0,1535.0,2028.0,1736.0,upstream,oil,7807,NM,True
United States,USA,"IR_2012-2020_tile_-105,30,-90,45_feature_655_source_4",7808,32.33472703,-104.1847265,0.055419318,0.11989865,1830.807365,231.3911794,0.067006826,570,,,,,1092.0,1470.0,1262.0,upstream,oil,7808,NM,True
United States,USA,"IR_2012-2020_tile_-105,30,-90,45_feature_861_source_4",7809,32.14127967,-103.5580553,0.020222658,0.040776104,1836.076923,175.9486937,0.036849682,321,6961.0,2526.0,2737.0,,,,1793.0,upstream,oil,7809,NM,True
United States,USA,"IR_2012-2020_tile_-105,30,-90,45_feature_759_source_3",7813,32.27015751,-103.6321696,0.0735806,0.0514661,1838.79562,138.9397621,0.05489521,432,6831.0,2456.0,2647.0,2262.0,1502.0,1987.0,1696.0,upstream,oil,7813,NM,True
United States,USA,"IR_2012-2020_tile_-105,30,-90,45_feature_410_source_1",7827,32.62532015,-103.5453922,0.05825211,0.16766176,1838.725118,174.4486244,0.0882182,633,,2538.0,2756.0,2384.0,1602.0,2113.0,1807.0,upstream,oil,7827,NM,False
United States,USA,"IR_2012-2020_tile_-105,30,-90,45_feature_1007_source_1",7834,32.02366196,-103.5351644,0.05233821,0.09346802,1886.531915,143.7479548,0.03190999,308,,,,2401.0,1614.0,2139.0,1833.0,upstream,oil,7834,NM,True
United States,USA,"IR_2012-2020_tile_-105,30,-90,45_feature_1039_source_1",7837,32.0019568,-104.0898767,0.039878146,0.068515047,1899.214286,166.0185246,0.045235464,298,6362.0,2053.0,2221.0,,,1541.0,1318.0,upstream,oil,7837,NM,True
United States,USA,"IR_2012-2020_tile_-105,30,-90,45_feature_509_source_0",7842,32.45646764,-103.8784801,0.028047111,0.04937052,1912.789474,197.2450375,0.03855925,201,6578.0,2234.0,2420.0,2006.0,,,,upstream,oil,7842,NM,True
United States,USA,"IR_2012-2020_tile_-105,30,-90,45_feature_780_source_2",7843,32.19514418,-103.7180717,0.079469741,0.173600762,1855.183784,162.5427304,0.096857434,554,6746.0,2377.0,2564.0,2160.0,1415.0,1867.0,,upstream,oil,7843,NM,True
United States,USA,"IR_2012-2020_tile_-105,30,-90,45_feature_372_source_0",7852,32.69513276,-104.0205198,0.142542034,0.270338677,1842.144068,150.9469699,0.104302521,440,6433.0,,2287.0,,,,,upstream,oil,7852,NM,False
United States,USA,"IR_2012-2020_tile_-105,30,-90,45_feature_842_source_0",7858,32.16594641,-103.4049355,0.043837267,0.06215477,1849.45,203.0562053,0.04619816,342,,2684.0,2931.0,2544.0,,2275.0,,upstream,oil,7858,NM,True
United States,USA,"IR_2012-2020_tile_-105,30,-90,45_feature_270_source_2",7862,33.17432107,-103.0012808,0.023657203,0.045976522,1852.513514,191.2074184,0.02435225,122,,,3119.0,2794.0,1897.0,2520.0,,upstream,oil,7862,NM,False
United States,USA,"IR_2012-2020_tile_-105,30,-90,45_feature_649_source_1",7867,32.33366924,-103.4180663,0.078365532,0.142529384,1890.52381,117.7556213,0.039176733,426,,,,,1717.0,2268.0,1934.0,upstream,oil,7867,NM,True
United States,USA,"IR_2012-2020_tile_-105,30,-90,45_feature_356_source_0",7868,32.72220022,-103.1990276,0.018732948,0.071014779,1660.179104,214.217453,0.030235733,367,7345.0,2776.0,3056.0,,,,2046.0,upstream,oil,7868,NM,False
United States,USA,"IR_2012-2020_tile_-105,30,-90,45_feature_331_source_1",7870,32.79121914,-104.1847507,0.07377113,0.15307468,1839.846995,138.2117587,0.06638742,321,6275.0,1993.0,2148.0,1719.0,1097.0,1474.0,,upstream,oil,7870,NM,False
United States,USA,"IR_2012-2020_tile_-105,30,-90,45_feature_703_source_0",7872,32.28202727,-104.2533009,0.00623228,0.01131315,1925.015873,213.034947,0.01895123,181,,,,,1068.0,1437.0,1243.0,upstream,oil,7872,NM,True
United States,USA,"IR_2012-2020_tile_-105,30,-90,45_feature_461_source_3",7874,32.55659304,-104.1066261,0.07619541,0.18191519,1888.987179,155.6677917,0.08044503,584,,,2206.0,1769.0,1139.0,1527.0,1300.0,upstream,oil,7874,NM,True
United States,USA,"IR_2012-2020_tile_-105,30,-90,45_feature_957_source_1",7876,32.07799854,-103.7494355,0.027266808,0.037311482,1971.363636,193.5169499,0.049079129,302,6713.0,2346.0,2531.0,2136.0,1393.0,1837.0,1572.0,upstream,oil,7876,NM,True
United States,USA,"IR_2012-2020_tile_-105,30,-90,45_feature_428_source_2",7879,32.63720521,-104.4771273,0.27603969,0.5366727,1850.086614,131.5009729,0.1992946,1474,,,,,1046.0,1409.0,1218.0,upstream,oil,7879,NM,False
United States,USA,"IR_2012-2020_tile_-105,30,-90,45_feature_476_source_2",7890,32.5081385,-103.6148437,0.016532661,0.02780937,1914.27933,168.8995277,0.032245905,324,,,,,,2009.0,1715.0,upstream,oil,7890,NM,True
United States,USA,"IR_2012-2020_tile_-105,30,-90,45_feature_978_source_1",7897,32.0434601,-103.9445612,0.03501296,0.07389092,1920.145631,169.2337045,0.05979615,201,,,,,1269.0,1681.0,1431.0,upstream,oil,7897,NM,True
United States,USA,"IR_2012-2020_tile_-105,30,-90,45_feature_984_source_2",7902,32.06776721,-103.7030115,0.073240826,0.135356161,1845.54698,144.4936059,0.053891468,443,6758.0,2388.0,,2177.0,1431.0,1872.0,1615.0,upstream,oil,7902,NM,True
United States,USA,"IR_2012-2020_tile_-105,30,-90,45_feature_428_source_5",7914,32.62459081,-104.4691359,0.363033,0.6933702,1842.541265,98.15646993,0.1627423,1582,6178.0,,,1657.0,1047.0,1411.0,1220.0,upstream,oil,7914,NM,False
United States,USA,"IR_2012-2020_tile_-105,30,-90,45_feature_940_source_3",7917,32.12342397,-103.5614142,0.12551826,0.23063358,1899.085185,170.9264412,0.12623553,810,,2526.0,2738.0,2360.0,1584.0,2091.0,1788.0,upstream,oil,7917,NM,True
United States,USA,"IR_2012-2020_tile_-105,30,-90,45_feature_521_source_0",7921,32.44288695,-103.5510988,0.05815932,0.13376679,1865.650943,147.2983565,0.072801731,555,6939.0,2529.0,2745.0,2375.0,1596.0,2107.0,,upstream,oil,7921,NM,True
United States,USA,"IR_2012-2020_tile_-105,30,-90,45_feature_974_source_0",7926,32.07940646,-103.9531371,0.059285076,0.123527269,1879.016304,151.39778,0.056256032,361,6497.0,2169.0,2353.0,,,1661.0,1414.0,upstream,oil,7926,NM,True
United States,USA,"IR_2012-2020_tile_-105,30,-90,45_feature_1002_source_1",7939,32.02112467,-103.9685539,0.047954019,0.077535158,1875.08209,139.6436322,0.04821632,209,6480.0,2153.0,2340.0,1911.0,,,,upstream,oil,7939,NM,True
United States,USA,"IR_2012-2020_tile_-105,30,-90,45_feature_863_source_0",7948,32.14989765,-103.0565724,0.213216469,0.55034878,1767.148874,164.494344,0.17898242,1579,7398.0,2814.0,3102.0,2759.0,1869.0,2484.0,2093.0,upstream,oil,7948,NM,False
United States,USA,"IR_2012-2020_tile_-105,30,-90,45_feature_411_source_0",7954,32.62180734,-103.8526278,0.09448991,0.168610463,1864.395904,179.2204781,0.078648255,487,6605.0,,2442.0,2032.0,1334.0,1754.0,,upstream,oil,7954,NM,False
United States,USA,"IR_2012-2020_tile_-105,30,-90,45_feature_733_source_4",7955,32.26898862,-104.0678769,0.015534288,0.029708074,1908.407895,193.2012979,0.031243594,255,6386.0,,,,1158.0,1555.0,1332.0,upstream,oil,7955,NM,True
United States,USA,"IR_2012-2020_tile_-105,30,-90,45_feature_873_source_1",7956,32.15332561,-103.9992862,0.4643423,1.1258702,1808.058662,138.6023737,0.19559717,1526,6455.0,2122.0,2302.0,1874.0,1218.0,1622.0,1385.0,upstream,oil,7956,NM,True
United States,USA,"IR_2012-2020_tile_-105,30,-90,45_feature_332_source_1",7958,32.79497066,-103.4614348,0.007573606,0.014774316,1841.333333,196.2535916,0.014455276,123,7101.0,2638.0,2884.0,,,,,upstream,oil,7958,NM,False
United States,USA,"IR_2012-2020_tile_-105,30,-90,45_feature_623_source_0",7961,32.34022297,-103.7356447,0.024812823,0.049380581,1921.166667,129.5645485,0.034052173,91,6738.0,2372.0,2556.0,2143.0,,,,upstream,oil,7961,NM,True
United States,USA,"IR_2012-2020_tile_-105,30,-90,45_feature_971_source_3",7963,32.07808863,-103.6321209,0.061746344,0.119298633,1888.912833,165.3754614,0.097617228,639,,2442.0,2665.0,2253.0,1503.0,2002.0,1712.0,upstream,oil,7963,NM,True
United States,USA,"IR_2012-2020_tile_-105,30,-90,45_feature_495_source_0",7976,32.46579174,-103.4970425,0.012612081,0.022117707,1886.336538,180.4061982,0.031124238,301,7060.0,,,,,2174.0,1861.0,upstream,oil,7976,NM,True
United States,USA,"IR_2012-2020_tile_-105,30,-90,45_feature_688_source_2",7984,32.29744289,-103.7066683,0.01994617,0.03460306,1852.050926,158.5593188,0.02242486,317,6763.0,,,,1422.0,1879.0,1610.0,upstream,oil,7984,NM,True
United States,USA,"IR_2012-2020_tile_-105,30,-90,45_feature_974_source_2",7988,32.09311301,-103.9544601,0.012366901,0.021683117,1922.471698,201.3471239,0.022981789,187,6508.0,2165.0,2353.0,1925.0,,,,upstream,oil,7988,NM,True
United States,USA,"IR_2012-2020_tile_-105,30,-90,45_feature_697_source_1",7990,32.2822919,-103.5807673,0.053403044,0.079222689,1968.0,129.7399904,0.067444055,232,6880.0,2485.0,2700.0,2336.0,1561.0,2059.0,,upstream,oil,7990,NM,True
United States,USA,"IR_2012-2020_tile_-105,30,-90,45_feature_779_source_0",7997,32.22285159,-103.8129766,0.510875854,1.23930533,1800.433174,137.5422598,0.122779263,1093,,2301.0,2480.0,2073.0,1364.0,1799.0,,upstream,oil,7997,NM,True
United States,USA,"IR_2012-2020_tile_-105,30,-90,45_feature_859_source_2",8001,32.15329281,-104.0884584,0.055619931,0.114616208,1920.253968,131.3695827,0.034802746,272,6353.0,2045.0,,,1149.0,1540.0,,upstream,oil,8001,NM,True
United States,USA,"IR_2012-2020_tile_-105,30,-90,45_feature_473_source_2",8005,32.53523677,-103.5063304,0.044747714,0.037320392,1901.222973,182.7306325,0.061318275,369,7032.0,2582.0,2815.0,2445.0,,2165.0,1852.0,upstream,oil,8005,NM,True
United States,USA,"IR_2012-2020_tile_-105,30,-90,45_feature_1022_source_3",8006,32.00123746,-103.9148452,0.111329541,0.247483124,1833.376068,125.8431887,0.037231387,413,6548.0,,,1967.0,1288.0,1701.0,1447.0,upstream,oil,8006,NM,True
United States,USA,"IR_2012-2020_tile_-105,30,-90,45_feature_860_source_0",8011,32.15364056,-103.8500638,0.037367278,0.071873028,1882.165714,186.5033159,0.048411652,316,,,2446.0,2034.0,1338.0,1761.0,,upstream,oil,8011,NM,True
United States,USA,"IR_2012-2020_tile_-105,30,-90,45_feature_859_source_1",8012,32.16620632,-104.0798004,0.120069358,0.266820994,1848.922034,213.6769239,0.092724295,472,6353.0,,2236.0,1803.0,,1549.0,1324.0,upstream,oil,8012,NM,True
United States,USA,"IR_2012-2020_tile_-105,30,-90,45_feature_924_source_1",8019,32.12476041,-103.8965544,0.051351188,0.103962887,1904.56,173.1372225,0.074331633,755,6557.0,2224.0,,1985.0,1302.0,1719.0,1462.0,upstream,oil,8019,NM,True
United States,USA,"IR_2012-2020_tile_-105,30,-90,45_feature_939_source_2",8021,32.09349238,-104.2457936,0.20300781,0.39250253,1842.143689,156.45409,0.16559757,905,6222.0,1964.0,2121.0,1695.0,1070.0,1440.0,1244.0,upstream,oil,8021,NM,True
United States,USA,"IR_2012-2020_tile_-105,30,-90,45_feature_978_source_0",8023,32.06260217,-103.9309496,0.05671381,0.1175851,1870.816406,172.6218701,0.0827651,778,,,,,1272.0,1686.0,1434.0,upstream,oil,8023,NM,True
United States,USA,"IR_2012-2020_tile_-105,30,-90,45_feature_1007_source_0",8024,32.02402831,-103.5265419,0.04098588,0.10500379,1875.532338,165.4494563,0.02570066,246,,,,2401.0,1614.0,2139.0,1833.0,upstream,oil,8024,NM,True
United States,USA,"IR_2012-2020_tile_-105,30,-90,45_feature_694_source_0",8028,32.29693403,-103.6487443,0.034863559,0.058834146,1900.018868,152.8583005,0.042421776,226,6811.0,2428.0,2632.0,,1486.0,1961.0,1670.0,upstream,oil,8028,NM,True
United States,USA,"IR_2012-2020_tile_-105,30,-90,45_feature_861_source_0",8049,32.16873597,-103.5648749,0.04543859,0.09668276,1898.847826,150.5470557,0.03690018,307,,2501.0,2729.0,2354.0,1579.0,2084.0,1780.0,upstream,oil,8049,NM,True
United States,USA,"IR_2012-2020_tile_-105,30,-90,45_feature_939_source_1",8051,32.09274161,-104.2307675,0.193772742,0.372565306,1868.92069,121.8791541,0.113411777,442,6235.0,1976.0,2121.0,1695.0,,,,upstream,oil,8051,NM,True
United States,USA,"IR_2012-2020_tile_-105,30,-90,45_feature_859_source_4",8059,32.1808075,-104.0639794,0.030702998,0.060941593,1911.765343,181.2391338,0.050412238,436,,,,,1160.0,1557.0,1335.0,upstream,oil,8059,NM,True
United States,USA,"IR_2012-2020_tile_-105,30,-90,45_feature_428_source_1",8060,32.65206106,-104.4780965,0.134924029,0.243489331,1868.816244,148.0826486,0.14620237,1221,,,,,1046.0,1408.0,1217.0,upstream,oil,8060,NM,False
United States,USA,"IR_2012-2020_tile_-105,30,-90,45_feature_834_source_1",8063,32.2091558,-103.9790781,0.131862875,0.239229178,1869.826271,143.3156094,0.066595784,365,6478.0,2141.0,2324.0,1904.0,1236.0,1641.0,,upstream,oil,8063,NM,True
United States,USA,"IR_2012-2020_tile_-105,30,-90,45_feature_957_source_2",8071,32.0653085,-103.7417306,0.020595895,0.032852261,1933.184615,160.3797313,0.038823084,182,6723.0,2354.0,2538.0,2137.0,1396.0,1840.0,,upstream,oil,8071,NM,True
United States,USA,"IR_2012-2020_tile_-105,30,-90,45_feature_983_source_0",8074,32.03482975,-103.8276427,0.010054325,0.01537549,1966.324561,202.7532203,0.02463106,238,,,,,,1785.0,1523.0,upstream,oil,8074,NM,True
United States,USA,"IR_2012-2020_tile_-105,30,-90,45_feature_414_source_1",8078,32.62414585,-103.7957631,0.047401099,0.09017579,1846.0,163.9071653,0.072076768,301,6675.0,2313.0,2494.0,2080.0,,,,upstream,oil,8078,NM,False
United States,USA,"IR_2012-2020_tile_-105,30,-90,45_feature_836_source_1",8079,32.169298,-103.3668924,0.05228019,0.09151786,1863.54902,129.6198031,0.04186953,194,,,,2580.0,1743.0,2309.0,1966.0,upstream,oil,8079,NM,True
United States,USA,"IR_2012-2020_tile_-105,30,-90,45_feature_382_source_0",8082,32.67212797,-104.4270515,0.018846979,0.033377066,1849.771987,135.5569287,0.016793688,374,,,,1661.0,,1415.0,1224.0,upstream,oil,8082,NM,False
United States,USA,"IR_2012-2020_tile_-105,30,-90,45_feature_778_source_0",8085,32.25496773,-104.2079518,0.00993516,0.016961085,1891.883721,168.1926787,0.021446031,180,,,,,1081.0,1460.0,1256.0,upstream,oil,8085,NM,True
United States,USA,"IR_2012-2020_tile_-105,30,-90,45_feature_323_source_0",8088,32.81257689,-103.7766235,0.27454723,0.53256985,1844.484962,166.420412,0.13846134,795,6686.0,2327.0,2510.0,2111.0,,1813.0,1552.0,upstream,oil,8088,NM,False
United States,USA,"IR_2012-2020_tile_-105,30,-90,45_feature_530_source_0",8089,32.44001852,-103.7643946,0.13170582,0.33301194,1842.458861,186.2755247,0.106860391,594,6703.0,2335.0,2513.0,2121.0,1383.0,1825.0,,upstream,oil,8089,NM,True
United States,USA,"IR_2012-2020_tile_-105,30,-90,45_feature_1003_source_2",8098,32.03511852,-103.3067484,0.06447246,0.10516689,1935.535181,160.666301,0.09372517,675,,,2997.0,2630.0,1766.0,2349.0,1998.0,upstream,oil,8098,NM,True
United States,USA,"IR_2012-2020_tile_-105,30,-90,45_feature_810_source_2",8102,32.19246652,-103.5947079,0.10538981,0.16255028,1876.006079,159.5160994,0.07218037,474,6898.0,,,2318.0,1549.0,2040.0,1749.0,upstream,oil,8102,NM,True
United States,USA,"IR_2012-2020_tile_-105,30,-90,45_feature_948_source_0",8106,32.06505878,-104.3592548,0.1059184,0.1841815,1879.780749,149.2896121,0.1084276,1219,,,,,1054.0,1418.0,1227.0,upstream,oil,8106,NM,True
United States,USA,"IR_2012-2020_tile_-105,30,-90,45_feature_936_source_2",8107,32.093779,-103.9881884,0.06945912,0.14753332,1838.535211,168.6111312,0.048073796,249,,2136.0,2317.0,1886.0,,,1396.0,upstream,oil,8107,NM,True
United States,USA,"IR_2012-2020_tile_-105,30,-90,45_feature_359_source_0",8119,32.70150035,-103.986053,0.099132945,0.181930034,1891.752941,153.1765921,0.09916829,431,6472.0,2134.0,2307.0,,,,,upstream,oil,8119,NM,False
United States,USA,"IR_2012-2020_tile_-105,30,-90,45_feature_861_source_2",8125,32.16663414,-103.5791887,0.062843976,0.125663335,1826.729412,111.7693411,0.034181382,162,,2501.0,2718.0,,,2061.0,,upstream,oil,8125,NM,True
United States,USA,"IR_2012-2020_tile_-105,30,-90,45_feature_720_source_0",8128,32.30533932,-104.1531934,0.0421886,0.06500643,1859.607004,184.2173613,0.05357491,465,,,2170.0,1734.0,1110.0,1488.0,1269.0,upstream,oil,8128,NM,True
United States,USA,"IR_2012-2020_tile_-105,30,-90,45_feature_1002_source_0",8132,32.0192273,-103.9788537,0.052453285,0.091859817,1868.85,154.8874672,0.041023496,317,6480.0,2153.0,2332.0,1911.0,,1642.0,1400.0,upstream,oil,8132,NM,True
United States,USA,"IR_2012-2020_tile_-105,30,-90,45_feature_547_source_0",8133,32.42319485,-103.6381781,0.021149883,0.036455266,1949.459459,178.1652631,0.037137474,259,6822.0,,2642.0,2248.0,,,1681.0,upstream,oil,8133,NM,True
United States,USA,"IR_2012-2020_tile_-105,30,-90,45_feature_1001_source_1",8138,32.04024967,-104.2318252,0.189373943,0.470986851,1800.951542,149.8529744,0.094533434,426,6236.0,1972.0,2124.0,,,1448.0,,upstream,oil,8138,NM,True
United States,USA,"IR_2012-2020_tile_-105,30,-90,45_feature_438_source_0",8143,32.60781641,-103.5945577,0.013295456,0.02582127,1883.866197,183.1043045,0.02244155,280,,,,,1547.0,2041.0,1750.0,upstream,oil,8143,NM,False
United States,USA,"IR_2012-2020_tile_-105,30,-90,45_feature_749_source_0",8149,32.24340412,-103.8873539,0.059693307,0.1192409,1900.526316,149.6912629,0.061381247,344,6566.0,2226.0,2417.0,1998.0,,,,upstream,oil,8149,NM,True
United States,USA,"IR_2012-2020_tile_-105,30,-90,45_feature_1006_source_1",8151,32.01907538,-103.6562779,0.011438548,0.02277181,1912.810127,157.3612369,0.02764073,244,,,2625.0,2220.0,,1955.0,1664.0,upstream,oil,8151,NM,True
United States,USA,"IR_2012-2020_tile_-105,30,-90,45_feature_913_source_0",8157,32.10167046,-103.7403172,0.082229433,0.162066038,1887.984615,168.1396391,0.109585504,586,6729.0,2353.0,2542.0,,,1833.0,1567.0,upstream,oil,8157,NM,True
United States,USA,"IR_2012-2020_tile_-105,30,-90,45_feature_784_source_0",8158,32.22666865,-104.1347777,0.06111335,0.1461141,1863.19,160.4095609,0.07930519,676,6312.0,2017.0,2189.0,1747.0,1120.0,1498.0,1281.0,upstream,oil,8158,NM,True
United States,USA,"IR_2012-2020_tile_-105,30,-90,45_feature_396_source_0",8171,32.6550095,-103.8960576,0.174048083,0.3869738,1879.462353,162.8763201,0.161984217,1270,6556.0,2222.0,2404.0,1984.0,1301.0,1718.0,1461.0,upstream,oil,8171,NM,False
United States,USA,"IR_2012-2020_tile_-105,30,-90,45_feature_311_source_0",8180,32.86218645,-104.0209514,0.029543701,0.048770726,1916.172414,145.784458,0.03969854,182,6431.0,,2278.0,,,,,upstream,oil,8180,NM,False
United States,USA,"IR_2012-2020_tile_-105,30,-90,45_feature_888_source_1",8185,32.1386667,-103.6687135,0.032686327,0.045096963,2001.870968,145.1570322,0.059333863,228,6790.0,,2596.0,2200.0,1467.0,1936.0,,upstream,oil,8185,NM,True
United States,USA,"IR_2012-2020_tile_-105,30,-90,45_feature_617_source_1",8191,32.35599774,-103.467185,0.082568653,0.18185111,1862.630841,178.129558,0.06817931,393,,2615.0,2868.0,2481.0,,2212.0,1896.0,upstream,oil,8191,NM,True
United States,USA,"IR_2012-2020_tile_-105,30,-90,45_feature_786_source_2",8192,32.22624636,-103.573779,0.12080257,0.28920444,1847.239264,151.2237539,0.100414288,738,6886.0,2486.0,2735.0,2359.0,1570.0,2067.0,1770.0,upstream,oil,8192,NM,True
United States,USA,"IR_2012-2020_tile_-105,30,-90,45_feature_662_source_2",8197,32.34029362,-104.0528165,0.148628619,0.32782187,1857.191964,113.8340691,0.055140689,513,,,,,,,1342.0,upstream,oil,8197,NM,True
United States,USA,"IR_2012-2020_tile_-105,30,-90,45_feature_655_source_3",8198,32.34564686,-104.2047019,0.03633864,0.09366902,1790.829932,181.1312289,0.033261493,217,,,,,1086.0,1463.0,1257.0,upstream,oil,8198,NM,True
United States,USA,"IR_2012-2020_tile_-105,30,-90,45_feature_786_source_0",8200,32.23092522,-103.5614031,0.11706234,0.229759381,1874.928571,172.0290228,0.102822948,526,6925.0,2523.0,2735.0,2359.0,1570.0,2129.0,1792.0,upstream,oil,8200,NM,True
United States,USA,"IR_2012-2020_tile_-105,30,-90,45_feature_732_source_2",8209,32.25645943,-104.1210845,0.02795798,0.05908986,1898.068627,182.373607,0.05849587,466,,,2199.0,1760.0,1128.0,1511.0,1292.0,upstream,oil,8209,NM,True
United States,USA,"IR_2012-2020_tile_-105,30,-90,45_feature_704_source_1",8210,32.27675802,-103.9431224,0.16700545,0.31777359,1854.677419,152.7292063,0.07581989,643,,,,1937.0,1268.0,1680.0,1423.0,upstream,oil,8210,NM,True
United States,USA,"IR_2012-2020_tile_-105,30,-90,45_feature_824_source_4",8214,32.22240125,-104.0511113,0.035329138,0.067298561,1840.83871,120.4185166,0.03428163,174,6406.0,2084.0,2253.0,1825.0,,,,upstream,oil,8214,NM,True
United States,USA,"IR_2012-2020_tile_-105,30,-90,45_feature_998_source_0",8227,32.05093472,-103.8779003,0.198977225,0.381155662,1910.271472,144.7006586,0.14393939,1023,6580.0,2235.0,2421.0,2007.0,1315.0,1731.0,1476.0,upstream,oil,8227,NM,True
United States,USA,"IR_2012-2020_tile_-105,30,-90,45_feature_446_source_3",8228,32.566078,-103.4954428,0.019046435,0.034970851,1891.463415,192.6736274,0.03360792,156,,2587.0,2828.0,2458.0,,,,upstream,oil,8228,NM,True
United States,USA,"IR_2012-2020_tile_-105,30,-90,45_feature_697_source_4",8232,32.28350911,-103.5634002,0.090149823,0.185944445,1852.788462,168.4773822,0.077428813,304,6924.0,2536.0,,2353.0,,,,upstream,oil,8232,NM,True
United States,USA,"IR_2012-2020_tile_-105,30,-90,45_feature_716_source_1",8238,32.26860024,-103.4454844,0.009422268,0.01532696,1950.067568,207.5132253,0.02134218,217,7119.0,,,,,2239.0,,upstream,oil,8238,NM,True
United States,USA,"IR_2012-2020_tile_-105,30,-90,45_feature_359_source_1",8245,32.70972236,-104.0009515,0.097451552,0.189015585,1859.763158,132.7961802,0.067064421,270,6453.0,2134.0,,,,,,upstream,oil,8245,NM,False
United States,USA,"IR_2012-2020_tile_-105,30,-90,45_feature_619_source_0",8246,32.34993123,-103.5841051,0.045307729,0.101865994,1824.978947,144.1902967,0.040383105,280,,2493.0,2707.0,2331.0,1553.0,2048.0,1760.0,upstream,oil,8246,NM,True
United States,USA,"IR_2012-2020_tile_-105,30,-90,45_feature_701_source_0",8248,32.28444718,-104.0043969,0.11309763,0.22711898,1860.549085,131.0697875,0.08830654,850,,,2298.0,1871.0,1213.0,1617.0,1379.0,upstream,oil,8248,NM,True
United States,USA,"IR_2012-2020_tile_-105,30,-90,45_feature_733_source_2",8249,32.24294672,-104.0356955,0.085033815,0.179396711,1878.100324,176.8571351,0.091417373,641,,2091.0,2265.0,1838.0,1183.0,1586.0,1353.0,upstream,oil,8249,NM,True
United States,USA,"IR_2012-2020_tile_-105,30,-90,45_feature_567_source_0",8252,32.40111257,-103.5361056,0.050785048,0.09170925,1895.054545,171.434633,0.07381848,350,6967.0,2549.0,2765.0,2406.0,,,,upstream,oil,8252,NM,True
United States,USA,"IR_2012-2020_tile_-105,30,-90,45_feature_324_source_1",8254,32.85362299,-103.8677307,0.214189565,0.528602455,1808.486692,133.3400083,0.08695652,437,6587.0,2247.0,2432.0,2019.0,1323.0,1743.0,,upstream,oil,8254,NM,False
United States,USA,"IR_2012-2020_tile_-105,30,-90,45_feature_867_source_0",8255,32.15405402,-103.9534123,0.191522287,0.374706154,1909.406897,114.9994601,0.089617525,436,6502.0,2167.0,2352.0,1929.0,1256.0,1667.0,,upstream,oil,8255,NM,True
United States,USA,"IR_2012-2020_tile_-105,30,-90,45_feature_1054_source_4",8260,32.01817959,-103.6268293,0.06403911,0.1203423,1884.988909,162.4736232,0.09339934,899,,,2658.0,,1511.0,1990.0,1699.0,upstream,oil,8260,NM,True
United States,USA,"IR_2012-2020_tile_-105,30,-90,45_feature_655_source_0",8262,32.33097899,-104.2192193,0.013284177,0.022031369,1910.666667,168.891451,0.032106787,263,,,,,1076.0,1452.0,1253.0,upstream,oil,8262,NM,True
United States,USA,"IR_2012-2020_tile_-105,30,-90,45_feature_926_source_1",8264,32.08152255,-103.3026602,0.22966363,0.37404585,1838.578288,107.55942,0.05985104,554,,,,,1768.0,2351.0,2001.0,upstream,oil,8264,NM,True
United States,USA,"IR_2012-2020_tile_-105,30,-90,45_feature_331_source_0",8268,32.78734968,-104.1989237,0.030764878,0.050098477,1923.590909,180.9987843,0.044763952,172,6260.0,1987.0,2148.0,1712.0,,,,upstream,oil,8268,NM,False
United States,USA,"IR_2012-2020_tile_-105,30,-90,45_feature_321_source_0",8270,32.84259256,-103.3433526,0.0241335,0.047046,1880.285156,155.8141945,0.0377246,410,,,,,,2328.0,1979.0,upstream,oil,8270,NM,False
United States,USA,"IR_2012-2020_tile_-105,30,-90,45_feature_1000_source_1",8271,32.03651472,-103.582993,0.09860164,0.2776653,1852.052356,183.8746748,0.1554764,1162,,2489.0,2704.0,2325.0,1558.0,2056.0,1761.0,upstream,oil,8271,NM,True
United States,USA,"IR_2012-2020_tile_-105,30,-90,45_feature_861_source_3",8274,32.15101637,-103.5680615,0.039995317,0.074763082,1935.291262,171.1476187,0.03953279,335,6927.0,2525.0,2737.0,2345.0,1571.0,2073.0,1775.0,upstream,oil,8274,NM,True
United States,USA,"IR_2012-2020_tile_-105,30,-90,45_feature_810_source_3",8279,32.20069225,-103.6059342,0.078737868,0.187458181,1880.470852,156.9627867,0.054926853,320,6852.0,2459.0,,,1534.0,2021.0,1729.0,upstream,oil,8279,NM,True
United States,USA,"IR_2012-2020_tile_-105,30,-90,45_feature_783_source_0",8283,32.22095472,-104.0810163,0.017100877,0.028308317,1897.037736,173.978958,0.023188471,147,,2059.0,2226.0,1809.0,,1547.0,,upstream,oil,8283,NM,True
United States,USA,"IR_2012-2020_tile_-105,30,-90,45_feature_285_source_1",8292,33.10216207,-103.044765,0.014908978,0.033017502,1902.597345,183.3398406,0.03860656,394,,,,,,2495.0,2099.0,upstream,oil,8292,NM,False
United States,USA,"IR_2012-2020_tile_-105,30,-90,45_feature_648_source_0",8297,32.32675951,-104.3292084,0.03497205,0.0514525,1885.787149,132.2774515,0.0287577,299,,,,,1055.0,1421.0,1230.0,upstream,oil,8297,NM,True
United States,USA,"IR_2012-2020_tile_-105,30,-90,45_feature_655_source_1",8299,32.32121525,-104.1875935,0.022904583,0.030111831,1880.564626,159.4103535,0.026571421,189,,,,,1093.0,1471.0,,upstream,oil,8299,NM,True
United States,USA,"IR_2012-2020_tile_-105,30,-90,45_feature_400_source_0",8310,32.65130414,-103.5653517,0.006970586,0.011597967,1915.648352,182.1737713,0.016110265,182,,,,,1578.0,2083.0,,upstream,oil,8310,NM,False
United States,USA,"IR_2012-2020_tile_-105,30,-90,45_feature_431_source_1",8318,32.60094776,-104.0385451,0.018935759,0.024421587,2019.192308,149.6953366,0.040522872,159,6416.0,,,1837.0,,,,upstream,oil,8318,NM,False
United States,USA,"IR_2012-2020_tile_-105,30,-90,45_feature_900_source_1",8321,32.12052897,-103.4572028,0.017667411,0.028974539,1967.45098,168.33502,0.022402723,226,,,,,,2226.0,1900.0,upstream,oil,8321,NM,True
United States,USA,"IR_2012-2020_tile_-105,30,-90,45_feature_827_source_0",8327,32.17814024,-103.174772,0.7741936,1.8566926,1828.027237,110.6063551,0.1054194,760,7364.0,2788.0,3065.0,2708.0,1824.0,2427.0,2055.0,upstream,oil,8327,NM,False
United States,USA,"IR_2012-2020_tile_-105,30,-90,45_feature_734_source_0",8329,32.25411982,-104.3075017,0.009744129,0.029023047,1819.173913,276.7278764,0.02396951,204,,,,,1061.0,1429.0,,upstream,oil,8329,NM,True
United States,USA,"IR_2012-2020_tile_-105,30,-90,45_feature_326_source_0",8330,32.84303193,-103.9484967,0.049735166,0.112279737,1885.726619,157.4502916,0.049093703,406,6510.0,2173.0,2356.0,1928.0,1259.0,1669.0,1419.0,upstream,oil,8330,NM,False
United States,USA,"IR_2012-2020_tile_-105,30,-90,45_feature_1006_source_4",8331,32.04995257,-103.6863599,0.06681871,0.17066854,1844.018182,206.6891817,0.07504514,151,6788.0,2409.0,2603.0,2202.0,,1905.0,1628.0,upstream,oil,8331,NM,True
United States,USA,"IR_2012-2020_tile_-105,30,-90,45_feature_688_source_1",8334,32.28182157,-103.6987451,0.059428123,0.09139084,1881.726708,137.6283134,0.07084782,370,6763.0,2390.0,2581.0,2183.0,,1893.0,1618.0,upstream,oil,8334,NM,True
United States,USA,"IR_2012-2020_tile_-105,30,-90,45_feature_780_source_0",8335,32.21404025,-103.7096779,0.23902823,0.40727038,1923.705094,123.9216676,0.13520869,1422,6746.0,,,2171.0,1423.0,1880.0,1602.0,upstream,oil,8335,NM,True
United States,USA,"IR_2012-2020_tile_-105,30,-90,45_feature_341_source_0",8339,32.76338368,-104.0092221,0.074147681,0.116409353,1885.923469,149.5068057,0.058889401,353,6448.0,2118.0,2295.0,1869.0,,,,upstream,oil,8339,NM,False
United States,USA,"IR_2012-2020_tile_-105,30,-90,45_feature_461_source_2",8343,32.54881138,-104.120473,0.04556165,0.105496727,1860.511765,147.7469712,0.031857672,267,6321.0,,,,1133.0,1516.0,1291.0,upstream,oil,8343,NM,True
United States,USA,"IR_2012-2020_tile_-105,30,-90,45_feature_815_source_0",8344,32.17978055,-104.0127752,0.055280032,0.113268903,1888.115556,148.2316355,0.05693689,334,,,,1862.0,1201.0,1605.0,,upstream,oil,8344,NM,True
United States,USA,"IR_2012-2020_tile_-105,30,-90,45_feature_902_source_2",8348,32.10674846,-104.0657527,0.005001392,0.00956258,1868.070175,160.6802272,0.020549492,182,,,,1810.0,1161.0,1558.0,,upstream,oil,8348,NM,True
United States,USA,"IR_2012-2020_tile_-105,30,-90,45_feature_848_source_0",8349,32.16695555,-103.3376476,0.041531318,0.07244024,1908.918149,137.4129698,0.035418215,387,,,,,,2333.0,1985.0,upstream,oil,8349,NM,True
United States,USA,"IR_2012-2020_tile_-105,30,-90,45_feature_634_source_3",8354,32.34583874,-103.8320401,0.09944506,0.219669446,1888.247093,135.4892727,0.079133271,530,6634.0,2275.0,2463.0,2053.0,,1780.0,1517.0,upstream,oil,8354,NM,True
United States,USA,"IR_2012-2020_tile_-105,30,-90,45_feature_649_source_0",8361,32.34245106,-103.4293894,0.015188075,0.031391741,1926.457746,163.0291006,0.026526768,233,,,,2523.0,1706.0,2268.0,,upstream,oil,8361,NM,True
United States,USA,"IR_2012-2020_tile_-105,30,-90,45_feature_536_source_0",8362,32.42178166,-103.1436639,0.073732283,0.128962688,1847.202353,166.2759761,0.04875035,659,7380.0,2798.0,3074.0,2722.0,1838.0,2446.0,2067.0,upstream,oil,8362,NM,False
United States,USA,"IR_2012-2020_tile_-105,30,-90,45_feature_426_source_0",8375,32.60966505,-103.8905299,0.076779387,0.163858677,1874.70438,185.6510448,0.0842724,535,6562.0,2223.0,2409.0,1992.0,1308.0,1723.0,1468.0,upstream,oil,8375,NM,False
United States,USA,"IR_2012-2020_tile_-105,30,-90,45_feature_568_source_2",8376,32.40027209,-103.4431855,0.004081873,0.00819089,1909.816327,164.8278847,0.01614594,157,,,,,1693.0,2238.0,1910.0,upstream,oil,8376,NM,True
United States,USA,"IR_2012-2020_tile_-105,30,-90,45_feature_826_source_1",8379,32.19393174,-103.8291334,0.072743843,0.152640109,1856.588652,186.3957915,0.057656765,220,6635.0,,,2057.0,,,,upstream,oil,8379,NM,True
United States,USA,"IR_2012-2020_tile_-105,30,-90,45_feature_794_source_0",8390,32.21011662,-103.9009136,0.04251543,0.0721933,1946.293103,196.9626263,0.05657854,219,6551.0,2212.0,,1980.0,,,,upstream,oil,8390,NM,True
United States,USA,"IR_2012-2020_tile_-105,30,-90,45_feature_836_source_0",8392,32.18487296,-103.3571744,0.290816874,0.653135809,1845.617647,122.8222238,0.059348076,635,,,,,,,1972.0,upstream,oil,8392,NM,True
United States,USA,"IR_2012-2020_tile_-105,30,-90,45_feature_793_source_0",8393,32.21061361,-104.174289,0.039066005,0.088596404,1909.522388,152.1381058,0.053847446,463,,,2161.0,1722.0,1100.0,1478.0,,upstream,oil,8393,NM,True
United States,USA,"IR_2012-2020_tile_-105,30,-90,45_feature_564_source_3",8394,32.43497005,-103.6740557,0.015553261,0.023542375,1936.542373,153.4743751,0.027805243,126,6784.0,,,2205.0,,1935.0,,upstream,oil,8394,NM,True
United States,USA,"IR_2012-2020_tile_-105,30,-90,45_feature_716_source_2",8412,32.28349484,-103.4639556,0.006291145,0.010871466,1922.483871,162.0784101,0.017737146,147,,,,,,2218.0,1897.0,upstream,oil,8412,NM,True
United States,USA,"IR_2012-2020_tile_-105,30,-90,45_feature_546_source_0",8416,32.42001568,-103.7375157,0.0602331,0.14191198,1856.066496,129.0993419,0.05640578,530,6728.0,2360.0,2540.0,2145.0,1399.0,1845.0,1578.0,upstream,oil,8416,NM,True
United States,USA,"IR_2012-2020_tile_-105,30,-90,45_feature_358_source_0",8428,32.7187515,-104.0946056,0.02712104,0.04531467,1897.252747,182.7064095,0.04362358,457,,,,,1146.0,1537.0,1312.0,upstream,oil,8428,NM,False
United States,USA,"IR_2012-2020_tile_-105,30,-90,45_feature_473_source_0",8430,32.53673043,-103.5222113,0.031956406,0.05906764,1896.516129,156.9204382,0.038043048,172,7002.0,,2815.0,2445.0,,,,upstream,oil,8430,NM,True
United States,USA,"IR_2012-2020_tile_-105,30,-90,45_feature_568_source_1",8443,32.41287054,-103.4492628,0.006671913,0.01083683,1939.42,167.6575188,0.02013306,163,,,,,,,,upstream,oil,8443,NM,True
United States,USA,"IR_2012-2020_tile_-105,30,-90,45_feature_365_source_0",8470,32.72572746,-104.4970036,0.002336791,0.00403582,1951.0,141.5682011,0.011379843,105,,,,,,,1216.0,upstream,oil,8470,NM,False
United States,USA,"IR_2012-2020_tile_-105,30,-90,45_feature_648_source_1",8473,32.32711509,-104.3124779,0.011000492,0.01606751,1986.946429,167.0545697,0.023950092,203,6200.0,1949.0,,,,1426.0,1233.0,upstream,oil,8473,NM,True
United States,USA,"IR_2012-2020_tile_-105,30,-90,45_feature_939_source_0",8474,32.08037588,-104.2195647,0.056416175,0.107702943,1879.390411,163.0539609,0.053140458,295,6249.0,1980.0,2129.0,1703.0,,,,upstream,oil,8474,NM,True
United States,USA,"IR_2012-2020_tile_-105,30,-90,45_feature_716_source_0",8479,32.2842314,-103.4432158,0.009964229,0.017845548,1907.75,175.2356322,0.02084911,220,7119.0,,,2510.0,1700.0,2244.0,1917.0,upstream,oil,8479,NM,True
United States,USA,"IR_2012-2020_tile_-105,30,-90,45_feature_470_source_0",8489,32.50194911,-104.0614365,0.043954413,0.081084032,1874.855422,147.0882149,0.043380127,226,6390.0,2073.0,2250.0,1814.0,,,,upstream,oil,8489,NM,True
United States,USA,"IR_2012-2020_tile_-105,30,-90,45_feature_984_source_0",8496,32.08038743,-103.7267191,0.041869992,0.086918707,1847.986877,179.8913709,0.048492723,529,,,,,,1859.0,1589.0,upstream,oil,8496,NM,True
United States,USA,"IR_2012-2020_tile_-105,30,-90,45_feature_873_source_0",8497,32.1539194,-104.0162071,0.2040804,0.43258595,1840.992322,162.9946125,0.11801671,758,6438.0,2109.0,2288.0,1857.0,1202.0,1606.0,1370.0,upstream,oil,8497,NM,True
United States,USA,"IR_2012-2020_tile_-105,30,-90,45_feature_398_source_0",8501,32.66180325,-104.1557175,0.198199607,0.38169417,1828.965116,138.2626059,0.1137516,946,6293.0,2003.0,2169.0,1732.0,1109.0,1487.0,1267.0,upstream,oil,8501,NM,False
United States,USA,"IR_2012-2020_tile_-105,30,-90,45_feature_969_source_0",8511,32.04841189,-104.049812,0.048887925,0.109854994,1829.424242,182.8499186,0.054948845,472,6409.0,,,,,1578.0,1348.0,upstream,oil,8511,NM,True
United States,USA,"IR_2012-2020_tile_-105,30,-90,45_feature_332_source_0",8512,32.78729268,-103.4511444,0.013607293,0.018304025,1977.058824,95.21212885,0.024222735,114,7112.0,2638.0,2884.0,,,,,upstream,oil,8512,NM,False
United States,USA,"IR_2012-2020_tile_-105,30,-90,45_feature_361_source_0",8516,32.71589287,-104.4450198,0.060366141,0.110849822,1841.446309,177.7619217,0.074848047,602,6179.0,1936.0,,,1050.0,1414.0,1222.0,upstream,oil,8516,NM,False
United States,USA,"IR_2012-2020_tile_-105,30,-90,45_feature_669_source_1",8521,32.30097372,-103.6800914,0.024977281,0.046171187,1878.314655,157.2931596,0.026979033,297,,,,,1447.0,1910.0,1633.0,upstream,oil,8521,NM,True
United States,USA,"IR_2012-2020_tile_-105,30,-90,45_feature_895_source_4",8526,32.15176784,-103.756549,0.094840445,0.236787971,1841.402299,194.8316963,0.07380741,192,6718.0,2339.0,,,,,,upstream,oil,8526,NM,True
United States,USA,"IR_2012-2020_tile_-105,30,-90,45_feature_886_source_1",8527,32.15661657,-104.0467784,0.0502625,0.09221403,1847.425676,160.5240191,0.03414469,230,,,,1831.0,1176.0,1576.0,,upstream,oil,8527,NM,True
United States,USA,"IR_2012-2020_tile_-105,30,-90,45_feature_329_source_2",8533,32.80400372,-104.1462583,0.161697718,0.352357351,1843.695364,149.1529058,0.132942542,594,6302.0,2013.0,2182.0,1741.0,1115.0,1494.0,,upstream,oil,8533,NM,False
United States,USA,"IR_2012-2020_tile_-105,30,-90,45_feature_705_source_1",8542,32.30055149,-103.9075424,0.053452476,0.10946009,1803.983333,136.4103481,0.029619186,79,,,,1979.0,1300.0,1716.0,1446.0,upstream,oil,8542,NM,True
United States,USA,"IR_2012-2020_tile_-105,30,-90,45_feature_383_source_0",8543,32.68079992,-103.9301043,0.033019772,0.067288274,1857.153846,160.9653791,0.044384298,184,6527.0,2174.0,,1946.0,,,,upstream,oil,8543,NM,False
United States,USA,"IR_2012-2020_tile_-105,30,-90,45_feature_414_source_0",8546,32.62466542,-103.7716613,0.081882957,0.128673583,1906.11465,158.1845237,0.111188048,503,6694.0,2331.0,2512.0,2118.0,,,,upstream,oil,8546,NM,False
United States,USA,"IR_2012-2020_tile_-105,30,-90,45_feature_634_source_0",8550,32.37431358,-103.8268421,0.042375815,0.0817785,1942.05814,158.2063235,0.067970071,386,6633.0,2284.0,2461.0,2056.0,,,,upstream,oil,8550,NM,True
United States,USA,"IR_2012-2020_tile_-105,30,-90,45_feature_335_source_1",8551,32.78816446,-104.2697146,0.035205216,0.147418451,1945.45045,145.7467097,0.033176711,185,6212.0,1959.0,,1686.0,,,,upstream,oil,8551,NM,False
United States,USA,"IR_2012-2020_tile_-105,30,-90,45_feature_578_source_1",8557,32.38021306,-103.8846626,0.167143489,0.420080014,1848.166966,148.7052045,0.074272062,723,,,,2002.0,1310.0,1727.0,1470.0,upstream,oil,8557,NM,True
United States,USA,"IR_2012-2020_tile_-105,30,-90,45_feature_742_source_1",8558,32.24662647,-103.5022902,0.013203167,0.026066298,1881.904,180.0916844,0.022440168,256,,,,,1641.0,2167.0,1866.0,upstream,oil,8558,NM,True
United States,USA,"IR_2012-2020_tile_-105,30,-90,45_feature_409_source_3",8562,32.63502344,-104.1369409,0.03346663,0.06598003,1868.315315,159.5612217,0.033069921,383,,,,,1118.0,1497.0,1278.0,upstream,oil,8562,NM,False
United States,USA,"IR_2012-2020_tile_-105,30,-90,45_feature_446_source_2",8574,32.55756729,-103.4982721,0.012175936,0.019974419,1897.846154,159.8621606,0.020200649,148,,2588.0,2828.0,,,,1860.0,upstream,oil,8574,NM,True
United States,USA,"IR_2012-2020_tile_-105,30,-90,45_feature_868_source_0",8577,32.13589147,-103.3002848,0.127761,0.2232848,1866.528634,102.5967162,0.0439321,525,,,,,,2355.0,2004.0,upstream,oil,8577,NM,True
United States,USA,"IR_2012-2020_tile_-105,30,-90,45_feature_728_source_0",8580,32.28595947,-103.7925828,0.011677638,0.017807021,1930.72,185.0302721,0.02318864,126,,,2497.0,,,,,upstream,oil,8580,NM,True
United States,USA,"IR_2012-2020_tile_-105,30,-90,45_feature_851_source_1",8582,32.17376027,-103.628088,0.014387692,0.024640762,1958.409091,172.5232068,0.025258817,190,,2435.0,,,1510.0,1988.0,1697.0,upstream,oil,8582,NM,True
United States,USA,"IR_2012-2020_tile_-105,30,-90,45_feature_810_source_1",8585,32.19684541,-103.6350084,0.09873236,0.256704047,1887.993865,173.7383795,0.093621456,440,6832.0,2441.0,2643.0,,,,,upstream,oil,8585,NM,True
United States,USA,"IR_2012-2020_tile_-105,30,-90,45_feature_703_source_2",8596,32.29786231,-104.2354855,0.003547146,0.006555898,1913.447368,233.6806973,0.01591322,149,,,,,,1446.0,,upstream,oil,8596,NM,True
United States,USA,"IR_2012-2020_tile_-105,30,-90,45_feature_329_source_0",8605,32.80919197,-104.1234528,0.142934027,0.288281074,1866.658273,176.7118182,0.142222467,587,6320.0,2028.0,2187.0,1754.0,1131.0,1514.0,,upstream,oil,8605,NM,False
United States,USA,"IR_2012-2020_tile_-105,30,-90,45_feature_924_source_0",8610,32.14170311,-103.9240543,0.022867943,0.045933306,1804.944444,127.450196,0.020421892,135,,,,,,1685.0,,upstream,oil,8610,NM,True
United States,USA,"IR_2012-2020_tile_-105,30,-90,45_feature_1000_source_0",8618,32.05888118,-103.6043206,0.038658605,0.091036874,1870.78607,155.7021618,0.044272768,371,6856.0,2468.0,,,,,1737.0,upstream,oil,8618,NM,True
United States,USA,"IR_2012-2020_tile_-105,30,-90,45_feature_927_source_1",8628,32.06478594,-103.6658083,0.022369476,0.037066028,1903.28125,180.0831812,0.029479001,177,6794.0,2442.0,2621.0,,,,,upstream,oil,8628,NM,True
United States,USA,"IR_2012-2020_tile_-105,30,-90,45_feature_383_source_3",8637,32.6877562,-103.9616402,0.142685335,0.29661208,1825.768473,131.2964366,0.070160128,518,6506.0,,2338.0,1913.0,1248.0,1658.0,,upstream,oil,8637,NM,False
United States,USA,"IR_2012-2020_tile_-105,30,-90,45_feature_940_source_4",8642,32.09272021,-103.5554109,0.13718045,0.284556874,1812.78203,162.8392552,0.13179408,891,6952.0,2532.0,2740.0,2370.0,1587.0,2092.0,,upstream,oil,8642,NM,True
United States,USA,"IR_2012-2020_tile_-105,30,-90,45_feature_904_source_0",8645,32.12442389,-103.3878084,0.091751423,0.15492635,1870.372754,167.5249565,0.09777746,1013,7208.0,2690.0,,2565.0,1731.0,2293.0,1953.0,upstream,oil,8645,NM,True
United States,USA,"IR_2012-2020_tile_-105,30,-90,45_feature_720_source_1",8647,32.32232511,-104.1557361,0.019807849,0.030666998,1897.321918,173.1646985,0.035169372,264,,,2170.0,1733.0,1106.0,1485.0,,upstream,oil,8647,NM,True
United States,USA,"IR_2012-2020_tile_-105,30,-90,45_feature_824_source_7",8650,32.21953332,-104.033238,0.05938763,0.13504795,1849.115274,165.6648068,0.0705493,537,,2098.0,2267.0,1841.0,1188.0,1590.0,1358.0,upstream,oil,8650,NM,True
United States,USA,"IR_2012-2020_tile_-105,30,-90,45_feature_324_source_3",8656,32.85001531,-103.8850188,0.10571347,0.245084835,1869.109524,154.7802818,0.082154428,403,6555.0,2229.0,2432.0,2001.0,,,,upstream,oil,8656,NM,False
United States,USA,"IR_2012-2020_tile_-105,30,-90,45_feature_751_source_2",8657,32.25487554,-103.3935885,0.022526832,0.039300129,1876.744186,175.3296023,0.037426799,353,,,,,1725.0,2284.0,1946.0,upstream,oil,8657,NM,True
United States,USA,"IR_2012-2020_tile_-105,30,-90,45_feature_902_source_0",8667,32.10960968,-104.0971754,0.02490867,0.054324721,1885.371901,170.3444315,0.037697713,218,6359.0,,,1779.0,1145.0,1533.0,,upstream,oil,8667,NM,True
United States,USA,"IR_2012-2020_tile_-105,30,-90,45_feature_733_source_3",8671,32.25418184,-104.0480976,0.049734736,0.103154646,1824.764706,145.8545209,0.03986035,303,,,,,1163.0,1575.0,1347.0,upstream,oil,8671,NM,True
United States,USA,"IR_2012-2020_tile_-105,30,-90,45_feature_759_source_6",8679,32.27983501,-103.6265531,0.010621109,0.02863112,1755.81,258.930867,0.016312483,184,,2456.0,,,,,1696.0,upstream,oil,8679,NM,True
United States,USA,"IR_2012-2020_tile_-105,30,-90,45_feature_645_source_1",8684,32.32666214,-103.6304113,0.035306326,0.064465378,1877.54386,156.1857947,0.03455383,174,,2449.0,,,,,,upstream,oil,8684,NM,True
United States,USA,"IR_2012-2020_tile_-105,30,-90,45_feature_704_source_2",8689,32.26674814,-103.9132144,0.04072909,0.087805781,1865.334802,164.8818367,0.048002318,362,,2203.0,,1965.0,1286.0,1699.0,,upstream,oil,8689,NM,True
United States,USA,"IR_2012-2020_tile_-105,30,-90,45_feature_368_source_2",8691,32.70656176,-104.1218323,0.00659067,0.01239607,1893.555556,169.933809,0.01981636,195,,,,,1125.0,1508.0,1290.0,upstream,oil,8691,NM,False
United States,USA,"IR_2012-2020_tile_-105,30,-90,45_feature_490_source_1",8694,32.48753305,-103.4368089,0.012937581,0.02187842,1907.387755,141.0801359,0.01808117,187,,,,,1702.0,2247.0,1918.0,upstream,oil,8694,NM,True
United States,USA,"IR_2012-2020_tile_-105,30,-90,45_feature_910_source_0",8697,32.12204998,-104.2134109,0.033485193,0.061978443,1800.654545,151.5146819,0.032688874,124,6234.0,1975.0,2137.0,,1078.0,1455.0,,upstream,oil,8697,NM,True
United States,USA,"IR_2012-2020_tile_-105,30,-90,45_feature_834_source_0",8698,32.19887862,-103.9779028,0.208160923,0.452905161,1806.108225,121.7753999,0.07797626,335,6478.0,2141.0,2324.0,1904.0,,,,upstream,oil,8698,NM,True
United States,USA,"IR_2012-2020_tile_-105,30,-90,45_feature_278_source_0",8700,33.1397694,-103.0414816,0.005434833,0.008178722,1997.487805,174.4440817,0.013775647,98,,,,2773.0,,,2104.0,upstream,oil,8700,NM,False
United States,USA,"IR_2012-2020_tile_-105,30,-90,45_feature_968_source_2",8701,32.0635121,-103.5820555,0.02615773,0.03871586,1958.285714,176.816058,0.029364338,168,,,,,1572.0,2074.0,1771.0,upstream,oil,8701,NM,True
United States,USA,"IR_2012-2020_tile_-105,30,-90,45_feature_617_source_0",8702,32.35307265,-103.4552387,0.04482787,0.09537466,1872.101942,132.0113054,0.039817957,305,,2615.0,2868.0,,,2229.0,1896.0,upstream,oil,8702,NM,True
United States,USA,"IR_2012-2020_tile_-105,30,-90,45_feature_732_source_1",8705,32.2687345,-104.1313614,0.03871813,0.0887173,1840.979021,205.6567331,0.0667373,619,,2019.0,2183.0,1759.0,,,,upstream,oil,8705,NM,True
United States,USA,"IR_2012-2020_tile_-105,30,-90,45_feature_430_source_0",8711,32.61050626,-103.3060824,0.214774659,0.435863088,1821.876106,159.3061078,0.046472971,358,7278.0,2738.0,2994.0,2629.0,1767.0,2348.0,1997.0,upstream,oil,8711,NM,False
United States,USA,"IR_2012-2020_tile_-105,30,-90,45_feature_697_source_2",8712,32.28304263,-103.5952534,0.087726004,0.17409489,1905.263158,141.3074115,0.10046944,478,6880.0,2485.0,2700.0,2308.0,,,,upstream,oil,8712,NM,True
United States,USA,"IR_2012-2020_tile_-105,30,-90,45_feature_902_source_1",8713,32.11015054,-104.0852789,0.041103135,0.073301846,1887.308571,177.1097374,0.043992196,299,6359.0,2050.0,,1793.0,,,1317.0,upstream,oil,8713,NM,True
United States,USA,"IR_2012-2020_tile_-105,30,-90,45_feature_751_source_1",8715,32.29651045,-103.3793503,0.02079971,0.0382444,1943.276243,143.1809539,0.03604958,333,,,,2569.0,,2303.0,1961.0,upstream,oil,8715,NM,True
United States,USA,"IR_2012-2020_tile_-105,30,-90,45_feature_413_source_0",8721,32.64792301,-103.9338156,0.049075609,0.08802949,1855.032258,142.2631555,0.045232191,212,6525.0,2185.0,2371.0,1943.0,,,,upstream,oil,8721,NM,False
United States,USA,"IR_2012-2020_tile_-105,30,-90,45_feature_1000_source_2",8727,32.02229843,-103.5722166,0.092480346,0.20797426,1848.325967,159.2837866,0.07448505,375,6905.0,2510.0,2719.0,2346.0,,2069.0,,upstream,oil,8727,NM,True
United States,USA,"IR_2012-2020_tile_-105,30,-90,45_feature_372_source_1",8736,32.69891248,-104.0369949,0.036540085,0.076239393,1796.091743,180.5134645,0.040316667,230,6433.0,,,,,1585.0,1352.0,upstream,oil,8736,NM,False
United States,USA,"IR_2012-2020_tile_-105,30,-90,45_feature_969_source_1",8742,32.06512746,-104.0502486,0.022769595,0.041745686,1913.155689,148.5133505,0.037294835,317,6392.0,,,1826.0,1170.0,1577.0,1343.0,upstream,oil,8742,NM,True
United States,USA,"IR_2012-2020_tile_-105,30,-90,45_feature_473_source_1",8744,32.52366386,-103.4986616,0.020110779,0.038540241,1855.305556,144.756178,0.033665154,178,7043.0,,2815.0,2451.0,,,,upstream,oil,8744,NM,True
United States,USA,"IR_2012-2020_tile_-105,30,-90,45_feature_731_source_0",8747,32.26929885,-103.4223479,0.021934525,0.039827218,1898.869748,172.5377679,0.04309903,471,,,,,1714.0,2261.0,1929.0,upstream,oil,8747,NM,True
United States,USA,"IR_2012-2020_tile_-105,30,-90,45_feature_659_source_2",8749,32.31175435,-103.4622184,0.023498075,0.05419046,1907.09465,168.089419,0.056515367,532,,,2854.0,,1682.0,2217.0,1890.0,upstream,oil,8749,NM,True
United States,USA,"IR_2012-2020_tile_-105,30,-90,45_feature_324_source_0",8752,32.82507937,-103.8976402,0.143870017,0.296134729,1830.373737,134.5633356,0.076725227,410,6555.0,2221.0,,1978.0,,,,upstream,oil,8752,NM,False
United States,USA,"IR_2012-2020_tile_-105,30,-90,45_feature_786_source_5",8762,32.22512163,-103.5920857,0.32445234,0.67829316,1840.322581,123.1398819,0.1581159,698,6886.0,2486.0,2702.0,,1534.0,,,upstream,oil,8762,NM,True
United States,USA,"IR_2012-2020_tile_-105,30,-90,45_feature_688_source_3",8765,32.32524092,-103.7058178,0.021883684,0.042707848,1941.202381,178.0203827,0.035676436,196,6757.0,,,,1433.0,1889.0,,upstream,oil,8765,NM,True
United States,USA,"IR_2012-2020_tile_-105,30,-90,45_feature_786_source_3",8766,32.24541173,-103.5340587,0.022037791,0.043492478,1898.151376,167.4276238,0.042007365,453,6944.0,,,,1603.0,2129.0,1821.0,upstream,oil,8766,NM,True
United States,USA,"IR_2012-2020_tile_-105,30,-90,45_feature_851_source_0",8775,32.16580036,-103.6453193,0.110459323,0.20131492,1870.2,154.5123687,0.063519446,654,6826.0,2435.0,2634.0,2239.0,1489.0,1966.0,1676.0,upstream,oil,8775,NM,True
United States,USA,"IR_2012-2020_tile_-105,30,-90,45_feature_781_source_0",8781,32.2113162,-103.3537693,0.00925471,0.01653548,1881.101266,194.5898377,0.0159442,133,,,,,,2322.0,1976.0,upstream,oil,8781,NM,True
United States,USA,"IR_2012-2020_tile_-105,30,-90,45_feature_924_source_5",8782,32.15024436,-103.9010868,0.005354588,0.00859276,1941.385714,144.0319699,0.015783122,127,,2213.0,,1981.0,,1717.0,1454.0,upstream,oil,8782,NM,True
United States,USA,"IR_2012-2020_tile_-105,30,-90,45_feature_1003_source_1",8787,32.02159827,-103.3171794,0.025073958,0.040155591,1928.761905,136.6836475,0.018578943,210,,,,2630.0,,,1994.0,upstream,oil,8787,NM,True
United States,USA,"IR_2012-2020_tile_-105,30,-90,45_feature_735_source_2",8793,32.25363299,-104.1857719,0.02445106,0.06250157,1857.18239,182.3259523,0.04017309,351,,,,1717.0,1098.0,1475.0,,upstream,oil,8793,NM,True
United States,USA,"IR_2012-2020_tile_-105,30,-90,45_feature_351_source_0",8795,32.75067422,-104.3295366,0.081098947,0.127852108,1945.557143,143.1348429,0.069977235,768,,1946.0,2082.0,1668.0,,1420.0,1229.0,upstream,oil,8795,NM,False
United States,USA,"IR_2012-2020_tile_-105,30,-90,45_feature_352_source_0",8806,32.74099513,-103.917076,0.018564839,0.0354228,1878.359184,194.1920614,0.04656242,468,,,,,1285.0,1698.0,1445.0,upstream,oil,8806,NM,False
United States,USA,"IR_2012-2020_tile_-105,30,-90,45_feature_1037_source_3",8814,32.00224442,-104.0016972,0.382448696,0.764310045,1836.943878,126.5627594,0.105686968,1033,6430.0,,2289.0,,1214.0,1618.0,1381.0,upstream,oil,8814,NM,True
United States,USA,"IR_2012-2020_tile_-105,30,-90,45_feature_291_source_0",8815,33.04498883,-103.1691643,0.017391958,0.039120391,1764.822917,166.7291963,0.02777931,198,,2789.0,3064.0,2710.0,,2430.0,2056.0,upstream,oil,8815,NM,False
United States,USA,"IR_2012-2020_tile_-105,30,-90,45_feature_895_source_2",8816,32.16752647,-103.7260347,0.128356418,0.291998121,1840.261628,141.0036126,0.089346351,368,6742.0,2374.0,,,,,,upstream,oil,8816,NM,True
United States,USA,"IR_2012-2020_tile_-105,30,-90,45_feature_901_source_0",8817,32.1222478,-104.1500854,0.029593609,0.041054817,1946.035714,148.371513,0.034113068,232,6301.0,2008.0,2171.0,,,1496.0,1276.0,upstream,oil,8817,NM,True
United States,USA,"IR_2012-2020_tile_-105,30,-90,45_feature_786_source_6",8819,32.25391986,-103.5500797,0.048211252,0.102176905,1966.284314,176.8819468,0.062717915,254,6944.0,2539.0,2751.0,2379.0,,,,upstream,oil,8819,NM,True
United States,USA,"IR_2012-2020_tile_-105,30,-90,45_feature_594_source_0",8827,32.36949651,-103.6048715,0.073419723,0.16233818,1840.628788,141.8254585,0.054448121,526,,,,2295.0,1531.0,2020.0,1734.0,upstream,oil,8827,NM,True
United States,USA,"IR_2012-2020_tile_-105,30,-90,45_feature_988_source_4",8828,32.05100758,-103.492139,0.050202082,0.122280728,1851.408602,157.3858512,0.04312409,184,7061.0,2590.0,2834.0,2465.0,,,,upstream,oil,8828,NM,True
United States,USA,"IR_2012-2020_tile_-105,30,-90,45_feature_480_source_0",8841,32.48969721,-103.9883136,0.01778424,0.0310565,1901.871429,142.266844,0.02447158,167,6473.0,,,1895.0,1233.0,1638.0,,upstream,oil,8841,NM,True
United States,USA,"IR_2012-2020_tile_-105,30,-90,45_feature_911_source_0",8843,32.11513724,-103.6280314,0.08498689,0.20548523,1870.806748,154.5824063,0.067502499,509,,2450.0,2653.0,,,1989.0,1698.0,upstream,oil,8843,NM,True
United States,USA,"IR_2012-2020_tile_-105,30,-90,45_feature_550_source_0",8850,32.40747115,-103.4036555,0.005278444,0.01577114,1942.196429,172.1948045,0.01498072,139,,,,,,2277.0,1939.0,upstream,oil,8850,NM,True
United States,USA,"IR_2012-2020_tile_-105,30,-90,45_feature_940_source_0",8852,32.09430146,-103.5350703,0.102865672,0.242355666,1874.899329,164.2710048,0.099035146,590,6978.0,2553.0,2772.0,2399.0,1613.0,2130.0,1824.0,upstream,oil,8852,NM,True
United States,USA,"IR_2012-2020_tile_-105,30,-90,45_feature_409_source_0",8859,32.65206358,-104.1048548,0.025996876,0.041228218,1948.773333,161.6489673,0.041484234,211,,2038.0,2210.0,1772.0,,,,upstream,oil,8859,NM,False
United States,USA,"IR_2012-2020_tile_-105,30,-90,45_feature_659_source_1",8868,32.3113409,-103.4770943,0.026053944,0.048216384,1916.495798,179.4396916,0.040801673,322,7077.0,2605.0,2854.0,2477.0,,2217.0,,upstream,oil,8868,NM,True
United States,USA,"IR_2012-2020_tile_-105,30,-90,45_feature_817_source_0",8870,32.19310393,-103.7815393,0.110244407,0.267611756,1797.37561,153.3035579,0.065052486,347,6687.0,2325.0,,2112.0,,,,upstream,oil,8870,NM,True
United States,USA,"IR_2012-2020_tile_-105,30,-90,45_feature_1037_source_2",8874,32.01968606,-104.0167963,0.019368447,0.035116905,1864.581818,170.2089295,0.026219234,166,6443.0,,2284.0,1859.0,,,,upstream,oil,8874,NM,True
United States,USA,"IR_2012-2020_tile_-105,30,-90,45_feature_860_source_1",8875,32.14899491,-103.8668566,0.013833174,0.023820861,1895.735849,164.2553983,0.025178307,185,6594.0,,,2021.0,,1739.0,,upstream,oil,8875,NM,True
United States,USA,"IR_2012-2020_tile_-105,30,-90,45_feature_940_source_6",8879,32.1093283,-103.5514298,0.0804786,0.16834095,1866.866469,152.5799785,0.09100591,609,6940.0,2531.0,2746.0,2370.0,1598.0,2115.0,1800.0,upstream,oil,8879,NM,True
United States,USA,"IR_2012-2020_tile_-105,30,-90,45_feature_984_source_1",8881,32.05690462,-103.7220041,0.055263489,0.128668006,1872.581448,163.025104,0.082200089,755,6767.0,,,,,1864.0,1594.0,upstream,oil,8881,NM,True
United States,USA,"IR_2012-2020_tile_-105,30,-90,45_feature_688_source_0",8882,32.31251209,-103.6986174,0.010569966,0.022352422,1849.080357,158.8779371,0.017814466,185,,2385.0,2580.0,,1433.0,1889.0,,upstream,oil,8882,NM,True
United States,USA,"IR_2012-2020_tile_-105,30,-90,45_feature_417_source_0",8883,32.6161803,-103.9173229,0.14750695,0.333332122,1796.474708,149.7513385,0.112623305,567,6538.0,2202.0,2387.0,,,,,upstream,oil,8883,NM,False
United States,USA,"IR_2012-2020_tile_-105,30,-90,45_feature_645_source_0",8898,32.3399167,-103.6222776,0.0273439,0.05398029,1931.64135,149.5849182,0.03405355,332,,2449.0,,2266.0,1516.0,1999.0,,upstream,oil,8898,NM,True
United States,USA,"IR_2012-2020_tile_-105,30,-90,45_feature_708_source_0",8899,32.28186203,-104.2858784,0.074562696,0.173191425,1765.804511,151.0934809,0.048943446,222,,,2099.0,1685.0,,,,upstream,oil,8899,NM,True
United States,USA,"IR_2012-2020_tile_-105,30,-90,45_feature_330_source_0",8901,32.79647705,-103.5147106,0.012302744,0.024666037,1813.397436,203.0245242,0.025563686,181,,,,,,2151.0,1842.0,upstream,oil,8901,NM,False
United States,USA,"IR_2012-2020_tile_-105,30,-90,45_feature_393_source_0",8903,32.65454321,-103.7821598,0.009572946,0.015570761,1970.705882,218.3913823,0.018778336,103,,,2505.0,2104.0,,,,upstream,oil,8903,NM,False
United States,USA,"IR_2012-2020_tile_-105,30,-90,45_feature_664_source_3",8905,32.35448386,-103.3842085,0.01283378,0.01935199,1929.971963,152.8541213,0.02062056,201,,,,2554.0,1737.0,2300.0,1958.0,upstream,oil,8905,NM,True
United States,USA,"IR_2012-2020_tile_-105,30,-90,45_feature_663_source_0",8906,32.30625704,-103.9258993,0.169019423,0.387058011,1804.98913,134.736659,0.056741596,355,6528.0,2196.0,2374.0,1952.0,1278.0,1692.0,1440.0,upstream,oil,8906,NM,True
United States,USA,"IR_2012-2020_tile_-105,30,-90,45_feature_911_source_3",8912,32.09282104,-103.5981289,0.04323297,0.073713292,1901.785714,141.1887517,0.03068973,168,,,,,,2036.0,1746.0,upstream,oil,8912,NM,True
United States,USA,"IR_2012-2020_tile_-105,30,-90,45_feature_531_source_0",8915,32.43138867,-103.4265412,0.03195702,0.06316615,1935.226519,150.8841294,0.02186924,273,,,,,,2257.0,1928.0,upstream,oil,8915,NM,True
United States,USA,"IR_2012-2020_tile_-105,30,-90,45_feature_382_source_2",8918,32.68480079,-104.411835,0.016743761,0.029229115,1898.391304,187.1248686,0.031697944,125,6185.0,,2069.0,,,,,upstream,oil,8918,NM,False
United States,USA,"IR_2012-2020_tile_-105,30,-90,45_feature_451_source_0",8921,32.54607388,-103.8542029,0.020434073,0.041439634,1919.57,189.5077969,0.030992304,201,6606.0,,2443.0,2033.0,1335.0,1755.0,,upstream,oil,8921,NM,True
United States,USA,"IR_2012-2020_tile_-105,30,-90,45_feature_335_source_0",8927,32.77580659,-104.2632849,0.15429791,0.390116519,1790.70625,189.2768672,0.055587563,273,6212.0,1959.0,2103.0,,,,,upstream,oil,8927,NM,False
United States,USA,"IR_2012-2020_tile_-105,30,-90,45_feature_733_source_5",8932,32.2828133,-104.0844003,0.01290902,0.02749231,1923.944444,177.7218011,0.02881056,277,,,,1787.0,1152.0,1545.0,,upstream,oil,8932,NM,True
United States,USA,"IR_2012-2020_tile_-105,30,-90,45_feature_290_source_0",8956,33.03920191,-103.7997259,0.006132209,0.010795705,1923.189189,126.6704253,0.021868072,148,6669.0,2309.0,,2095.0,,,,upstream,oil,8956,NM,False
United States,USA,"IR_2012-2020_tile_-105,30,-90,45_feature_733_source_1",8969,32.2549768,-104.0204943,0.063248,0.106509972,1930.294521,168.5227584,0.081788765,417,6437.0,2091.0,2280.0,,1191.0,1596.0,,upstream,oil,8969,NM,True
United States,USA,"IR_2012-2020_tile_-105,30,-90,45_feature_916_source_0",8971,32.09693401,-103.8640253,0.016623543,0.02845365,1950.008696,157.688162,0.025591522,224,6597.0,2249.0,2437.0,2025.0,,,1488.0,upstream,oil,8971,NM,True
United States,USA,"IR_2012-2020_tile_-105,30,-90,45_feature_759_source_2",8976,32.23975459,-103.6246525,0.059927124,0.11458384,1868.728261,137.4313349,0.059918337,187,6841.0,2458.0,2664.0,2272.0,,,1708.0,upstream,oil,8976,NM,True
United States,USA,"IR_2012-2020_tile_-105,30,-90,45_feature_664_source_2",8977,32.34035363,-103.3747294,0.015033555,0.029915266,1880.321429,160.8820672,0.026181051,285,,,,2571.0,,2305.0,1962.0,upstream,oil,8977,NM,True
United States,USA,"IR_2012-2020_tile_-105,30,-90,45_feature_671_source_1",8978,32.33026174,-104.09975,0.004330684,0.008966595,1906.442478,161.9731726,0.008284816,166,,,,,,,1308.0,upstream,oil,8978,NM,True
United States,USA,"IR_2012-2020_tile_-105,30,-90,45_feature_742_source_0",8985,32.2455141,-103.4890271,0.03087211,0.0613706,1825.914634,162.2189779,0.0306435,409,,,,,,2178.0,1866.0,upstream,oil,8985,NM,True
United States,USA,"IR_2012-2020_tile_-105,30,-90,45_feature_324_source_2",8993,32.83859146,-103.8887653,0.08183649,0.169532439,1829.6,128.6214018,0.073585101,162,6555.0,2229.0,2415.0,,,,,upstream,oil,8993,NM,False
United States,USA,"IR_2012-2020_tile_-105,30,-90,45_feature_360_source_0",8994,32.71470925,-103.7955305,0.020092619,0.03890261,1828.15,148.0801388,0.029028907,133,,,,,,,,upstream,oil,8994,NM,False
United States,USA,"IR_2012-2020_tile_-105,30,-90,45_feature_285_source_4",9001,33.09357122,-103.0082365,0.009040237,0.013620359,1962.649351,115.3114097,0.02931539,196,,,3120.0,2788.0,,,,upstream,oil,9001,NM,False
United States,USA,"IR_2012-2020_tile_-105,30,-90,45_feature_904_source_1",9002,32.12489122,-103.4079653,0.05747457,0.1243275,1868.261682,165.0845627,0.06359227,683,,,,2538.0,1723.0,2276.0,1938.0,upstream,oil,9002,NM,True
United States,USA,"IR_2012-2020_tile_-105,30,-90,45_feature_971_source_0",9003,32.06526857,-103.650898,0.091679515,0.163233237,1860.985714,146.9973268,0.052626444,322,6794.0,2442.0,2621.0,,,1967.0,1673.0,upstream,oil,9003,NM,True
United States,USA,"IR_2012-2020_tile_-105,30,-90,45_feature_368_source_0",9004,32.68585887,-104.0910122,0.05407247,0.09982891,1900.38481,165.2006644,0.06088767,647,6357.0,,2220.0,1784.0,1148.0,1539.0,1314.0,upstream,oil,9004,NM,False
United States,USA,"IR_2012-2020_tile_-105,30,-90,45_feature_634_source_2",9005,32.36272523,-103.8382237,0.137449514,0.352018547,1838.218605,157.326896,0.047782033,288,6633.0,,,,1347.0,1774.0,1506.0,upstream,oil,9005,NM,True
United States,USA,"IR_2012-2020_tile_-105,30,-90,45_feature_1019_source_0",9008,32.0000251,-103.4881104,0.02563345,0.053593066,1829.060606,162.1430232,0.028263808,114,,2596.0,2839.0,,,,,upstream,oil,9008,NM,True
United States,USA,"IR_2012-2020_tile_-105,30,-90,45_feature_735_source_0",9016,32.23996649,-104.1560096,0.028137132,0.05272815,1883.673333,157.4920314,0.02739154,284,,,2167.0,1735.0,1111.0,1489.0,1270.0,upstream,oil,9016,NM,True
United States,USA,"IR_2012-2020_tile_-105,30,-90,45_feature_428_source_6",9019,32.61160643,-104.4757072,0.287404841,0.537471222,1853.846751,130.5749755,0.22804415,2531,,,,,1048.0,1410.0,1219.0,upstream,oil,9019,NM,False
United States,USA,"IR_2012-2020_tile_-105,30,-90,45_feature_796_source_0",9023,32.20404963,-103.4032368,0.018139924,0.03470466,1897.0625,172.9742361,0.023742269,240,,,2940.0,,,2278.0,1940.0,upstream,oil,9023,NM,True
United States,USA,"IR_2012-2020_tile_-105,30,-90,45_feature_704_source_0",9027,32.27058345,-103.9359352,0.17933533,0.43243238,1849.535109,139.7488818,0.078354048,573,,,,1937.0,1268.0,1680.0,1430.0,upstream,oil,9027,NM,True
United States,USA,"IR_2012-2020_tile_-105,30,-90,45_feature_926_source_0",9036,32.07862568,-103.2736166,0.036681007,0.07690508,1917.215517,142.7129266,0.045734382,149,,,,,1791.0,2383.0,,upstream,oil,9036,NM,False
United States,USA,"IR_2012-2020_tile_-105,30,-90,45_feature_446_source_1",9039,32.54963338,-103.5288608,0.036767859,0.051072265,1852.039474,150.5535786,0.038627223,190,,,,,,,,upstream,oil,9039,NM,True
United States,USA,"IR_2012-2020_tile_-105,30,-90,45_feature_649_source_2",9043,32.33217627,-103.4443232,0.01243961,0.0228915,1901.010417,171.6354843,0.01338492,135,,,,,,,1911.0,upstream,oil,9043,NM,True
United States,USA,"IR_2012-2020_tile_-105,30,-90,45_feature_568_source_0",9044,32.38415719,-103.4342495,0.06550163,0.13528593,1912.813704,146.7479214,0.0728783,717,,,2900.0,2518.0,1703.0,2253.0,1923.0,upstream,oil,9044,NM,True
United States,USA,"IR_2012-2020_tile_-105,30,-90,45_feature_530_source_1",9045,32.4404826,-103.7534296,0.082020201,0.173362206,1853.196721,162.0128329,0.064573659,152,6703.0,,2530.0,2121.0,,,,upstream,oil,9045,NM,True
United States,USA,"IR_2012-2020_tile_-105,30,-90,45_feature_778_source_1",9048,32.24094947,-104.2203423,0.050279822,0.104274183,1816.75,119.2111048,0.027004922,130,6242.0,,,,,,,upstream,oil,9048,NM,True
United States,USA,"IR_2012-2020_tile_-105,30,-90,45_feature_428_source_4",9075,32.60446374,-104.4914544,0.055252412,0.077608332,1995.483333,172.2386418,0.071793003,213,6177.0,,2067.0,,,,,upstream,oil,9075,NM,False
United States,USA,"IR_2012-2020_tile_-105,30,-90,45_feature_732_source_3",9080,32.28185056,-104.1074193,0.029127899,0.068097764,1872.669065,120.9048849,0.020450935,207,,,,,1140.0,1528.0,1301.0,upstream,oil,9080,NM,True
United States,USA,"IR_2012-2020_tile_-105,30,-90,45_feature_924_source_4",9089,32.11366469,-103.9136711,0.049540773,0.12940886,1851.929648,173.6442244,0.05152189,358,6540.0,2205.0,2388.0,1961.0,1287.0,1700.0,,upstream,oil,9089,NM,True
United States,USA,"IR_2012-2020_tile_-105,30,-90,45_feature_504_source_1",9093,32.45582938,-103.597339,0.049806971,0.11209706,1879.121795,163.6558828,0.05977591,252,6889.0,2481.0,2689.0,2294.0,1548.0,2039.0,1744.0,upstream,oil,9093,NM,True
United States,USA,"IR_2012-2020_tile_-105,30,-90,45_feature_966_source_0",9095,32.06375954,-103.8016466,0.05806461,0.11577304,1854.390977,155.1597205,0.056227446,285,6668.0,2310.0,2490.0,2093.0,,,,upstream,oil,9095,NM,True
United States,USA,"IR_2012-2020_tile_-105,30,-90,45_feature_830_source_0",9111,32.19277085,-104.2862136,0.013605597,0.025318999,1872.968421,147.1319818,0.01713255,169,,,,1683.0,1064.0,1433.0,1238.0,upstream,oil,9111,NM,True
United States,USA,"IR_2012-2020_tile_-105,30,-90,45_feature_913_source_1",9117,32.10725143,-103.7673691,0.053005502,0.10947554,1950.713568,177.9832395,0.037195091,312,,,,2126.0,1379.0,1820.0,1557.0,upstream,oil,9117,NM,True
United States,USA,"IR_2012-2020_tile_-105,30,-90,45_feature_967_source_1",9132,32.08049637,-103.4019012,0.012489161,0.03217428,1890.201681,172.7436815,0.02666315,238,,,,2546.0,,2279.0,1936.0,upstream,oil,9132,NM,True
United States,USA,"IR_2012-2020_tile_-105,30,-90,45_feature_1038_source_0",9134,32.00420971,-103.8279973,0.1946796,0.423091347,1852.764706,126.3674902,0.0524671,518,,,,,1356.0,1786.0,1524.0,upstream,oil,9134,NM,True
United States,USA,"IR_2012-2020_tile_-105,30,-90,45_feature_719_source_0",9147,32.30837467,-104.2043687,0.10477807,0.21532482,1880.961877,169.2092919,0.09153352,572,,1984.0,2144.0,1709.0,1087.0,1464.0,1258.0,upstream,oil,9147,NM,True
United States,USA,"IR_2012-2020_tile_-105,30,-90,45_feature_1027_source_0",9150,32.02217399,-103.4112677,0.018512866,0.032615943,1917.897638,139.7393994,0.022403176,191,,,,,1721.0,2273.0,,upstream,oil,9150,NM,True
United States,USA,"IR_2012-2020_tile_-105,30,-90,45_feature_456_source_1",9156,32.53609751,-103.9983982,0.009800348,0.016383312,1924.588235,170.9976122,0.01937717,138,,,2300.0,,,,,upstream,oil,9156,NM,True
United States,USA,"IR_2012-2020_tile_-105,30,-90,45_feature_1001_source_0",9159,32.01991065,-104.2443304,0.075411942,0.147306218,1873.507246,124.2540785,0.049895496,244,6224.0,1969.0,2117.0,,,,,upstream,oil,9159,NM,True
United States,USA,"IR_2012-2020_tile_-105,30,-90,45_feature_521_source_1",9160,32.44290931,-103.5385914,0.028856151,0.048997007,1875.261364,161.7737965,0.024513205,120,,,2745.0,2375.0,1596.0,2107.0,1809.0,upstream,oil,9160,NM,True
United States,USA,"IR_2012-2020_tile_-105,30,-90,45_feature_377_source_0",9169,32.6937814,-103.761692,0.01618551,0.02996189,1871.666667,240.7557545,0.02457284,98,,,,,,,,upstream,oil,9169,NM,False
United States,USA,"IR_2012-2020_tile_-105,30,-90,45_feature_346_source_0",9187,32.73954491,-103.6380086,0.019533911,0.033223532,1880.909091,168.191695,0.029846458,126,6821.0,2440.0,,,,,,upstream,oil,9187,NM,False
United States,USA,"IR_2012-2020_tile_-105,30,-90,45_feature_578_source_0",9188,32.36986401,-103.8673431,0.05865831,0.09811571,1871.869403,121.8189326,0.06137766,420,6593.0,2248.0,2428.0,2020.0,1320.0,1738.0,1484.0,upstream,oil,9188,NM,True
United States,USA,"IR_2012-2020_tile_-105,30,-90,45_feature_504_source_2",9189,32.45062932,-103.6075934,0.025471458,0.063508892,1849.315508,153.0517788,0.020121206,240,,2481.0,2689.0,2294.0,1528.0,2015.0,,upstream,oil,9189,NM,True
United States,USA,"IR_2012-2020_tile_-105,30,-90,45_feature_662_source_1",9190,32.34108961,-104.0852179,0.007318438,0.014350901,1898.552764,134.8013091,0.012767596,279,,,,,,,1321.0,upstream,oil,9190,NM,True
United States,USA,"IR_2012-2020_tile_-105,30,-90,45_feature_942_source_0",9192,32.07932101,-104.1303827,0.015096714,0.02847049,1905.952381,160.5771761,0.020521006,206,6317.0,,2192.0,,,1501.0,1284.0,upstream,oil,9192,NM,True
United States,USA,"IR_2012-2020_tile_-105,30,-90,45_feature_490_source_0",9193,32.47295417,-103.4185273,0.003725469,0.00680935,1955.886792,144.1611599,0.011750822,112,,,,,1715.0,2265.0,,upstream,oil,9193,NM,True
United States,USA,"IR_2012-2020_tile_-105,30,-90,45_feature_759_source_0",9196,32.25555501,-103.5962243,0.079365611,0.162601606,1875.191837,131.959672,0.068910506,385,6855.0,2482.0,2701.0,2309.0,1543.0,2035.0,,upstream,oil,9196,NM,True
United States,USA,"IR_2012-2020_tile_-105,30,-90,45_feature_413_source_1",9199,32.63306526,-103.9370111,0.030190636,0.050321611,1897.283784,133.2086882,0.025098586,189,,,2372.0,1941.0,,1679.0,1429.0,upstream,oil,9199,NM,False
United States,USA,"IR_2012-2020_tile_-105,30,-90,45_feature_809_source_2",9206,32.22419801,-103.4638253,0.037418279,0.061530982,1890.568966,153.4905492,0.054111189,327,7088.0,2630.0,,2482.0,1673.0,2204.0,,upstream,oil,9206,NM,True
United States,USA,"IR_2012-2020_tile_-105,30,-90,45_feature_395_source_0",9208,32.63992749,-103.5222874,0.03212213,0.073830532,1827.816754,172.3472476,0.035807383,294,7019.0,2571.0,2786.0,2416.0,1620.0,2141.0,1838.0,upstream,oil,9208,NM,False
United States,USA,"IR_2012-2020_tile_-105,30,-90,45_feature_393_source_2",9209,32.66592567,-103.7917526,0.020336261,0.044179564,1796.166667,168.6739952,0.026884636,106,6677.0,2316.0,2496.0,,,,,upstream,oil,9209,NM,False
United States,USA,"IR_2012-2020_tile_-105,30,-90,45_feature_732_source_4",9213,32.24645535,-104.1033861,0.025042343,0.04654768,1875.785714,158.0509767,0.02206114,164,,2039.0,2211.0,1774.0,,,,upstream,oil,9213,NM,True
United States,USA,"IR_2012-2020_tile_-105,30,-90,45_feature_728_source_1",9218,32.27287078,-103.7988335,0.027087289,0.07766709,1873.168224,205.7196843,0.027391207,195,,,,,,1812.0,1545.0,upstream,oil,9218,NM,True
United States,USA,"IR_2012-2020_tile_-105,30,-90,45_feature_459_source_0",9221,32.53574557,-103.5471589,0.05786073,0.1237366,1832.277457,152.9269855,0.05729254,367,,2535.0,2749.0,2374.0,,,1808.0,upstream,oil,9221,NM,True
United States,USA,"IR_2012-2020_tile_-105,30,-90,45_feature_988_source_1",9226,32.03355853,-103.4767545,0.005514947,0.010961281,1883.348485,164.3647544,0.009957902,115,,,,,,,1876.0,upstream,oil,9226,NM,True
United States,USA,"IR_2012-2020_tile_-105,30,-90,45_feature_326_source_1",9236,32.83042661,-103.9338612,0.06239929,0.1083232,1879.928736,157.6594088,0.065429877,603,,2183.0,2369.0,1936.0,1275.0,1678.0,1428.0,upstream,oil,9236,NM,False
United States,USA,"IR_2012-2020_tile_-105,30,-90,45_feature_542_source_0",9244,32.41251935,-103.7018141,0.018341531,0.034829325,1924.929134,151.4559358,0.021926485,187,,,,2175.0,,,1613.0,upstream,oil,9244,NM,True
United States,USA,"IR_2012-2020_tile_-105,30,-90,45_feature_768_source_0",9246,32.23752436,-103.91394,0.022477732,0.03619945,1921.575472,171.1570474,0.036611572,238,,,,1966.0,,,,upstream,oil,9246,NM,True
United States,USA,"IR_2012-2020_tile_-105,30,-90,45_feature_634_source_1",9252,32.33626705,-103.8336787,0.031764358,0.050692254,1897.758621,168.6068995,0.045116424,183,6625.0,2276.0,2463.0,2053.0,,,,upstream,oil,9252,NM,True
United States,USA,"IR_2012-2020_tile_-105,30,-90,45_feature_895_source_1",9262,32.12552099,-103.7192359,0.013699786,0.029689501,1887.372093,184.194457,0.024448336,221,,,,2161.0,1413.0,1863.0,,upstream,oil,9262,NM,True
United States,USA,"IR_2012-2020_tile_-105,30,-90,45_feature_903_source_0",9275,32.12091446,-103.9634852,0.028560536,0.04765971,1922.534483,132.7921912,0.038984934,184,6494.0,2157.0,2342.0,1916.0,,,,upstream,oil,9275,NM,True
United States,USA,"IR_2012-2020_tile_-105,30,-90,45_feature_862_source_2",9276,32.16739674,-103.5052963,0.047054295,0.089857204,1876.657407,164.1931542,0.045763748,198,7035.0,2583.0,2811.0,,1642.0,2168.0,,upstream,oil,9276,NM,True
United States,USA,"IR_2012-2020_tile_-105,30,-90,45_feature_383_source_1",9278,32.69969347,-103.9353213,0.068370193,0.146649,1827.895833,159.6385552,0.06079007,312,6524.0,2184.0,2370.0,1940.0,,,,upstream,oil,9278,NM,False
United States,USA,"IR_2012-2020_tile_-105,30,-90,45_feature_927_source_0",9280,32.07929314,-103.67634,0.17260346,0.40299789,1841.28884,138.4156828,0.11740106,760,6787.0,2405.0,2602.0,2201.0,1449.0,1913.0,1640.0,upstream,oil,9280,NM,True
United States,USA,"IR_2012-2020_tile_-105,30,-90,45_feature_809_source_1",9281,32.21040015,-103.4673508,0.051913699,0.080578875,1900.837607,164.054363,0.073274486,536,,,2869.0,2482.0,1680.0,2205.0,,upstream,oil,9281,NM,True
United States,USA,"IR_2012-2020_tile_-105,30,-90,45_feature_393_source_1",9289,32.6456118,-103.7961384,0.080081128,0.226337523,1902.75,196.000372,0.059265145,181,6674.0,2300.0,2493.0,2080.0,,,,upstream,oil,9289,NM,False
United States,USA,"IR_2012-2020_tile_-105,30,-90,45_feature_334_source_0",9292,32.77143884,-103.0518913,0.001539904,0.002799774,1925.470588,157.9155089,0.00817162,71,,,,,,,2095.0,upstream,oil,9292,NM,False
United States,USA,"IR_2012-2020_tile_-105,30,-90,45_feature_531_source_1",9294,32.4499393,-103.4299687,0.010591711,0.024007122,1928.337838,201.5686307,0.022378868,273,,,,,,2252.0,1922.0,upstream,oil,9294,NM,True
United States,USA,"IR_2012-2020_tile_-105,30,-90,45_feature_861_source_1",9297,32.15432875,-103.5865508,0.017130117,0.034694626,1887.012195,168.8389689,0.016896861,111,,2501.0,2737.0,,,2049.0,1751.0,upstream,oil,9297,NM,True
United States,USA,"IR_2012-2020_tile_-105,30,-90,45_feature_1003_source_3",9301,32.02324578,-103.2546472,0.14971374,0.29838438,1860.550696,106.8048373,0.05675475,569,,,,,1799.0,2392.0,2031.0,upstream,oil,9301,NM,False
United States,USA,"IR_2012-2020_tile_-105,30,-90,45_feature_416_source_0",9302,32.6254457,-103.4692947,0.008139506,0.017753745,1836.134146,191.465259,0.01710379,165,,,,,,2201.0,1886.0,upstream,oil,9302,NM,False
United States,USA,"IR_2012-2020_tile_-105,30,-90,45_feature_351_source_2",9303,32.76972045,-104.3137154,0.009030092,0.013003629,1986.425532,123.7333689,0.020387888,125,6199.0,,2090.0,1675.0,,,,upstream,oil,9303,NM,False
United States,USA,"IR_2012-2020_tile_-105,30,-90,45_feature_940_source_5",9308,32.07842775,-103.5292262,0.039271899,0.066475883,1913.389313,185.5194306,0.069623522,551,6987.0,2553.0,2773.0,2408.0,1621.0,2138.0,1825.0,upstream,oil,9308,NM,True
United States,USA,"IR_2012-2020_tile_-105,30,-90,45_feature_740_source_0",9309,32.25853311,-103.8385791,0.038472546,0.07164434,1836.986755,115.4057046,0.030612544,245,6623.0,,,,1350.0,1775.0,,upstream,oil,9309,NM,True
United States,USA,"IR_2012-2020_tile_-105,30,-90,45_feature_974_source_1",9317,32.09462041,-103.934382,0.010240731,0.018078649,1962.981132,152.1447288,0.02526159,158,6523.0,2186.0,2373.0,1944.0,,,,upstream,oil,9317,NM,True
United States,USA,"IR_2012-2020_tile_-105,30,-90,45_feature_420_source_0",9319,32.6320522,-104.1040576,0.070365917,0.172792047,1897.310881,180.930258,0.066889441,358,,,,1773.0,,,,upstream,oil,9319,NM,False
United States,USA,"IR_2012-2020_tile_-105,30,-90,45_feature_967_source_2",9340,32.06566936,-103.4159458,0.024637358,0.053383397,1820.341463,169.0831243,0.023000227,89,7158.0,2668.0,2918.0,,,,,upstream,oil,9340,NM,True
United States,USA,"IR_2012-2020_tile_-105,30,-90,45_feature_504_source_0",9343,32.47230544,-103.5762292,0.018858615,0.032291338,1884.096154,196.5181788,0.03024433,147,6904.0,2506.0,2717.0,2342.0,,2064.0,,upstream,oil,9343,NM,True
United States,USA,"IR_2012-2020_tile_-105,30,-90,45_feature_895_source_6",9344,32.13642656,-103.7542675,0.05621069,0.111495214,1936.0,144.0003307,0.063032651,246,6709.0,,,2132.0,,,,upstream,oil,9344,NM,True
United States,USA,"IR_2012-2020_tile_-105,30,-90,45_feature_809_source_3",9345,32.20922064,-103.4448337,0.028546323,0.047570822,1853.410569,169.2319995,0.03619526,347,,,,,1694.0,2240.0,1912.0,upstream,oil,9345,NM,True
United States,USA,"IR_2012-2020_tile_-105,30,-90,45_feature_326_source_2",9346,32.82531773,-103.9206429,0.04959673,0.0875092,1873.381818,158.2868693,0.05049097,234,6541.0,2195.0,,1957.0,,,,upstream,oil,9346,NM,False
United States,USA,"IR_2012-2020_tile_-105,30,-90,45_feature_270_source_3",9351,33.19628173,-103.0399856,0.003237331,0.004667281,1923.44186,183.0540398,0.010078623,172,,,,,,2499.0,2102.0,upstream,oil,9351,NM,False
United States,USA,"IR_2012-2020_tile_-105,30,-90,45_feature_446_source_0",9352,32.56257216,-103.5181376,0.05780398,0.12063155,1894.951613,152.3617753,0.06529314,395,6995.0,2559.0,2788.0,2426.0,,2145.0,1839.0,upstream,oil,9352,NM,True
United States,USA,"IR_2012-2020_tile_-105,30,-90,45_feature_810_source_4",9356,32.19452613,-103.5773124,0.12920942,0.27362312,1915.532258,163.6894698,0.11288383,540,6898.0,2500.0,,2343.0,1562.0,2060.0,1766.0,upstream,oil,9356,NM,True
United States,USA,"IR_2012-2020_tile_-105,30,-90,45_feature_669_source_0",9357,32.30887742,-103.6656734,0.004376407,0.007786596,1896.810811,184.3811912,0.006750409,66,,,,,,,,upstream,oil,9357,NM,True
United States,USA,"IR_2012-2020_tile_-105,30,-90,45_feature_967_source_0",9358,32.0504935,-103.4210533,0.046156263,0.111957825,1808.698795,175.0564615,0.036828116,161,7158.0,,,,,,,upstream,oil,9358,NM,True
United States,USA,"IR_2012-2020_tile_-105,30,-90,45_feature_959_source_1",9360,32.07366477,-104.100663,0.047110954,0.07920061,1850.102804,163.1976575,0.026761696,188,6360.0,,2208.0,1770.0,1142.0,1534.0,1304.0,upstream,oil,9360,NM,True
United States,USA,"IR_2012-2020_tile_-105,30,-90,45_feature_564_source_2",9375,32.39860608,-103.6674181,0.00568543,0.00912469,1928.041667,166.3544941,0.01111141,124,,,,,,1930.0,1646.0,upstream,oil,9375,NM,True
United States,USA,"IR_2012-2020_tile_-105,30,-90,45_feature_793_source_1",9377,32.21038539,-104.1872279,0.02883365,0.04160896,1978.363636,161.3300435,0.04021607,127,,,2157.0,1722.0,,,,upstream,oil,9377,NM,True
United States,USA,"IR_2012-2020_tile_-105,30,-90,45_feature_924_source_2",9378,32.12936787,-103.9279125,0.045212252,0.092865447,1808.163636,131.7254395,0.016528293,206,,,,,1271.0,1685.0,,upstream,oil,9378,NM,True
United States,USA,"IR_2012-2020_tile_-105,30,-90,45_feature_623_source_1",9383,32.34023022,-103.7505322,0.015403357,0.019638639,2030.138889,143.4627619,0.023803584,113,6708.0,,,,,,,upstream,oil,9383,NM,True
United States,USA,"IR_2012-2020_tile_-105,30,-90,45_feature_862_source_1",9385,32.15989424,-103.5415681,0.04167337,0.07994728,1880.447761,158.7274754,0.04715798,311,6960.0,2545.0,2757.0,2394.0,,2114.0,1810.0,upstream,oil,9385,NM,True
United States,USA,"IR_2012-2020_tile_-105,30,-90,45_feature_982_source_0",9387,32.03439566,-104.3396819,0.06903842,0.141670026,1862.228571,142.4444424,0.053902259,311,6195.0,1944.0,2079.0,1667.0,,,,upstream,oil,9387,NM,True
United States,USA,"IR_2012-2020_tile_-105,30,-90,45_feature_407_source_0",9388,32.64005559,-103.7086913,0.035075125,0.07576364,1861.476636,171.8034274,0.03400925,227,6770.0,,2572.0,2180.0,,1878.0,1600.0,upstream,oil,9388,NM,False
United States,USA,"IR_2012-2020_tile_-105,30,-90,45_feature_834_source_3",9390,32.22451241,-103.9843819,0.174347401,0.359187448,1827.361702,124.8309539,0.08571208,408,6477.0,2140.0,2321.0,1896.0,,,,upstream,oil,9390,NM,True
United States,USA,"IR_2012-2020_tile_-105,30,-90,45_feature_867_source_1",9395,32.16301132,-103.948604,0.150665615,0.27436372,1915.915033,115.3312052,0.04356477,371,6502.0,,,1929.0,1260.0,1672.0,,upstream,oil,9395,NM,True
United States,USA,"IR_2012-2020_tile_-105,30,-90,45_feature_312_source_0",9402,32.85550693,-103.739167,0.016164534,0.031434948,1877.735294,173.4360891,0.022657049,111,6727.0,2358.0,2537.0,2142.0,,,,upstream,oil,9402,NM,False
United States,USA,"IR_2012-2020_tile_-105,30,-90,45_feature_741_source_1",9406,32.26891762,-103.7286067,0.025830658,0.040677466,1926.860465,199.8615313,0.035087946,151,6739.0,2373.0,2557.0,,,,,upstream,oil,9406,NM,True
United States,USA,"IR_2012-2020_tile_-105,30,-90,45_feature_701_source_1",9410,32.28016278,-103.9893006,0.031475814,0.06024258,1952.226087,174.9774177,0.036247057,161,6474.0,,,,,,1391.0,upstream,oil,9410,NM,True
United States,USA,"IR_2012-2020_tile_-105,30,-90,45_feature_452_source_0",9411,32.53927657,-103.5985528,0.034389331,0.068274999,1835.516729,153.3729955,0.036108409,393,,2488.0,,2307.0,1540.0,2032.0,1743.0,upstream,oil,9411,NM,True
United States,USA,"IR_2012-2020_tile_-105,30,-90,45_feature_629_source_0",9414,32.35140396,-104.237353,0.009230681,0.01387421,1917.591667,168.9299902,0.01808162,216,,,,,1072.0,1445.0,1250.0,upstream,oil,9414,NM,True
United States,USA,"IR_2012-2020_tile_-105,30,-90,45_feature_785_source_0",9416,32.20888859,-103.8452897,0.052920724,0.103250876,1912.735632,139.8365872,0.046138124,331,6602.0,,,,1340.0,1765.0,,upstream,oil,9416,NM,True
United States,USA,"IR_2012-2020_tile_-105,30,-90,45_feature_895_source_0",9420,32.15042847,-103.7042347,0.04676519,0.071439382,1922.822086,164.5016986,0.062310005,328,6747.0,2378.0,,,,1886.0,,upstream,oil,9420,NM,True
United States,USA,"IR_2012-2020_tile_-105,30,-90,45_feature_510_source_0",9430,32.45139772,-103.163669,0.15126965,0.2690973,1867.89916,114.9512425,0.021098395,151,7370.0,2791.0,3067.0,2713.0,,2432.0,2060.0,upstream,oil,9430,NM,False
United States,USA,"IR_2012-2020_tile_-105,30,-90,45_feature_835_source_0",9438,32.19396439,-103.678061,0.024168643,0.042652065,1885.52381,197.8918943,0.032700538,154,6776.0,2404.0,2601.0,2199.0,,,,upstream,oil,9438,NM,True
United States,USA,"IR_2012-2020_tile_-105,30,-90,45_feature_988_source_2",9441,32.05586256,-103.4765116,0.03434788,0.05211988,1924.12069,130.3787248,0.03491394,247,,2590.0,2834.0,,1663.0,2192.0,1875.0,upstream,oil,9441,NM,True
United States,USA,"IR_2012-2020_tile_-105,30,-90,45_feature_1006_source_5",9444,32.019354,-103.6887367,0.025020827,0.04722932,1866.71875,178.3578276,0.032176129,129,6771.0,2397.0,2589.0,,,,,upstream,oil,9444,NM,True
United States,USA,"IR_2012-2020_tile_-105,30,-90,45_feature_478_source_0",9445,32.49371877,-103.4670887,0.012321039,0.022409431,1886.174312,195.7460836,0.024904539,213,,,2867.0,2487.0,,2202.0,1889.0,upstream,oil,9445,NM,True
United States,USA,"IR_2012-2020_tile_-105,30,-90,45_feature_814_source_0",9446,32.18071466,-104.2222957,0.015335767,0.024882782,1925.025,167.6626803,0.02216636,141,,,,,,1450.0,,upstream,oil,9446,NM,True
United States,USA,"IR_2012-2020_tile_-105,30,-90,45_feature_842_source_1",9447,32.1819205,-103.4057509,0.016606648,0.03295773,1874.428571,195.0814412,0.02538112,120,,2683.0,2930.0,2544.0,,,,upstream,oil,9447,NM,True
United States,USA,"IR_2012-2020_tile_-105,30,-90,45_feature_879_source_0",9449,32.13879652,-103.6140075,0.0702335,0.1260543,1897.3219,158.3745996,0.04724313,467,,,,,1529.0,2017.0,1722.0,upstream,oil,9449,NM,True
United States,USA,"IR_2012-2020_tile_-105,30,-90,45_feature_445_source_0",9456,32.54917113,-103.7297316,0.005588372,0.009597691,1897.444444,101.7399857,0.015666862,68,6737.0,2367.0,2549.0,,,1850.0,,upstream,oil,9456,NM,True
United States,USA,"IR_2012-2020_tile_-105,30,-90,45_feature_533_source_0",9457,32.41548368,-103.4732639,0.014554856,0.025261722,1934.047619,167.7649933,0.01726348,132,,,,,1672.0,2203.0,1881.0,upstream,oil,9457,NM,True
United States,USA,"IR_2012-2020_tile_-105,30,-90,45_feature_408_source_0",9459,32.6224971,-104.0027425,0.02526481,0.048502606,1876.152174,178.6529265,0.029077155,120,6451.0,2120.0,,,,,,upstream,oil,9459,NM,False
United States,USA,"IR_2012-2020_tile_-105,30,-90,45_feature_556_source_1",9462,32.4178178,-103.6025328,0.019580324,0.036613664,1839.142857,156.351356,0.01815927,198,6869.0,,,,1542.0,2034.0,1745.0,upstream,oil,9462,NM,True
United States,USA,"IR_2012-2020_tile_-105,30,-90,45_feature_367_source_0",9471,32.69651907,-103.6303593,0.01442275,0.01717876,1964.142857,156.4649012,0.01949361,118,,,2652.0,2261.0,,,,upstream,oil,9471,NM,False
United States,USA,"IR_2012-2020_tile_-105,30,-90,45_feature_967_source_3",9473,32.06488712,-103.3939448,0.012736428,0.026505242,1860.421687,171.633128,0.01545313,133,,,,2551.0,,,,upstream,oil,9473,NM,True
United States,USA,"IR_2012-2020_tile_-105,30,-90,45_feature_697_source_3",9481,32.32827786,-103.5528576,0.013823618,0.02243493,1930.696203,204.390564,0.026289271,200,6943.0,,2750.0,2376.0,1592.0,2102.0,,upstream,oil,9481,NM,True
United States,USA,"IR_2012-2020_tile_-105,30,-90,45_feature_1009_source_0",9490,32.01905359,-103.9398339,0.09698527,0.1740682,1822.268139,140.6479621,0.05383712,449,,,2362.0,1938.0,1261.0,1682.0,1432.0,upstream,oil,9490,NM,True
United States,USA,"IR_2012-2020_tile_-105,30,-90,45_feature_462_source_0",9495,32.53372914,-104.2173938,0.006939767,0.016301086,1749.0,141.5362144,0.014452404,66,6248.0,1979.0,,,,,,upstream,oil,9495,NM,True
United States,USA,"IR_2012-2020_tile_-105,30,-90,45_feature_741_source_0",9498,32.26849221,-103.7457625,0.088202853,0.183045724,1903.588785,77.54539861,0.066472538,167,,,2526.0,2135.0,,,,upstream,oil,9498,NM,True
United States,USA,"IR_2012-2020_tile_-105,30,-90,45_feature_329_source_1",9507,32.81910987,-104.1548839,0.032170149,0.059366471,1887.177778,153.1953421,0.047805314,169,6292.0,,,,,1484.0,1266.0,upstream,oil,9507,NM,False
United States,USA,"IR_2012-2020_tile_-105,30,-90,45_feature_664_source_1",9509,32.32665722,-103.375887,0.022735293,0.03730834,1886.270718,174.4394928,0.039140652,314,,,,2568.0,,2305.0,,upstream,oil,9509,NM,True
United States,USA,"IR_2012-2020_tile_-105,30,-90,45_feature_287_source_0",9510,33.05740521,-103.6054014,0.067761951,0.12823383,1856.059524,135.5215983,0.017126522,131,,2466.0,,2292.0,,2027.0,1733.0,upstream,oil,9510,NM,False
United States,USA,"IR_2012-2020_tile_-105,30,-90,45_feature_363_source_0",9531,32.71518992,-103.9009428,0.025839035,0.053992907,1816.185185,180.0678961,0.023652055,101,6549.0,,,,,,,upstream,oil,9531,NM,False
United States,USA,"IR_2012-2020_tile_-105,30,-90,45_feature_375_source_0",9535,32.68318347,-104.3852905,0.015586408,0.022257287,1948.625,155.3152205,0.023143685,111,6190.0,,2073.0,,,,,upstream,oil,9535,NM,False
United States,USA,"IR_2012-2020_tile_-105,30,-90,45_feature_720_source_2",9542,32.30269628,-104.1709909,0.018497757,0.032582707,1935.876543,175.7382581,0.027072141,157,,,,,1103.0,1480.0,,upstream,oil,9542,NM,True
United States,USA,"IR_2012-2020_tile_-105,30,-90,45_feature_900_source_0",9544,32.13231632,-103.4465418,0.015362535,0.028301687,1924.322034,200.8018621,0.02358046,213,,,,,1695.0,2230.0,1913.0,upstream,oil,9544,NM,True
United States,USA,"IR_2012-2020_tile_-105,30,-90,45_feature_988_source_0",9546,32.03001307,-103.4932792,0.011550295,0.018923744,1900.079208,144.5998701,0.021137064,214,,,,,,2177.0,1864.0,upstream,oil,9546,NM,True
United States,USA,"IR_2012-2020_tile_-105,30,-90,45_feature_477_source_1",9551,32.51092617,-104.1693036,0.011658225,0.016475445,1982.891892,166.728422,0.018638015,110,6283.0,1998.0,,1726.0,,,,upstream,oil,9551,NM,True
United States,USA,"IR_2012-2020_tile_-105,30,-90,45_feature_940_source_2",9561,32.11086097,-103.5270503,0.047198684,0.061350835,1917.709924,163.4293502,0.05045945,268,7008.0,2561.0,2772.0,,,2137.0,1832.0,upstream,oil,9561,NM,True
United States,USA,"IR_2012-2020_tile_-105,30,-90,45_feature_382_source_5",9566,32.69555986,-104.4295481,0.009970367,0.013035309,2025.607143,189.1558955,0.019253601,72,6182.0,,,,,,,upstream,oil,9566,NM,False
United States,USA,"IR_2012-2020_tile_-105,30,-90,45_feature_489_source_0",9569,32.4779081,-103.5382222,0.014636694,0.030893434,1909.467532,143.7820848,0.027486917,273,,2548.0,,,,2120.0,1816.0,upstream,oil,9569,NM,True
United States,USA,"IR_2012-2020_tile_-105,30,-90,45_feature_731_source_1",9570,32.2782595,-103.4066539,0.012120216,0.020792057,1913.3125,168.7941493,0.022112691,101,7179.0,,,,,,,upstream,oil,9570,NM,True
United States,USA,"IR_2012-2020_tile_-105,30,-90,45_feature_359_source_2",9572,32.71109986,-103.9683765,0.018692583,0.040024677,1835.833333,159.3691905,0.020756898,105,6490.0,,,,,,,upstream,oil,9572,NM,False
United States,USA,"IR_2012-2020_tile_-105,30,-90,45_feature_476_source_0",9574,32.52139738,-103.6252964,0.015536054,0.02994389,1861.728571,142.137702,0.014699863,181,,,,,1515.0,1998.0,,upstream,oil,9574,NM,True
United States,USA,"IR_2012-2020_tile_-105,30,-90,45_feature_907_source_0",9579,32.12365786,-103.9903335,0.025302597,0.056742856,1796.288462,135.8384698,0.031915719,165,6464.0,2135.0,2316.0,,,,,upstream,oil,9579,NM,True
United States,USA,"IR_2012-2020_tile_-105,30,-90,45_feature_786_source_1",9583,32.26914023,-103.5415901,0.062688227,0.104000217,1943.771812,150.2629517,0.084561747,351,6969.0,2550.0,,2378.0,,,,upstream,oil,9583,NM,True
United States,USA,"IR_2012-2020_tile_-105,30,-90,45_feature_796_source_1",9593,32.19497262,-103.3849731,0.034129072,0.08117504,1838.539474,142.5872255,0.038734712,215,,2689.0,2940.0,2559.0,,,,upstream,oil,9593,NM,True
United States,USA,"IR_2012-2020_tile_-105,30,-90,45_feature_659_source_0",9599,32.33229693,-103.4861337,0.013051485,0.025472121,1888.337838,187.9619194,0.023356654,124,,,,,,,1863.0,upstream,oil,9599,NM,True
United States,USA,"IR_2012-2020_tile_-105,30,-90,45_feature_1026_source_0",9600,32.00289414,-103.5385207,0.054380415,0.10959724,1893.404412,148.8950666,0.042258273,199,6988.0,,2777.0,,1604.0,2116.0,,upstream,oil,9600,NM,True
United States,USA,"IR_2012-2020_tile_-105,30,-90,45_feature_476_source_1",9611,32.50698414,-103.5941813,0.036695636,0.071129452,1880.917647,183.0376504,0.042583603,307,6885.0,2484.0,2698.0,2316.0,1541.0,2033.0,,upstream,oil,9611,NM,True
United States,USA,"IR_2012-2020_tile_-105,30,-90,45_feature_834_source_2",9614,32.23258396,-103.9617018,0.015685006,0.022397807,1968.0,156.9024516,0.022125431,138,6492.0,2156.0,2341.0,1914.0,,,,upstream,oil,9614,NM,True
United States,USA,"IR_2012-2020_tile_-105,30,-90,45_feature_854_source_0",9615,32.17895633,-103.0873396,0.016377551,0.037784599,1836.478261,193.4574146,0.018329985,100,7390.0,,,2745.0,,,,upstream,oil,9615,NM,False
United States,USA,"IR_2012-2020_tile_-105,30,-90,45_feature_944_source_0",9619,32.07416784,-103.8491384,0.008787681,0.012636827,1951.909091,159.1016187,0.01035548,97,,,,,,1762.0,1497.0,upstream,oil,9619,NM,True
United States,USA,"IR_2012-2020_tile_-105,30,-90,45_feature_662_source_0",9623,32.32397743,-104.0644863,0.027330474,0.057288566,1913.438202,118.5313172,0.018492189,249,,,,,,1561.0,1331.0,upstream,oil,9623,NM,True
United States,USA,"IR_2012-2020_tile_-105,30,-90,45_feature_940_source_1",9628,32.12649518,-103.5811094,0.032321605,0.06748315,1873.619403,150.7867821,0.023365007,170,,,,,1556.0,2054.0,,upstream,oil,9628,NM,True
United States,USA,"IR_2012-2020_tile_-105,30,-90,45_feature_809_source_0",9629,32.22384453,-103.4961063,0.022338799,0.047516722,1897.858824,157.4699339,0.028850415,139,,,,,1652.0,2175.0,,upstream,oil,9629,NM,True
United States,USA,"IR_2012-2020_tile_-105,30,-90,45_feature_751_source_0",9631,32.2733816,-103.3840842,0.01720144,0.038194254,1938.668831,163.1929801,0.027453734,269,7207.0,,,,,2301.0,1952.0,upstream,oil,9631,NM,True
United States,USA,"IR_2012-2020_tile_-105,30,-90,45_feature_382_source_1",9632,32.6685854,-104.403269,0.017782803,0.027496363,1937.071429,133.2392929,0.025373787,128,6187.0,1938.0,2071.0,,,,,upstream,oil,9632,NM,False
United States,USA,"IR_2012-2020_tile_-105,30,-90,45_feature_927_source_2",9633,32.10335163,-103.7072424,0.015705045,0.027258337,1896.591667,196.0957035,0.031970371,245,,,2573.0,2172.0,1424.0,1881.0,,upstream,oil,9633,NM,True
United States,USA,"IR_2012-2020_tile_-105,30,-90,45_feature_697_source_0",9635,32.33500272,-103.5345366,0.028894805,0.054250591,1876.823256,189.0159004,0.045405446,379,,,,,1612.0,2125.0,1820.0,upstream,oil,9635,NM,True
United States,USA,"IR_2012-2020_tile_-105,30,-90,45_feature_705_source_0",9636,32.31214008,-103.8852652,0.007264634,0.009643214,1981.576923,162.1621157,0.01214832,72,6575.0,,,,,,,upstream,oil,9636,NM,True
United States,USA,"IR_2012-2020_tile_-105,30,-90,45_feature_477_source_0",9645,32.48697205,-104.1501499,0.026647902,0.057451087,1832.108696,202.1709595,0.031732576,149,,2004.0,2174.0,1739.0,,,,upstream,oil,9645,NM,True
United States,USA,"IR_2012-2020_tile_-105,30,-90,45_feature_556_source_0",9659,32.40043553,-103.6224076,0.01077397,0.020307274,1910.179487,146.3621907,0.016326526,114,6843.0,2453.0,,2265.0,,,,upstream,oil,9659,NM,True
United States,USA,"IR_2012-2020_tile_-105,30,-90,45_feature_328_source_0",9665,32.84278573,-103.9927547,0.017803519,0.032294029,1909.890909,208.2179953,0.033086567,213,6457.0,,,1885.0,1225.0,1630.0,,upstream,oil,9665,NM,False
United States,USA,"IR_2012-2020_tile_-105,30,-90,45_feature_376_source_0",9669,32.70058275,-103.8566329,0.05655551,0.130012597,1796.628205,129.6735654,0.022096541,120,6600.0,2254.0,,,,,,upstream,oil,9669,NM,False
United States,USA,"IR_2012-2020_tile_-105,30,-90,45_feature_351_source_1",9670,32.7608094,-104.3001035,0.007426291,0.010302226,2008.962025,140.7974974,0.022549796,189,6199.0,1951.0,,1678.0,,,1236.0,upstream,oil,9670,NM,False
United States,USA,"IR_2012-2020_tile_-105,30,-90,45_feature_939_source_3",9672,32.08015984,-104.2538349,0.057371024,0.112927473,1894.234043,169.368252,0.054012669,194,6222.0,,2111.0,1691.0,,,,upstream,oil,9672,NM,True
United States,USA,"IR_2012-2020_tile_-105,30,-90,45_feature_420_source_1",9673,32.6108062,-104.0883852,0.044051362,0.109637172,1747.482759,162.00109,0.037624626,132,,,,,,,,upstream,oil,9673,NM,False
United States,USA,"IR_2012-2020_tile_-105,30,-90,45_feature_904_source_2",9687,32.13729954,-103.3782085,0.024932288,0.050023453,1920.563492,165.2217604,0.0379058,231,,2701.0,2948.0,2565.0,1739.0,2304.0,,upstream,oil,9687,NM,True
United States,USA,"IR_2012-2020_tile_-105,30,-90,45_feature_575_source_0",9695,32.37256977,-103.1877261,0.021347342,0.032526323,1918.362903,138.6198872,0.018614512,152,7353.0,,3061.0,2706.0,1819.0,2421.0,2049.0,upstream,oil,9695,NM,False
United States,USA,"IR_2012-2020_tile_-105,30,-90,45_feature_988_source_3",9698,32.04712294,-103.5134058,0.018827506,0.036346262,1906.759036,200.1051886,0.027826254,159,7017.0,,2800.0,2428.0,1634.0,2156.0,,upstream,oil,9698,NM,True
United States,USA,"IR_2012-2020_tile_-105,30,-90,45_feature_382_source_3",9704,32.7130186,-104.4037065,0.020776619,0.034685136,1861.072727,137.1514232,0.035564181,354,6186.0,1939.0,,,,,1225.0,upstream,oil,9704,NM,False
United States,USA,"IR_2012-2020_tile_-105,30,-90,45_feature_446_source_4",9705,32.58300559,-103.500399,0.007641175,0.012180239,1927.79661,112.0367342,0.010053218,80,,2587.0,,2450.0,1651.0,2173.0,,upstream,oil,9705,NM,True
United States,USA,"IR_2012-2020_tile_-105,30,-90,45_feature_1034_source_0",9714,32.02007004,-104.1412032,0.032204274,0.060450611,1851.310345,134.9563412,0.030342388,149,6308.0,,2184.0,,,,,upstream,oil,9714,NM,True
United States,USA,"IR_2012-2020_tile_-105,30,-90,45_feature_461_source_1",9716,32.53215062,-104.122392,0.01496405,0.025383661,1916.133333,175.7478117,0.026893983,193,6321.0,,,,,,1288.0,upstream,oil,9716,NM,True
United States,USA,"IR_2012-2020_tile_-105,30,-90,45_feature_968_source_1",9717,32.05306987,-103.5391418,0.068684057,0.19397795,1850.271429,196.2167476,0.03747217,220,6979.0,,2761.0,2400.0,,2126.0,1814.0,upstream,oil,9717,NM,True
United States,USA,"IR_2012-2020_tile_-105,30,-90,45_feature_817_source_1",9719,32.20786248,-103.772504,0.048180599,0.118156804,1828.787879,168.8657271,0.022589249,251,6687.0,,,,,1819.0,1556.0,upstream,oil,9719,NM,True
United States,USA,"IR_2012-2020_tile_-105,30,-90,45_feature_862_source_0",9722,32.18076127,-103.5333164,0.113843184,0.208074041,1850.690083,176.3046264,0.09686175,439,6977.0,2567.0,2767.0,2398.0,,,1822.0,upstream,oil,9722,NM,True
United States,USA,"IR_2012-2020_tile_-105,30,-90,45_feature_859_source_0",9726,32.13882367,-104.1038687,0.018326255,0.031739138,1927.164706,177.6453515,0.022779427,364,6345.0,,,,,,1302.0,upstream,oil,9726,NM,True
United States,USA,"IR_2012-2020_tile_-105,30,-90,45_feature_936_source_1",9729,32.08820516,-104.0183001,0.021343021,0.034394543,1927.109244,170.2854149,0.035057126,251,6439.0,2106.0,2281.0,1858.0,1203.0,1607.0,,upstream,oil,9729,NM,True
United States,USA,"IR_2012-2020_tile_-105,30,-90,45_feature_438_source_1",9730,32.57937941,-103.605016,0.013622132,0.021141359,1930.323232,156.726541,0.021496739,153,6860.0,,,2293.0,,,,upstream,oil,9730,NM,True
United States,USA,"IR_2012-2020_tile_-105,30,-90,45_feature_608_source_0",9738,32.36088937,-103.5018031,0.004135877,0.008754051,1910.258621,226.8028584,0.008696136,97,,,,,1640.0,2166.0,,upstream,oil,9738,NM,True
United States,USA,"IR_2012-2020_tile_-105,30,-90,45_feature_780_source_3",9749,32.23776864,-103.6946728,0.010790909,0.012560987,2079.5,182.5,0.024694013,100,,,,,,,,upstream,oil,9749,NM,True
United States,USA,"IR_2012-2020_tile_-105,30,-90,45_feature_979_source_0",9750,32.04887482,-103.3771844,0.02367678,0.05456314,1819.802326,151.4220822,0.02064143,123,,,2957.0,,,,1954.0,upstream,oil,9750,NM,True
United States,USA,"IR_2012-2020_tile_-105,30,-90,45_feature_431_source_0",9752,32.61505836,-104.0541342,0.026359151,0.043068062,1928.508197,159.6050066,0.041576898,195,6404.0,,,1822.0,,,,upstream,oil,9752,NM,False
United States,USA,"IR_2012-2020_tile_-105,30,-90,45_feature_396_source_1",9755,32.65510282,-103.8694431,0.09764467,0.1874815,1775.761905,97.29342207,0.024198624,138,6588.0,2243.0,2433.0,2015.0,,,,upstream,oil,9755,NM,False
United States,USA,"IR_2012-2020_tile_-105,30,-90,45_feature_533_source_1",9756,32.45787164,-103.454787,0.0195433,0.044176275,1840.964286,255.8472594,0.029347803,115,7107.0,2620.0,2885.0,,,,,upstream,oil,9756,NM,True
United States,USA,"IR_2012-2020_tile_-105,30,-90,45_feature_739_source_0",9758,32.25386576,-103.9678194,0.17155367,0.360075704,1888.700508,119.7436206,0.057437609,228,,2149.0,2320.0,1910.0,1242.0,1647.0,,upstream,oil,9758,NM,True
United States,USA,"IR_2012-2020_tile_-105,30,-90,45_feature_780_source_1",9765,32.22490751,-103.7325882,0.051982574,0.116645552,1851.848485,157.0482692,0.055360325,335,6740.0,,2541.0,2147.0,1400.0,1846.0,,upstream,oil,9765,NM,True
United States,USA,"IR_2012-2020_tile_-105,30,-90,45_feature_706_source_0",9767,32.28195994,-103.5046088,0.047526687,0.093460815,1896.350877,153.5078135,0.048555529,137,7034.0,,2816.0,,,,,upstream,oil,9767,NM,True
United States,USA,"IR_2012-2020_tile_-105,30,-90,45_feature_393_source_3",9773,32.66708561,-103.8132749,0.040846001,0.077831438,1930.15625,155.4513809,0.045830355,145,6659.0,,,,,,,upstream,oil,9773,NM,False
United States,USA,"IR_2012-2020_tile_-105,30,-90,45_feature_976_source_0",9776,32.03451065,-104.0708824,0.0424998,0.106122968,1829.045455,187.9055559,0.034511439,162,6371.0,2066.0,2241.0,,,,,upstream,oil,9776,NM,True
United States,USA,"IR_2012-2020_tile_-105,30,-90,45_feature_987_source_0",9790,32.04891506,-103.7654279,0.0323724,0.05169969,1904.313953,156.4241225,0.03229834,257,,,,,,,1559.0,upstream,oil,9790,NM,True
United States,USA,"IR_2012-2020_tile_-105,30,-90,45_feature_998_source_1",9793,32.04942795,-103.9044768,0.014891046,0.024602439,1929.564103,161.8109525,0.021536376,145,,2217.0,,1977.0,,,,upstream,oil,9793,NM,True
United States,USA,"IR_2012-2020_tile_-105,30,-90,45_feature_456_source_0",9795,32.52441419,-104.0170428,0.003966234,0.005442509,1900.71875,175.6506181,0.006785903,60,,,,1856.0,,,,upstream,oil,9795,NM,True
United States,USA,"IR_2012-2020_tile_-105,30,-90,45_feature_556_source_2",9803,32.39868389,-103.5899341,0.034067188,0.072143,1861.290076,192.7208751,0.03062659,232,,,2699.0,2317.0,,,,upstream,oil,9803,NM,True
United States,USA,"IR_2012-2020_tile_-105,30,-90,45_feature_823_source_0",9811,32.20381364,-104.3256509,0.002798839,0.004747053,1894.090909,138.8465173,0.007408226,62,,,,,1056.0,1422.0,,upstream,oil,9811,NM,True
United States,USA,"IR_2012-2020_tile_-105,30,-90,45_feature_441_source_0",9817,32.57561823,-104.1463948,0.030895758,0.052499305,1904.0875,153.7231435,0.038395336,219,6298.0,,2180.0,1738.0,,,1273.0,upstream,oil,9817,NM,True
United States,USA,"IR_2012-2020_tile_-105,30,-90,45_feature_671_source_0",9819,32.29887848,-104.125981,0.037141639,0.063431351,1880.267016,158.9550528,0.039271438,322,,,,1746.0,1127.0,1510.0,,upstream,oil,9819,NM,True
United States,USA,"IR_2012-2020_tile_-105,30,-90,45_feature_664_source_0",9836,32.38499469,-103.3944208,0.006283294,0.008493031,1999.690141,167.1155956,0.016534357,140,,,,2553.0,,,,upstream,oil,9836,NM,True
United States,USA,"IR_2012-2020_tile_-105,30,-90,45_feature_353_source_1",9840,32.7750161,-104.2292119,0.005517829,0.007905737,2001.352941,123.4832407,0.015569352,80,6233.0,1971.0,2125.0,,,,,upstream,oil,9840,NM,False
United States,USA,"IR_2012-2020_tile_-105,30,-90,45_feature_437_source_0",9841,32.57739456,-104.0717356,0.009400475,0.016783379,1941.817073,193.4076403,0.0162919,184,,,2235.0,,,,1326.0,upstream,oil,9841,NM,True
United States,USA,"IR_2012-2020_tile_-105,30,-90,45_feature_432_source_0",9845,32.59558803,-103.9420326,0.062577874,0.132000364,1843.056075,158.9917903,0.061402065,302,6512.0,2178.0,,,,,,upstream,oil,9845,NM,True
United States,USA,"IR_2012-2020_tile_-105,30,-90,45_feature_328_source_1",9855,32.81346306,-104.0435292,0.023718586,0.030051693,1917.061856,138.6541209,0.015756932,138,6401.0,2090.0,2259.0,1830.0,1177.0,1580.0,,upstream,oil,9855,NM,False
United States,USA,"IR_2012-2020_tile_-105,30,-90,45_feature_841_source_0",9857,32.18069258,-103.8736597,0.034391133,0.085754972,1861.206522,141.5036133,0.025385553,153,6589.0,,,,,,,upstream,oil,9857,NM,True
United States,USA,"IR_2012-2020_tile_-105,30,-90,45_feature_1361_source_3",7100,31.72451267,-103.8879949,0.10611735,0.23090456,1845.444444,162.8900864,0.16083829,571,6570.0,2232.0,2413.0,1989.0,1317.0,1734.0,1479.0,upstream,oil,7100,TX,True
United States,USA,"IR_2012-2020_tile_-105,30,-90,45_feature_1079_source_9",7105,31.97022265,-103.8653244,0.100216163,0.20161979,1912.29235,132.1012581,0.11760914,655,6567.0,2236.0,2424.0,2022.0,1324.0,1750.0,1493.0,upstream,oil,7105,TX,True
United States,USA,"IR_2012-2020_tile_-105,30,-90,45_feature_1079_source_1",7106,31.97147648,-103.8948598,0.108478459,0.21260491,1922.906417,168.5128149,0.165604645,1281,6567.0,2236.0,2411.0,1993.0,1303.0,1724.0,1469.0,upstream,oil,7106,TX,True
United States,USA,"IR_2012-2020_tile_-105,30,-90,45_feature_1227_source_4",7107,31.84669961,-103.8555482,0.074159072,0.167705129,1871.493464,169.8575094,0.10696658,903,6620.0,2261.0,2439.0,2038.0,1332.0,1757.0,1498.0,upstream,oil,7107,TX,True
United States,USA,"IR_2012-2020_tile_-105,30,-90,45_feature_1079_source_7",7108,31.96954277,-103.8886168,0.18810634,0.41598036,1901.592204,162.767856,0.22481368,1048,6567.0,2236.0,2411.0,1993.0,1303.0,1724.0,1469.0,upstream,oil,7108,TX,True
United States,USA,"IR_2012-2020_tile_-105,30,-90,45_feature_1131_source_1",7110,31.92456473,-103.6724079,0.18755063,0.40040113,1817.435798,159.2534161,0.13427249,656,6781.0,2413.0,2614.0,2212.0,1460.0,1918.0,1642.0,upstream,oil,7110,TX,True
United States,USA,"IR_2012-2020_tile_-105,30,-90,45_feature_1459_source_2",7112,31.63660214,-104.0662704,0.1577763,0.3053539,1834.4942,144.6782472,0.08482182,720,,,2233.0,1807.0,1156.0,1553.0,1333.0,upstream,oil,7112,TX,True
United States,USA,"IR_2012-2020_tile_-105,30,-90,45_feature_1682_source_2",7116,31.40774245,-103.0247617,0.2618356,0.420778,1912.236364,103.4714337,0.1412339,1568,,,,2777.0,1887.0,2508.0,2115.0,upstream,oil,7116,TX,False
United States,USA,"IR_2012-2020_tile_-105,30,-90,45_feature_1329_source_2",7120,31.78039257,-103.8528948,0.056617637,0.139539656,1873.669444,154.8605077,0.084659616,621,6611.0,2263.0,2456.0,2039.0,1337.0,1758.0,1499.0,upstream,oil,7120,TX,True
United States,USA,"IR_2012-2020_tile_-105,30,-90,45_feature_707_source_1",7123,32.2788822,-102.4511107,0.07915527,0.14942244,1881.88968,177.0134058,0.088214285,793,7693.0,2977.0,,2952.0,2011.0,2673.0,2248.0,upstream,oil,7123,TX,False
United States,USA,"IR_2012-2020_tile_-105,30,-90,45_feature_1207_source_4",7125,31.86843962,-103.7862098,0.069249456,0.156944321,1867.917874,164.7225101,0.091835054,426,6679.0,2318.0,2502.0,2106.0,1376.0,1816.0,1554.0,upstream,oil,7125,TX,True
United States,USA,"IR_2012-2020_tile_-105,30,-90,45_feature_1390_source_4",7126,31.69359675,-103.9200971,0.09021869,0.22812757,1840.38024,161.5609923,0.11358757,570,,2209.0,2380.0,1958.0,1280.0,1690.0,1438.0,upstream,oil,7126,TX,True
United States,USA,"IR_2012-2020_tile_-105,30,-90,45_feature_707_source_0",7127,32.27889782,-102.4511355,0.07536959,0.13890648,1988.083333,175.0535434,0.069441861,61,7693.0,2977.0,,2952.0,2011.0,2673.0,2248.0,upstream,oil,7127,TX,False
United States,USA,"IR_2012-2020_tile_-105,30,-90,45_feature_1140_source_3",7136,31.90948364,-103.8562741,0.076360115,0.145967486,1927.43101,151.7582603,0.137580996,1069,,,,2036.0,1336.0,1751.0,1494.0,upstream,oil,7136,TX,True
United States,USA,"IR_2012-2020_tile_-105,30,-90,45_feature_1079_source_10",7142,31.97874333,-103.8687425,0.05329716,0.092067771,1967.8,148.4705695,0.046431262,127,6567.0,2236.0,2424.0,2022.0,,1744.0,1493.0,upstream,oil,7142,TX,True
United States,USA,"IR_2012-2020_tile_-105,30,-90,45_feature_1244_source_1",7146,31.85230026,-101.7738163,0.267701754,0.638632365,1847.703512,172.4556773,0.189987636,1681,8088.0,,3526.0,3217.0,2238.0,2962.0,2524.0,upstream,oil,7146,TX,False
United States,USA,"IR_2012-2020_tile_-105,30,-90,45_feature_1682_source_0",7147,31.40795462,-103.0249018,0.211332,0.3659224,1947.37,154.6643239,0.128106,123,,,,2777.0,1887.0,2508.0,2115.0,upstream,oil,7147,TX,False
United States,USA,"IR_2012-2020_tile_-105,30,-90,45_feature_1992_source_7",7148,31.03923247,-103.5883642,0.04565635,0.08851056,1867.263566,168.634094,0.0589278,356,,,,2340.0,1564.0,2062.0,1758.0,upstream,oil,7148,TX,False
United States,USA,"IR_2012-2020_tile_-105,30,-90,45_feature_1079_source_8",7149,31.97172821,-103.9128272,0.06319839,0.13225056,1902.075221,181.4522624,0.11381114,809,6535.0,2199.0,2375.0,1968.0,1294.0,1711.0,1458.0,upstream,oil,7149,TX,True
United States,USA,"IR_2012-2020_tile_-105,30,-90,45_feature_1121_source_2",7150,31.92094217,-103.8345147,0.115206089,0.21677105,1886.909518,154.7950619,0.157801307,1387,6624.0,2271.0,2452.0,2051.0,1351.0,1776.0,1514.0,upstream,oil,7150,TX,True
United States,USA,"IR_2012-2020_tile_-105,30,-90,45_feature_1266_source_4",7153,31.79941851,-103.8914961,0.01053952,0.020531166,1882.108108,222.1591569,0.016070871,87,6586.0,2230.0,2412.0,1995.0,1309.0,1726.0,1472.0,upstream,oil,7153,TX,True
United States,USA,"IR_2012-2020_tile_-105,30,-90,45_feature_672_source_0",7154,32.29184453,-101.7509672,0.221389633,0.477770312,1818.266129,121.7499824,0.041843378,271,,,,,,,2540.0,upstream,oil,7154,TX,False
United States,USA,"IR_2012-2020_tile_-105,30,-90,45_feature_1361_source_4",7156,31.72496311,-103.8809687,0.129547365,0.34323639,1811.210133,179.9081157,0.19621927,1693,6570.0,2232.0,2413.0,1989.0,1317.0,1734.0,1479.0,upstream,oil,7156,TX,True
United States,USA,"IR_2012-2020_tile_-105,30,-90,45_feature_1285_source_2",7157,31.78514051,-103.8503729,0.027818466,0.05745719,1875.088608,219.3058779,0.03383093,134,6621.0,,2456.0,2039.0,1337.0,1758.0,1499.0,upstream,oil,7157,TX,True
United States,USA,"IR_2012-2020_tile_-105,30,-90,45_feature_1257_source_5",7160,31.82598845,-104.0571684,0.15135321,0.34861424,1879.210054,170.9666173,0.19027961,1008,6397.0,2079.0,2258.0,1827.0,1166.0,1571.0,1341.0,upstream,oil,7160,TX,True
United States,USA,"IR_2012-2020_tile_-105,30,-90,45_feature_1098_source_0",7167,31.96322353,-103.9661561,0.027585914,0.05704503,1874.149425,187.0584883,0.053041337,472,,2151.0,2346.0,1920.0,1249.0,1655.0,1410.0,upstream,oil,7167,TX,True
United States,USA,"IR_2012-2020_tile_-105,30,-90,45_feature_1140_source_1",7168,31.91528905,-103.8598458,0.050191735,0.088976864,1914.488844,171.475042,0.100922229,757,,,,2036.0,1336.0,1751.0,1494.0,upstream,oil,7168,TX,True
United States,USA,"IR_2012-2020_tile_-105,30,-90,45_feature_1079_source_11",7170,31.97066906,-103.9040899,0.07907243,0.14973502,1903.340845,163.9426193,0.11423906,538,6567.0,2236.0,2411.0,1993.0,1294.0,1711.0,1458.0,upstream,oil,7170,TX,True
United States,USA,"IR_2012-2020_tile_-105,30,-90,45_feature_1390_source_0",7171,31.69378503,-103.8931866,0.06084672,0.14772447,1831.275556,182.8818309,0.08348827,838,6571.0,2233.0,2418.0,1996.0,1306.0,1721.0,1466.0,upstream,oil,7171,TX,True
United States,USA,"IR_2012-2020_tile_-105,30,-90,45_feature_1162_source_2",7172,31.87092145,-103.7109269,0.070070444,0.14235064,1958.763218,162.7456418,0.138542766,1026,,,2570.0,2169.0,1420.0,1875.0,1607.0,upstream,oil,7172,TX,True
United States,USA,"IR_2012-2020_tile_-105,30,-90,45_feature_1281_source_0",7173,31.78686082,-103.6843728,0.030564472,0.07817572,1747.858268,240.9513861,0.115635925,1124,,,2588.0,2185.0,1435.0,1907.0,1630.0,upstream,oil,7173,TX,True
United States,USA,"IR_2012-2020_tile_-105,30,-90,45_feature_1491_source_6",7176,31.59554394,-103.6810103,0.065358137,0.110404458,1944.502092,165.0265067,0.059428968,438,,,2591.0,2189.0,,1920.0,1638.0,upstream,oil,7176,TX,True
United States,USA,"IR_2012-2020_tile_-105,30,-90,45_feature_1320_source_0",7181,31.74444545,-104.061935,0.16550567,0.33428256,1881.981481,158.0160553,0.11704593,372,6405.0,2082.0,2247.0,1828.0,,1566.0,1337.0,upstream,oil,7181,TX,True
United States,USA,"IR_2012-2020_tile_-105,30,-90,45_feature_692_source_0",7182,32.27954812,-101.4081236,0.010854733,0.412949911,1008.042553,315.1581135,0.053874038,514,,,,,,,,industrial,chemical,7182,TX,False
United States,USA,"IR_2012-2020_tile_-105,30,-90,45_feature_1414_source_1",7184,31.70129616,-104.1314533,0.09018233,0.16659302,1882.16441,189.2971885,0.1655586,1097,6315.0,2024.0,2191.0,1750.0,1122.0,1503.0,1286.0,upstream,oil,7184,TX,True
United States,USA,"IR_2012-2020_tile_-105,30,-90,45_feature_1472_source_0",7186,31.62599166,-103.978253,0.04813727,0.103165365,1901.927126,174.7046401,0.097043528,928,,,,1903.0,1247.0,1645.0,1403.0,upstream,oil,7186,TX,True
United States,USA,"IR_2012-2020_tile_-105,30,-90,45_feature_433_source_0",7187,32.59354624,-101.0492766,0.031497793,0.051846697,1943.297297,150.2548343,0.10343267,651,,3323.0,3764.0,3471.0,,,,upstream,oil,7187,TX,False
United States,USA,"IR_2012-2020_tile_-105,30,-90,45_feature_1766_source_0",7189,31.36425225,-101.7763061,3.683625,9.177607,1754.971695,122.3384561,0.5429532,3679,8092.0,3165.0,3525.0,3218.0,2239.0,2963.0,2523.0,upstream,oil,7189,TX,False
United States,USA,"IR_2012-2020_tile_-105,30,-90,45_feature_1766_source_3",7191,31.36390137,-101.7801539,3.315917,9.460777,1737.808032,136.1565043,0.5173161,1691,8092.0,3165.0,3525.0,3218.0,2239.0,2963.0,2523.0,upstream,oil,7191,TX,False
United States,USA,"IR_2012-2020_tile_-105,30,-90,45_feature_1321_source_1",7192,31.74377465,-104.1053232,0.15276334,0.35564219,1829.654596,145.4849461,0.11699628,570,6349.0,2049.0,2213.0,1771.0,,1529.0,1305.0,upstream,oil,7192,TX,True
United States,USA,"IR_2012-2020_tile_-105,30,-90,45_feature_548_source_3",7194,32.44517804,-101.6735393,0.216141683,0.42940826,1838.253835,138.1349158,0.098460566,868,,,3560.0,3267.0,2284.0,3028.0,2589.0,upstream,oil,7194,TX,False
United States,USA,"IR_2012-2020_tile_-105,30,-90,45_feature_1083_source_3",7195,31.97140619,-103.75558,0.174060666,0.32918867,1830.69281,141.8588676,0.1354823,237,6706.0,2343.0,2524.0,2139.0,1394.0,1838.0,1568.0,upstream,oil,7195,TX,True
United States,USA,"IR_2012-2020_tile_-105,30,-90,45_feature_1227_source_3",7198,31.83917453,-103.8749233,0.126689,0.28956671,1881.246851,186.310092,0.18492086,984,6585.0,2238.0,2422.0,2009.0,1312.0,1732.0,1477.0,upstream,oil,7198,TX,True
United States,USA,"IR_2012-2020_tile_-105,30,-90,45_feature_1267_source_0",7199,31.79764776,-103.8861342,0.013459638,0.02095249,1874.178571,152.8937665,0.02360176,72,6586.0,2230.0,2412.0,1995.0,,1726.0,1472.0,upstream,oil,7199,TX,True
United States,USA,"IR_2012-2020_tile_-105,30,-90,45_feature_1143_source_0",7201,31.89665807,-103.6994611,0.007282183,0.01109024,1896.396552,171.5335435,0.0117194,118,6754.0,2386.0,,2173.0,,,1620.0,upstream,oil,7201,TX,True
United States,USA,"IR_2012-2020_tile_-105,30,-90,45_feature_1321_source_2",7202,31.74110317,-104.0943274,0.21988001,0.43819329,1823.222591,123.1171023,0.11795145,448,6349.0,2049.0,2223.0,1797.0,,,,upstream,oil,7202,TX,True
United States,USA,"IR_2012-2020_tile_-105,30,-90,45_feature_1757_source_5",7203,31.33393786,-103.0168143,0.10319377,0.184391973,1839.028754,145.2062403,0.060411708,381,,,3117.0,2786.0,1889.0,2512.0,2118.0,upstream,oil,7203,TX,False
United States,USA,"IR_2012-2020_tile_-105,30,-90,45_feature_1414_source_0",7204,31.69802012,-104.1484352,0.040234435,0.10182673,1882.625767,174.448969,0.03748904,245,,2011.0,2177.0,1740.0,1117.0,1493.0,,upstream,oil,7204,TX,True
United States,USA,"IR_2012-2020_tile_-105,30,-90,45_feature_1172_source_1",7207,31.88087138,-103.8207816,0.09253071,0.241989,1851.176136,177.3923095,0.10351791,698,,2293.0,2473.0,2074.0,,1800.0,1531.0,upstream,oil,7207,TX,True
United States,USA,"IR_2012-2020_tile_-105,30,-90,45_feature_1361_source_1",7213,31.72391531,-103.8943423,0.102399801,0.210083344,1854.665919,151.7778588,0.118490806,671,6570.0,2232.0,2413.0,1989.0,1317.0,1734.0,1465.0,upstream,oil,7213,TX,True
United States,USA,"IR_2012-2020_tile_-105,30,-90,45_feature_479_source_2",7214,32.48913534,-101.51874,0.033737743,0.0642498,1893.428218,174.5824362,0.07646942,699,,,3630.0,3351.0,,3112.0,2667.0,upstream,oil,7214,TX,False
United States,USA,"IR_2012-2020_tile_-105,30,-90,45_feature_1168_source_6",7215,31.88487104,-103.9667851,0.16760321,0.336408,1818.677273,178.4584098,0.20163997,1695,6491.0,2154.0,2348.0,1917.0,1244.0,1659.0,1412.0,upstream,oil,7215,TX,True
United States,USA,"IR_2012-2020_tile_-105,30,-90,45_feature_1131_source_2",7216,31.92473908,-103.6798975,0.18024266,0.40414505,1831.095358,163.2256974,0.15515112,1041,6781.0,2413.0,2598.0,2212.0,1460.0,1918.0,1642.0,upstream,oil,7216,TX,True
United States,USA,"IR_2012-2020_tile_-105,30,-90,45_feature_1230_source_5",7218,31.8682612,-103.9175136,0.102879596,0.2470798,1867.032,198.6528806,0.158995325,1238,6529.0,2190.0,2376.0,1962.0,1284.0,1702.0,1448.0,upstream,oil,7218,TX,True
United States,USA,"IR_2012-2020_tile_-105,30,-90,45_feature_1168_source_4",7219,31.88365342,-103.9600489,0.12130832,0.2408496,1847.558685,159.8448708,0.17254761,681,6491.0,2154.0,2348.0,1917.0,1244.0,1659.0,1412.0,upstream,oil,7219,TX,True
United States,USA,"IR_2012-2020_tile_-105,30,-90,45_feature_1285_source_5",7220,31.79737107,-103.8444554,0.177771934,0.42107268,1834.710247,177.0864805,0.143870751,1253,,2262.0,2459.0,2044.0,1343.0,1768.0,1504.0,upstream,oil,7220,TX,True
United States,USA,"IR_2012-2020_tile_-105,30,-90,45_feature_1547_source_4",7224,31.56522866,-103.124695,0.05556828,0.09352763,1940.007605,160.1003961,0.09887671,400,,2800.0,3081.0,2732.0,,2459.0,2078.0,upstream,oil,7224,TX,False
United States,USA,"IR_2012-2020_tile_-105,30,-90,45_feature_1266_source_0",7225,31.80903867,-103.9008219,0.09457017,0.5146494,1277.328302,266.131982,0.2091941,2272,,2207.0,,1983.0,1299.0,1715.0,1459.0,upstream,oil,7225,TX,True
United States,USA,"IR_2012-2020_tile_-105,30,-90,45_feature_1386_source_0",7226,31.67151846,-103.4742453,0.079369103,0.120938371,1938.461856,176.9350545,0.14343791,1103,7086.0,2609.0,2859.0,2479.0,1670.0,2199.0,1885.0,upstream,oil,7226,TX,True
United States,USA,"IR_2012-2020_tile_-105,30,-90,45_feature_1257_source_3",7227,31.82557981,-104.0484921,0.170162358,0.45241986,1800.095865,158.8030186,0.12799051,686,6397.0,2079.0,2258.0,1827.0,1179.0,1571.0,1341.0,upstream,oil,7227,TX,True
United States,USA,"IR_2012-2020_tile_-105,30,-90,45_feature_1414_source_2",7229,31.70209643,-104.1212249,0.022300074,0.03905566,1871.972477,152.5665719,0.040845929,199,6338.0,2034.0,2191.0,1750.0,1135.0,1519.0,1286.0,upstream,oil,7229,TX,True
United States,USA,"IR_2012-2020_tile_-105,30,-90,45_feature_1385_source_1",7231,31.69242456,-103.859874,0.05398754,0.12308849,1876.05314,205.0310736,0.08842024,505,6598.0,2253.0,2436.0,2023.0,1329.0,1769.0,,upstream,oil,7231,TX,True
United States,USA,"IR_2012-2020_tile_-105,30,-90,45_feature_1174_source_3",7233,31.89021998,-103.3871622,0.04475733,0.0893238,1946.589844,171.5990049,0.08655235,601,,2691.0,2942.0,2561.0,1732.0,2294.0,,upstream,oil,7233,TX,True
United States,USA,"IR_2012-2020_tile_-105,30,-90,45_feature_464_source_3",7234,32.51654374,-101.5936486,0.044803574,0.083267919,1912.996024,179.7537303,0.09936618,989,,,3591.0,3308.0,,3069.0,2633.0,upstream,oil,7234,TX,False
United States,USA,"IR_2012-2020_tile_-105,30,-90,45_feature_1490_source_6",7235,31.58558106,-103.8043386,0.03246195,0.06968856,1813.092715,176.0131072,0.03463936,299,6657.0,,2486.0,2090.0,,,1546.0,upstream,oil,7235,TX,True
United States,USA,"IR_2012-2020_tile_-105,30,-90,45_feature_1091_source_0",7238,31.95389957,-103.6785646,0.206812,0.43425286,1845.657791,146.8883912,0.15470468,1470,6777.0,2406.0,2604.0,2203.0,1459.0,1925.0,1641.0,upstream,oil,7238,TX,True
United States,USA,"IR_2012-2020_tile_-105,30,-90,45_feature_1992_source_1",7239,31.03871938,-103.5796316,0.09594749,0.18629863,1872.449328,154.9264611,0.1398693,1049,,,,2340.0,1564.0,2062.0,1758.0,upstream,oil,7239,TX,False
United States,USA,"IR_2012-2020_tile_-105,30,-90,45_feature_260_source_0",7240,33.2757553,-102.8609684,0.01671553,0.02744799,1974.010239,164.9038707,0.0613172,659,,,,,1932.0,2569.0,2165.0,upstream,oil,7240,TX,False
United States,USA,"IR_2012-2020_tile_-105,30,-90,45_feature_1218_source_1",7241,31.91451751,-103.9911422,0.11291457,0.24886922,1900.985948,189.5701283,0.18159157,927,6466.0,2128.0,2310.0,1888.0,1226.0,1631.0,1392.0,upstream,oil,7241,TX,True
United States,USA,"IR_2012-2020_tile_-105,30,-90,45_feature_1414_source_4",7242,31.70884207,-104.1168775,0.05257185,0.07830336,1922.575916,177.8305071,0.09478763,487,6338.0,2034.0,2204.0,1765.0,1135.0,1519.0,1297.0,upstream,oil,7242,TX,True
United States,USA,"IR_2012-2020_tile_-105,30,-90,45_feature_1386_source_1",7244,31.68830802,-103.4825215,0.061394438,0.119933812,1935.375,169.4467105,0.12908225,1106,7049.0,,2847.0,2473.0,1661.0,2190.0,1872.0,upstream,oil,7244,TX,True
United States,USA,"IR_2012-2020_tile_-105,30,-90,45_feature_548_source_1",7247,32.44185638,-101.6689697,0.284061781,0.611848273,1797.283859,113.7812696,0.096468269,603,,,3560.0,3267.0,2284.0,3028.0,2589.0,upstream,oil,7247,TX,False
United States,USA,"IR_2012-2020_tile_-105,30,-90,45_feature_1727_source_6",7248,31.36963045,-103.6327535,0.20780836,0.42238188,1833.253776,140.57021,0.16833412,802,6817.0,,,2260.0,1507.0,1984.0,1694.0,upstream,oil,7248,TX,True
United States,USA,"IR_2012-2020_tile_-105,30,-90,45_feature_506_source_2",7250,32.45210863,-101.6264488,0.049596097,0.094696333,1928.70696,144.6040262,0.057031551,367,,,3577.0,3288.0,2306.0,3058.0,,upstream,oil,7250,TX,False
United States,USA,"IR_2012-2020_tile_-105,30,-90,45_feature_1310_source_0",7251,31.76282885,-103.5081852,0.14257146,0.365412786,1804.815331,159.1369057,0.129110369,1113,,2579.0,2813.0,,1638.0,2161.0,1851.0,upstream,oil,7251,TX,True
United States,USA,"IR_2012-2020_tile_-105,30,-90,45_feature_1363_source_1",7252,31.70249229,-104.1500471,0.033182292,0.07050693,1849.8,178.8349091,0.029291628,116,,2011.0,2177.0,1740.0,,1493.0,,upstream,oil,7252,TX,True
United States,USA,"IR_2012-2020_tile_-105,30,-90,45_feature_1096_source_3",7254,31.96283626,-103.2564168,0.17636145,0.3172711,1862.325017,145.3087199,0.1640918,1665,,,,2671.0,1798.0,2391.0,2033.0,upstream,oil,7254,TX,False
United States,USA,"IR_2012-2020_tile_-105,30,-90,45_feature_1079_source_2",7255,31.96983764,-103.8779998,0.250216849,0.56631679,1866.686883,156.614529,0.15456068,975,6567.0,2236.0,2424.0,2022.0,,1750.0,1469.0,upstream,oil,7255,TX,True
United States,USA,"IR_2012-2020_tile_-105,30,-90,45_feature_1272_source_0",7256,31.79457598,-103.3874547,0.028085569,0.045938772,1938.943038,175.6474549,0.071927019,490,,2692.0,2943.0,2556.0,1733.0,2289.0,1947.0,upstream,oil,7256,TX,True
United States,USA,"IR_2012-2020_tile_-105,30,-90,45_feature_1301_source_0",7258,31.76969249,-103.8770369,0.116732263,0.279692798,1801.842222,133.9793168,0.082453601,610,6569.0,2231.0,2426.0,2000.0,1316.0,1733.0,1478.0,upstream,oil,7258,TX,True
United States,USA,"IR_2012-2020_tile_-105,30,-90,45_feature_1054_source_0",7261,31.99316991,-103.6409847,0.037162852,0.06761789,1847.817308,199.8266924,0.035860071,167,6833.0,2451.0,2654.0,2236.0,,,1683.0,upstream,oil,7261,TX,True
United States,USA,"IR_2012-2020_tile_-105,30,-90,45_feature_1172_source_3",7262,31.88199339,-103.8118367,0.15626751,0.4547137,1778.429412,154.3090988,0.08314197,548,,2293.0,2473.0,2074.0,1365.0,1800.0,1531.0,upstream,oil,7262,TX,True
United States,USA,"IR_2012-2020_tile_-105,30,-90,45_feature_1399_source_0",7264,31.71929846,-103.4171656,0.025359152,0.053351684,1846.295775,158.3233805,0.05532297,332,7166.0,2669.0,2920.0,2533.0,1718.0,2270.0,,upstream,oil,7264,TX,True
United States,USA,"IR_2012-2020_tile_-105,30,-90,45_feature_1329_source_5",7267,31.76713111,-103.8420061,0.410969381,0.806092913,1860.11344,124.5108633,0.224793346,2070,6611.0,2272.0,2456.0,2049.0,1344.0,1772.0,1511.0,upstream,oil,7267,TX,True
United States,USA,"IR_2012-2020_tile_-105,30,-90,45_feature_1421_source_0",7268,31.66591936,-103.9815577,0.0621242,0.16183761,1890.8,180.9567505,0.09875695,907,,2132.0,2319.0,1899.0,1234.0,1639.0,1402.0,upstream,oil,7268,TX,True
United States,USA,"IR_2012-2020_tile_-105,30,-90,45_feature_764_source_7",7269,32.28792812,-101.7470639,0.292450325,0.596940603,1835.821229,115.4806879,0.047404398,391,,,,,,,2540.0,upstream,oil,7269,TX,False
United States,USA,"IR_2012-2020_tile_-105,30,-90,45_feature_1140_source_4",7270,31.9106503,-103.8701925,0.095875987,0.15209369,1936.986555,160.3365363,0.138199633,880,6581.0,2237.0,,,1311.0,1740.0,1483.0,upstream,oil,7270,TX,True
United States,USA,"IR_2012-2020_tile_-105,30,-90,45_feature_1784_source_0",7273,31.29380377,-103.1543712,0.021648187,0.038395588,1753.24878,228.6062363,0.087203269,1005,,,,,1835.0,2441.0,2064.0,upstream,oil,7273,TX,False
United States,USA,"IR_2012-2020_tile_-105,30,-90,45_feature_1301_source_1",7274,31.76629105,-103.8862041,0.09821677,0.19978993,1896.334,172.4419045,0.14719487,965,6569.0,2231.0,2426.0,2000.0,1316.0,1733.0,1473.0,upstream,oil,7274,TX,True
United States,USA,"IR_2012-2020_tile_-105,30,-90,45_feature_1200_source_1",7275,31.85935475,-103.318354,0.078079201,0.15499304,1881.120729,168.0178196,0.14268912,817,7268.0,2732.0,2992.0,2621.0,1762.0,2342.0,1990.0,upstream,oil,7275,TX,True
United States,USA,"IR_2012-2020_tile_-105,30,-90,45_feature_1382_source_1",7276,31.69181699,-103.6618543,0.13322634,0.28647164,1867.891304,182.1136802,0.081483141,421,6803.0,2421.0,2624.0,2217.0,1469.0,1946.0,1661.0,upstream,oil,7276,TX,True
United States,USA,"IR_2012-2020_tile_-105,30,-90,45_feature_1089_source_1",7277,31.94850111,-101.4842732,0.310585402,0.71748899,1796.932367,167.8744219,0.11237794,537,8262.0,3239.0,3660.0,3366.0,,,,upstream,oil,7277,TX,False
United States,USA,"IR_2012-2020_tile_-105,30,-90,45_feature_1207_source_2",7278,31.85504766,-103.7935446,0.036735083,0.045273047,1918.54,144.3653296,0.053751106,271,6679.0,2308.0,2487.0,2089.0,1369.0,1806.0,,upstream,oil,7278,TX,True
United States,USA,"IR_2012-2020_tile_-105,30,-90,45_feature_764_source_2",7281,32.26880649,-101.8158158,0.25860788,0.5451945,1821.498641,125.3165557,0.15239435,947,8077.0,,3512.0,3196.0,2215.0,2936.0,2497.0,upstream,oil,7281,TX,False
United States,USA,"IR_2012-2020_tile_-105,30,-90,45_feature_284_source_1",7288,33.08033995,-102.7469057,0.015325445,0.044220044,1850.533333,178.6856458,0.02901574,254,,2886.0,3191.0,,,2596.0,,upstream,oil,7288,TX,False
United States,USA,"IR_2012-2020_tile_-105,30,-90,45_feature_1131_source_3",7289,31.89704448,-103.6930527,0.00822834,0.01382896,1920.6875,167.8216012,0.010760596,78,,,,,,,1620.0,upstream,oil,7289,TX,True
United States,USA,"IR_2012-2020_tile_-105,30,-90,45_feature_1695_source_1",7290,31.41775355,-102.165771,0.0841811,0.16244826,1819.545455,139.8264272,0.04533801,222,7903.0,3055.0,3362.0,3017.0,2051.0,2737.0,2312.0,upstream,oil,7290,TX,False
United States,USA,"IR_2012-2020_tile_-105,30,-90,45_feature_282_source_0",7292,33.12345521,-102.9579741,0.047323649,0.082330332,1935.822642,182.6584261,0.113485035,747,7431.0,2841.0,,2813.0,1916.0,2544.0,2143.0,upstream,oil,7292,TX,False
United States,USA,"IR_2012-2020_tile_-105,30,-90,45_feature_1321_source_0",7293,31.74345678,-104.0853899,0.144397145,0.234101869,1849.87766,141.9423052,0.089062222,286,6349.0,2049.0,2223.0,1797.0,1153.0,1550.0,,upstream,oil,7293,TX,True
United States,USA,"IR_2012-2020_tile_-105,30,-90,45_feature_1079_source_4",7294,31.96755245,-103.8572053,0.120984711,0.25168132,1897.095679,146.7743926,0.09812885,921,,2236.0,2424.0,2022.0,,1750.0,1493.0,upstream,oil,7294,TX,True
United States,USA,"IR_2012-2020_tile_-105,30,-90,45_feature_1803_source_0",7295,31.26429059,-103.6413453,0.022664643,0.036332055,1943.857143,161.0557998,0.058046863,517,6820.0,2439.0,2641.0,2246.0,1495.0,1975.0,,upstream,oil,7295,TX,False
United States,USA,"IR_2012-2020_tile_-105,30,-90,45_feature_1320_source_2",7296,31.74242766,-104.0733519,0.145425792,0.283202353,1849.286996,114.4851927,0.085236255,274,,2068.0,2247.0,1797.0,1153.0,1550.0,,upstream,oil,7296,TX,True
United States,USA,"IR_2012-2020_tile_-105,30,-90,45_feature_1390_source_2",7298,31.69584375,-103.9285484,0.10800101,0.2340483,1836.293015,188.9989481,0.1466466,1089,,2193.0,2380.0,1958.0,1280.0,1690.0,1438.0,upstream,oil,7298,TX,True
United States,USA,"IR_2012-2020_tile_-105,30,-90,45_feature_1163_source_0",7300,31.87879861,-103.6237222,0.026878235,0.04927881,1951.119883,170.8754384,0.08918862,807,,,,2269.0,1518.0,2004.0,1709.0,upstream,oil,7300,TX,True
United States,USA,"IR_2012-2020_tile_-105,30,-90,45_feature_1206_source_0",7302,31.8553014,-103.941973,0.171681321,0.375065083,1838.943775,169.2411824,0.188595216,1203,6520.0,2179.0,2365.0,1945.0,1267.0,1676.0,1426.0,upstream,oil,7302,TX,True
United States,USA,"IR_2012-2020_tile_-105,30,-90,45_feature_1119_source_1",7303,31.92982891,-103.6304021,0.248398812,0.60671649,1842.947028,156.7879286,0.233474664,2366,6842.0,2455.0,2650.0,2255.0,1504.0,1993.0,1702.0,upstream,oil,7303,TX,True
United States,USA,"IR_2012-2020_tile_-105,30,-90,45_feature_1472_source_8",7304,31.61259757,-104.0011362,0.13619319,0.25486348,1841.545213,135.2699157,0.09629235,505,6456.0,2133.0,2294.0,1872.0,1221.0,1625.0,1388.0,upstream,oil,7304,TX,True
United States,USA,"IR_2012-2020_tile_-105,30,-90,45_feature_1285_source_6",7305,31.79811459,-103.8514184,0.074982369,0.14775339,1851.95,180.830715,0.08077378,185,,2262.0,2459.0,2044.0,1343.0,1768.0,1504.0,upstream,oil,7305,TX,True
United States,USA,"IR_2012-2020_tile_-105,30,-90,45_feature_1356_source_3",7307,31.74002619,-103.4522122,0.094622612,0.1831626,1954.459916,170.2552919,0.177096844,1147,7090.0,2635.0,2887.0,2501.0,1688.0,2236.0,1908.0,upstream,oil,7307,TX,True
United States,USA,"IR_2012-2020_tile_-105,30,-90,45_feature_1218_source_11",7308,31.91479679,-104.0047562,0.10860966,0.23696047,1793.602703,172.5280204,0.110214819,1017,6440.0,2110.0,,,1215.0,1619.0,1382.0,upstream,oil,7308,TX,True
United States,USA,"IR_2012-2020_tile_-105,30,-90,45_feature_1390_source_3",7309,31.69517136,-103.8869877,0.05717076,0.12059925,1881.503226,194.2197085,0.085917895,336,6571.0,2233.0,2418.0,1996.0,1306.0,1721.0,,upstream,oil,7309,TX,True
United States,USA,"IR_2012-2020_tile_-105,30,-90,45_feature_1916_source_0",7310,31.11500748,-103.2014884,0.013369518,0.0297069,1907.663043,179.4249133,0.04610649,496,,,,2702.0,1815.0,2416.0,2045.0,upstream,oil,7310,TX,False
United States,USA,"IR_2012-2020_tile_-105,30,-90,45_feature_1200_source_2",7311,31.85683695,-103.3250683,0.06331122,0.10691355,1897.363344,162.4788974,0.08708911,856,7268.0,,,2621.0,1762.0,2342.0,1990.0,upstream,oil,7311,TX,True
United States,USA,"IR_2012-2020_tile_-105,30,-90,45_feature_1162_source_4",7312,31.88341023,-103.7347458,0.156507024,0.473748677,1829.6625,182.6448428,0.165763523,911,6743.0,2369.0,2543.0,2149.0,1401.0,1847.0,1580.0,upstream,oil,7312,TX,True
United States,USA,"IR_2012-2020_tile_-105,30,-90,45_feature_1759_source_4",7313,31.33473202,-103.6516429,0.037565327,0.06333195,1910.793651,127.4755076,0.037402141,231,,,,2245.0,1485.0,1960.0,1680.0,upstream,oil,7313,TX,True
United States,USA,"IR_2012-2020_tile_-105,30,-90,45_feature_486_source_1",7315,32.49882629,-101.6339626,0.19042476,0.4223283,1824.150235,127.7570261,0.09568595,1009,,,3571.0,3284.0,2299.0,3052.0,2613.0,upstream,oil,7315,TX,False
United States,USA,"IR_2012-2020_tile_-105,30,-90,45_feature_1347_source_1",7317,31.74861798,-103.6014412,0.06362328,0.14051661,1861.538244,167.3482716,0.06745419,512,6872.0,2490.0,2695.0,2298.0,1544.0,2037.0,1739.0,upstream,oil,7317,TX,True
United States,USA,"IR_2012-2020_tile_-105,30,-90,45_feature_1308_source_3",7318,31.78072562,-103.5647405,0.121621704,0.29732176,1912.438356,156.8265761,0.06103874,331,6917.0,2502.0,2721.0,2356.0,1581.0,2093.0,1789.0,upstream,oil,7318,TX,True
United States,USA,"IR_2012-2020_tile_-105,30,-90,45_feature_632_source_1",7321,32.34366195,-102.0130558,0.080232791,0.188022542,1864.946844,188.5172529,0.091953275,580,8006.0,,3435.0,3102.0,2136.0,2838.0,,upstream,oil,7321,TX,False
United States,USA,"IR_2012-2020_tile_-105,30,-90,45_feature_524_source_0",7322,32.42061367,-101.2195569,0.032944,0.0497417,1953.02,146.7363949,0.0432836,249,,,,,,,2763.0,upstream,oil,7322,TX,False
United States,USA,"IR_2012-2020_tile_-105,30,-90,45_feature_1218_source_9",7323,31.90386486,-103.9898002,0.105245574,0.228940014,1822.347985,192.6232629,0.135277553,879,6466.0,2128.0,2318.0,1889.0,1227.0,1632.0,1392.0,upstream,oil,7323,TX,True
United States,USA,"IR_2012-2020_tile_-105,30,-90,45_feature_1172_source_0",7325,31.88173336,-103.8370042,0.028695857,0.058148242,1898.125874,186.8717023,0.073868347,572,,,2473.0,,1352.0,1777.0,1515.0,upstream,oil,7325,TX,True
United States,USA,"IR_2012-2020_tile_-105,30,-90,45_feature_1295_source_0",7326,31.78206139,-104.0663018,0.176779367,0.348328744,1887.16958,140.2109085,0.117241729,814,6373.0,2072.0,2232.0,1812.0,1164.0,1564.0,,upstream,oil,7326,TX,True
United States,USA,"IR_2012-2020_tile_-105,30,-90,45_feature_1162_source_0",7330,31.88303813,-103.7238386,0.096299929,0.175400777,1878.932584,164.698792,0.129863384,487,6743.0,2369.0,2543.0,2149.0,1409.0,1865.0,1595.0,upstream,oil,7330,TX,True
United States,USA,"IR_2012-2020_tile_-105,30,-90,45_feature_1143_source_1",7331,31.89991978,-103.7146818,0.039893364,0.075813607,1905.670683,174.732831,0.076434835,834,6754.0,2369.0,2575.0,2173.0,1416.0,1868.0,1597.0,upstream,oil,7331,TX,True
United States,USA,"IR_2012-2020_tile_-105,30,-90,45_feature_1310_source_4",7332,31.75649222,-103.5098119,0.083725582,0.16077568,1809.439716,181.2542342,0.10077084,823,7022.0,2579.0,2813.0,2439.0,1638.0,2161.0,1851.0,upstream,oil,7332,TX,True
United States,USA,"IR_2012-2020_tile_-105,30,-90,45_feature_540_source_1",7333,32.42733825,-102.8103555,0.168327635,0.45528431,1795.648148,204.8883694,0.14923333,859,7469.0,2873.0,3173.0,2836.0,1940.0,2580.0,,upstream,oil,7333,TX,False
United States,USA,"IR_2012-2020_tile_-105,30,-90,45_feature_1388_source_1",7335,31.69809678,-101.9783709,0.055925792,0.11042345,1885.73747,152.5273411,0.07971935,728,8016.0,,3453.0,3128.0,2158.0,2861.0,2411.0,upstream,oil,7335,TX,False
United States,USA,"IR_2012-2020_tile_-105,30,-90,45_feature_1552_source_1",7339,31.57703526,-103.820347,0.03526765,0.065493472,1870.413793,227.3684109,0.061440188,318,6636.0,2294.0,2475.0,2070.0,1362.0,1794.0,1532.0,upstream,oil,7339,TX,True
United States,USA,"IR_2012-2020_tile_-105,30,-90,45_feature_829_source_0",7341,32.21211779,-101.935297,2.6348872,5.6081483,1788.553484,110.9548614,0.27126724,2555,8029.0,3130.0,3473.0,3147.0,2173.0,2877.0,2429.0,upstream,oil,7341,TX,False
United States,USA,"IR_2012-2020_tile_-105,30,-90,45_feature_1190_source_1",7343,31.87534918,-104.2753677,0.04722837,0.12037015,1869.069182,159.3659852,0.047704484,506,,1957.0,2104.0,1687.0,1065.0,1434.0,1241.0,upstream,oil,7343,TX,True
United States,USA,"IR_2012-2020_tile_-105,30,-90,45_feature_1491_source_7",7344,31.60654348,-103.6363902,0.1155349,0.3224422,1802.280342,181.8689865,0.10162381,936,,2443.0,2644.0,2250.0,1505.0,1982.0,1692.0,upstream,oil,7344,TX,True
United States,USA,"IR_2012-2020_tile_-105,30,-90,45_feature_1458_source_2",7347,31.61659839,-103.1412786,0.03519863,0.0770941,1902.894231,175.1781649,0.0728357,779,,,,,1842.0,2450.0,2070.0,upstream,oil,7347,TX,False
United States,USA,"IR_2012-2020_tile_-105,30,-90,45_feature_1161_source_0",7349,31.89023177,-101.6981004,0.106822456,0.294492511,1855.672289,155.6804685,0.086173158,934,8129.0,3188.0,,3253.0,2275.0,3017.0,2578.0,upstream,oil,7349,TX,False
United States,USA,"IR_2012-2020_tile_-105,30,-90,45_feature_1320_source_1",7353,31.74235801,-104.0543653,0.31895482,0.59496073,1864.513866,135.0847425,0.17602724,916,6405.0,2082.0,2247.0,1828.0,1173.0,1566.0,1337.0,upstream,oil,7353,TX,True
United States,USA,"IR_2012-2020_tile_-105,30,-90,45_feature_1360_source_2",7355,31.72924104,-104.0192783,0.072167747,0.1809203,1854.195364,177.9192974,0.092392628,955,6424.0,,,1853.0,1200.0,1604.0,1368.0,upstream,oil,7355,TX,True
United States,USA,"IR_2012-2020_tile_-105,30,-90,45_feature_1547_source_0",7356,31.57621126,-103.1262673,0.05923073,0.1111104,1894.506108,174.8184659,0.12184,1003,,,3081.0,2730.0,1849.0,2458.0,2077.0,upstream,oil,7356,TX,False
United States,USA,"IR_2012-2020_tile_-105,30,-90,45_feature_1207_source_0",7357,31.87044457,-103.7759419,0.114080352,0.27893888,1821.468672,173.4730979,0.117710044,1182,,2318.0,2502.0,,1376.0,1816.0,1554.0,upstream,oil,7357,TX,True
United States,USA,"IR_2012-2020_tile_-105,30,-90,45_feature_273_source_1",7358,33.18182399,-102.9579356,0.045483119,0.073372966,1935.959302,165.8628376,0.100002059,550,,2840.0,3140.0,2811.0,,,,upstream,oil,7358,TX,False
United States,USA,"IR_2012-2020_tile_-105,30,-90,45_feature_288_source_1",7360,33.06636098,-102.9566749,0.004811156,0.00729966,2003.587302,159.5913069,0.02323357,269,,,,,,,2145.0,upstream,oil,7360,TX,False
United States,USA,"IR_2012-2020_tile_-105,30,-90,45_feature_890_source_1",7362,32.15187606,-102.4198768,0.052070533,0.11821783,1857.757785,164.6632618,0.06225414,416,7707.0,2980.0,3283.0,2955.0,2012.0,2675.0,2250.0,upstream,oil,7362,TX,False
United States,USA,"IR_2012-2020_tile_-105,30,-90,45_feature_1347_source_0",7365,31.77642553,-103.6287718,0.006908527,0.015710592,1701.676471,263.1296617,0.042197977,490,,,,,,,1704.0,upstream,oil,7365,TX,True
United States,USA,"IR_2012-2020_tile_-105,30,-90,45_feature_1131_source_6",7366,31.91192013,-103.6671514,0.252990479,0.525016311,1894.779766,175.7341253,0.30750436,2089,6781.0,2416.0,2614.0,2212.0,1468.0,1938.0,1653.0,upstream,oil,7366,TX,True
United States,USA,"IR_2012-2020_tile_-105,30,-90,45_feature_1092_source_0",7368,31.94884111,-103.0458739,1.01555736,2.65034849,1764.125773,129.5542025,0.135626,807,7401.0,2816.0,3106.0,2763.0,1872.0,2488.0,2096.0,upstream,oil,7368,TX,False
United States,USA,"IR_2012-2020_tile_-105,30,-90,45_feature_1392_source_2",7371,31.71288581,-103.7546153,0.06707428,0.14047948,1915.277311,168.8000122,0.0778219,248,6711.0,2333.0,2519.0,2123.0,1384.0,1835.0,1570.0,upstream,oil,7371,TX,True
United States,USA,"IR_2012-2020_tile_-105,30,-90,45_feature_1432_source_1",7372,31.64223619,-102.1920415,0.05636169,0.12018515,1821.314856,181.0104999,0.10364456,1134,,3043.0,3345.0,2998.0,2040.0,2718.0,2300.0,upstream,oil,7372,TX,False
United States,USA,"IR_2012-2020_tile_-105,30,-90,45_feature_1271_source_1",7373,31.80888183,-104.1099038,0.14081948,0.27846393,1870.984436,161.4486455,0.11788568,422,6342.0,2037.0,2209.0,1781.0,,1513.0,,upstream,oil,7373,TX,True
United States,USA,"IR_2012-2020_tile_-105,30,-90,45_feature_1227_source_5",7375,31.84423878,-103.8811341,0.08951397,0.24069466,1853.659884,174.2764211,0.09430325,732,6585.0,2238.0,2422.0,2009.0,1312.0,1732.0,1477.0,upstream,oil,7375,TX,True
United States,USA,"IR_2012-2020_tile_-105,30,-90,45_feature_1945_source_0",7377,31.09205585,-103.0511642,0.036327442,0.066955514,1912.623737,173.5227472,0.0761827,717,,,3105.0,2765.0,1874.0,2490.0,2094.0,upstream,oil,7377,TX,False
United States,USA,"IR_2012-2020_tile_-105,30,-90,45_feature_1173_source_0",7378,31.88448289,-103.682583,0.029518161,0.06703239,1926.769231,186.6371683,0.07601047,572,6779.0,2401.0,2599.0,2195.0,1452.0,1916.0,,upstream,oil,7378,TX,True
United States,USA,"IR_2012-2020_tile_-105,30,-90,45_feature_1168_source_0",7381,31.91161379,-103.9576745,0.132019269,0.28611298,1832.028571,169.3225362,0.11986615,689,6498.0,2160.0,2347.0,1921.0,1251.0,1662.0,1415.0,upstream,oil,7381,TX,True
United States,USA,"IR_2012-2020_tile_-105,30,-90,45_feature_1150_source_2",7382,31.92636409,-103.5437185,0.20891893,0.46918767,1839.16641,142.7329768,0.18884871,1035,6963.0,2540.0,2762.0,2387.0,1605.0,2117.0,,upstream,oil,7382,TX,True
United States,USA,"IR_2012-2020_tile_-105,30,-90,45_feature_486_source_4",7383,32.49267831,-101.6284088,0.28243454,0.4191978,1824.771144,128.1361502,0.077492991,232,,,3571.0,3284.0,2299.0,3052.0,2613.0,upstream,oil,7383,TX,False
United States,USA,"IR_2012-2020_tile_-105,30,-90,45_feature_1385_source_3",7384,31.69321164,-103.868145,0.05360645,0.10269962,1835.697987,181.8351161,0.06763824,329,6598.0,2246.0,2436.0,2023.0,1321.0,1741.0,,upstream,oil,7384,TX,True
United States,USA,"IR_2012-2020_tile_-105,30,-90,45_feature_1095_source_1",7385,31.93934491,-103.360409,0.024936983,0.054947451,1898.416309,179.8533334,0.055818755,462,,2710.0,2952.0,,1747.0,2316.0,1968.0,upstream,oil,7385,TX,True
United States,USA,"IR_2012-2020_tile_-105,30,-90,45_feature_1121_source_3",7386,31.91324635,-103.8394733,0.04861049,0.08596446,1908.577586,167.1512402,0.07932922,183,6624.0,2271.0,,2051.0,1351.0,1776.0,1510.0,upstream,oil,7386,TX,True
United States,USA,"IR_2012-2020_tile_-105,30,-90,45_feature_1672_source_1",7387,31.42904581,-103.5470956,0.03508813,0.08326168,1871.269697,178.8609329,0.07147785,665,,,2748.0,,1599.0,2119.0,1812.0,upstream,oil,7387,TX,True
United States,USA,"IR_2012-2020_tile_-105,30,-90,45_feature_1091_source_2",7389,31.94024353,-103.6847312,0.039401359,0.066086257,1921.580645,173.9546638,0.084803811,519,6781.0,2400.0,2597.0,2194.0,1450.0,1914.0,1635.0,upstream,oil,7389,TX,True
United States,USA,"IR_2012-2020_tile_-105,30,-90,45_feature_1472_source_7",7391,31.61089631,-103.991098,0.103140742,0.196899579,1886.0,148.1070776,0.090375508,323,6484.0,2133.0,2315.0,1903.0,1221.0,1625.0,,upstream,oil,7391,TX,True
United States,USA,"IR_2012-2020_tile_-105,30,-90,45_feature_1267_source_1",7392,31.80393843,-103.8738268,0.09853197,0.18486276,1862.409226,178.8798915,0.14480048,1192,6586.0,2240.0,2425.0,2011.0,1319.0,1737.0,1481.0,upstream,oil,7392,TX,True
United States,USA,"IR_2012-2020_tile_-105,30,-90,45_feature_1809_source_1",7394,31.26700864,-103.0879491,0.3248766,0.7721987,1826.02329,175.1492341,0.2293346,1685,7391.0,2807.0,3091.0,2748.0,1858.0,2473.0,2087.0,upstream,oil,7394,TX,False
United States,USA,"IR_2012-2020_tile_-105,30,-90,45_feature_1788_source_1",7400,31.29765959,-103.0388291,0.019235069,0.039524098,1915.56338,153.5791976,0.030951328,251,7404.0,2820.0,,2770.0,1880.0,2500.0,,upstream,oil,7400,TX,False
United States,USA,"IR_2012-2020_tile_-105,30,-90,45_feature_1121_source_4",7401,31.92619559,-103.8221961,0.1815559,0.35641414,1901.805842,165.559569,0.239963942,1234,6649.0,2292.0,2472.0,2069.0,1358.0,1792.0,1530.0,upstream,oil,7401,TX,True
United States,USA,"IR_2012-2020_tile_-105,30,-90,45_feature_1016_source_2",7402,31.99933021,-103.7364053,0.045037404,0.084998962,1915.328829,147.5241772,0.077529423,393,6730.0,2368.0,2552.0,2138.0,,1841.0,1575.0,upstream,oil,7402,TX,True
United States,USA,"IR_2012-2020_tile_-105,30,-90,45_feature_268_source_0",7404,33.19699011,-102.9863947,0.028056861,0.050474068,1950.836066,141.2853386,0.079785219,480,,,,2793.0,1900.0,2524.0,2131.0,upstream,oil,7404,TX,False
United States,USA,"IR_2012-2020_tile_-105,30,-90,45_feature_281_source_0",7405,33.12369036,-102.9047074,0.026751355,0.048180574,1922.659763,173.9602406,0.085407649,813,,,3150.0,2824.0,1929.0,2564.0,2159.0,upstream,oil,7405,TX,False
United States,USA,"IR_2012-2020_tile_-105,30,-90,45_feature_1392_source_4",7407,31.72370439,-103.7509067,0.011988052,0.024720092,1903.637681,186.0988495,0.038889926,300,6711.0,2333.0,2532.0,2140.0,,,1573.0,upstream,oil,7407,TX,True
United States,USA,"IR_2012-2020_tile_-105,30,-90,45_feature_1507_source_0",7408,31.57804386,-103.3857354,0.03656418,0.08400697,1881.643956,190.8610007,0.100643706,994,,,,2567.0,1734.0,2295.0,1956.0,upstream,oil,7408,TX,True
United States,USA,"IR_2012-2020_tile_-105,30,-90,45_feature_1219_source_0",7410,31.85954936,-103.4333712,0.032416208,0.061874067,1945.679245,174.535838,0.071191228,452,7122.0,2648.0,2907.0,2519.0,,2254.0,1924.0,upstream,oil,7410,TX,True
United States,USA,"IR_2012-2020_tile_-105,30,-90,45_feature_1324_source_1",7412,31.76742098,-103.9768976,0.195681022,0.434652532,1835.539919,158.0079629,0.20359774,1242,6482.0,2146.0,2327.0,1901.0,1237.0,1643.0,1405.0,upstream,oil,7412,TX,True
United States,USA,"IR_2012-2020_tile_-105,30,-90,45_feature_1262_source_2",7414,31.80916792,-104.0136958,0.29755638,0.63502846,1834.987688,151.7364556,0.18196902,1067,6446.0,2114.0,2291.0,1866.0,,1612.0,,upstream,oil,7414,TX,True
United States,USA,"IR_2012-2020_tile_-105,30,-90,45_feature_1356_source_1",7415,31.72126888,-103.44405,0.06114599,0.11586945,1928.02243,176.8976986,0.14230243,1118,7126.0,2646.0,2897.0,2511.0,1698.0,2242.0,1916.0,upstream,oil,7415,TX,True
United States,USA,"IR_2012-2020_tile_-105,30,-90,45_feature_1371_source_0",7417,31.70247201,-103.4569645,0.02827157,0.05110534,1933.159875,169.843934,0.06871989,627,,,,2499.0,1687.0,2228.0,1902.0,upstream,oil,7417,TX,True
United States,USA,"IR_2012-2020_tile_-105,30,-90,45_feature_1429_source_0",7418,31.66429535,-103.8955244,0.059373623,0.114276297,1888.276471,184.5818168,0.087723078,665,,,2423.0,1990.0,1307.0,1722.0,1467.0,upstream,oil,7418,TX,True
United States,USA,"IR_2012-2020_tile_-105,30,-90,45_feature_1054_source_3",7420,31.99728137,-103.6313694,0.139008174,0.256650842,1848.689956,173.3395208,0.115205973,540,6833.0,2451.0,2654.0,2254.0,,,,upstream,oil,7420,TX,True
United States,USA,"IR_2012-2020_tile_-105,30,-90,45_feature_1465_source_1",7426,31.643323,-103.8582264,0.233103886,0.648863845,1831.436718,185.1952804,0.176730442,1199,6603.0,2258.0,2454.0,2030.0,1333.0,1753.0,1492.0,upstream,oil,7426,TX,True
United States,USA,"IR_2012-2020_tile_-105,30,-90,45_feature_1353_source_0",7427,31.72300926,-103.9894645,0.04556439,0.09171496,1909.773256,172.7472134,0.07578208,698,6469.0,2138.0,2314.0,1897.0,1231.0,1636.0,1398.0,upstream,oil,7427,TX,True
United States,USA,"IR_2012-2020_tile_-105,30,-90,45_feature_1141_source_0",7428,31.91472569,-103.7615603,0.076487293,0.15675485,1930.335165,166.1361134,0.13935755,1022,,,2521.0,2125.0,1387.0,1830.0,1565.0,upstream,oil,7428,TX,True
United States,USA,"IR_2012-2020_tile_-105,30,-90,45_feature_573_source_1",7429,32.40838853,-101.5478505,0.184107711,0.41240412,1875.640065,112.7947276,0.093317084,741,,,3622.0,3345.0,2342.0,3100.0,2657.0,upstream,oil,7429,TX,False
United States,USA,"IR_2012-2020_tile_-105,30,-90,45_feature_1104_source_0",7430,31.94200653,-103.9107682,0.048618343,0.105436502,1922.126582,175.3093974,0.077940199,509,6545.0,2206.0,2391.0,1969.0,1291.0,1704.0,1456.0,upstream,oil,7430,TX,True
United States,USA,"IR_2012-2020_tile_-105,30,-90,45_feature_268_source_1",7432,33.19633338,-102.9966517,0.044826492,0.08585268,1955.764463,165.7609248,0.08885162,758,,,,2793.0,1900.0,2524.0,2126.0,upstream,oil,7432,TX,False
United States,USA,"IR_2012-2020_tile_-105,30,-90,45_feature_1474_source_1",7434,31.61643718,-102.2107109,0.03598716,0.0745729,1838.92029,165.8509922,0.03829231,298,7846.0,3028.0,3336.0,2992.0,2035.0,2711.0,2293.0,upstream,oil,7434,TX,False
United States,USA,"IR_2012-2020_tile_-105,30,-90,45_feature_1870_source_2",7435,31.20131193,-103.6769034,0.13064557,0.31406982,1807.972637,140.4004463,0.06808619,545,,,2610.0,2210.0,1457.0,1922.0,,upstream,oil,7435,TX,False
United States,USA,"IR_2012-2020_tile_-105,30,-90,45_feature_632_source_0",7441,32.35503869,-102.0092179,0.021271506,0.04219045,1832.321839,161.978748,0.017326061,126,8006.0,3110.0,,3105.0,2139.0,2837.0,,upstream,oil,7441,TX,False
United States,USA,"IR_2012-2020_tile_-105,30,-90,45_feature_1780_source_2",7442,31.32702726,-103.225076,0.029699551,0.04612388,1929.351852,143.2088164,0.04215585,239,7338.0,2769.0,3043.0,2687.0,1811.0,2410.0,,upstream,oil,7442,TX,False
United States,USA,"IR_2012-2020_tile_-105,30,-90,45_feature_1356_source_2",7443,31.73547127,-103.4721141,0.09057165,0.22391635,1883.504601,189.9499328,0.19109914,1431,7090.0,2613.0,2864.0,2485.0,1674.0,2207.0,1887.0,upstream,oil,7443,TX,True
United States,USA,"IR_2012-2020_tile_-105,30,-90,45_feature_282_source_2",7444,33.13319301,-102.9567844,0.026251054,0.0428991,1915.815,165.2649109,0.057436777,489,7431.0,2841.0,,2813.0,,,2143.0,upstream,oil,7444,TX,False
United States,USA,"IR_2012-2020_tile_-105,30,-90,45_feature_909_source_1",7445,32.13618828,-102.1379931,0.250775035,0.52673275,1746.847547,148.2165249,0.159065261,1680,7941.0,,3381.0,3034.0,2066.0,2756.0,2325.0,upstream,oil,7445,TX,False
United States,USA,"IR_2012-2020_tile_-105,30,-90,45_feature_1266_source_2",7446,31.7970464,-103.926989,0.069709096,0.138919541,1977.043956,151.8374573,0.069838793,434,6530.0,2180.0,2378.0,1949.0,1276.0,1689.0,1437.0,upstream,oil,7446,TX,True
United States,USA,"IR_2012-2020_tile_-105,30,-90,45_feature_1263_source_2",7447,31.81183566,-103.9678725,0.084977492,0.182213412,1860.891892,172.0086815,0.12105439,954,6489.0,2152.0,2344.0,1912.0,1245.0,1656.0,1411.0,upstream,oil,7447,TX,True
United States,USA,"IR_2012-2020_tile_-105,30,-90,45_feature_1900_source_0",7448,31.14920169,-102.9576072,0.0635526,0.1234927,1905.181102,173.4344605,0.12457432,1154,,,3141.0,2815.0,1918.0,2547.0,2146.0,upstream,oil,7448,TX,False
United States,USA,"IR_2012-2020_tile_-105,30,-90,45_feature_1089_source_0",7449,31.95884893,-101.4892571,0.069169716,0.143048828,1924.619792,161.7344345,0.05400976,453,8262.0,3239.0,3660.0,3366.0,,3126.0,2677.0,upstream,oil,7449,TX,False
United States,USA,"IR_2012-2020_tile_-105,30,-90,45_feature_1927_source_2",7451,31.10786851,-103.6352366,0.0736973,0.12060499,1877.497899,132.3639384,0.06852059,618,,,,,1501.0,1986.0,1695.0,upstream,oil,7451,TX,False
United States,USA,"IR_2012-2020_tile_-105,30,-90,45_feature_554_source_3",7454,32.43021725,-101.5751733,0.059773074,0.106060329,1926.490494,125.008315,0.05295474,329,,,3609.0,3326.0,2324.0,3081.0,,upstream,oil,7454,TX,False
United States,USA,"IR_2012-2020_tile_-105,30,-90,45_feature_1788_source_2",7455,31.29090991,-103.0341236,0.027074362,0.06506745,1845.642202,153.2258945,0.043532139,245,7404.0,2820.0,3111.0,2770.0,1880.0,2500.0,2108.0,upstream,oil,7455,TX,False
United States,USA,"IR_2012-2020_tile_-105,30,-90,45_feature_1436_source_1",7456,31.66549818,-103.6627435,0.03207493,0.062536863,1867.68,165.3664343,0.05249312,314,6798.0,2422.0,2617.0,2211.0,1463.0,1931.0,,upstream,oil,7456,TX,True
United States,USA,"IR_2012-2020_tile_-105,30,-90,45_feature_1300_source_2",7457,31.76961255,-104.0139034,0.141682548,0.3039423,1845.696742,175.0131632,0.19816288,1448,6447.0,2115.0,2292.0,1867.0,1209.0,1613.0,1376.0,upstream,oil,7457,TX,True
United States,USA,"IR_2012-2020_tile_-105,30,-90,45_feature_1472_source_3",7458,31.62616127,-103.9698353,0.0284141,0.06204439,1874.060914,154.3827281,0.05571888,311,,,,1903.0,1247.0,1645.0,1403.0,upstream,oil,7458,TX,True
United States,USA,"IR_2012-2020_tile_-105,30,-90,45_feature_1491_source_3",7460,31.606859,-103.6553102,0.05688115,0.09617876,1776.224719,172.1603318,0.07247804,536,,2414.0,2644.0,2229.0,1481.0,1957.0,1655.0,upstream,oil,7460,TX,True
United States,USA,"IR_2012-2020_tile_-105,30,-90,45_feature_1300_source_0",7461,31.78154517,-104.0287871,0.12617925,0.28084502,1846.443506,175.3537373,0.1836311,1520,6428.0,2099.0,2260.0,1847.0,1194.0,1598.0,1364.0,upstream,oil,7461,TX,True
United States,USA,"IR_2012-2020_tile_-105,30,-90,45_feature_890_source_0",7462,32.15050405,-102.4260298,0.040813893,0.07814342,1868.608434,131.1929405,0.032213538,275,7707.0,2980.0,,2955.0,2012.0,2675.0,2250.0,upstream,oil,7462,TX,False
United States,USA,"IR_2012-2020_tile_-105,30,-90,45_feature_1083_source_1",7464,31.97688353,-103.7520187,0.13239099,0.25743869,1881.827976,148.3663251,0.18118,1965,6714.0,2343.0,2524.0,2139.0,1394.0,1838.0,1568.0,upstream,oil,7464,TX,True
United States,USA,"IR_2012-2020_tile_-105,30,-90,45_feature_1494_source_3",7465,31.58186403,-104.0446813,0.118838966,0.20057098,1867.587591,157.5677863,0.10690923,482,6412.0,2089.0,2262.0,1833.0,,,,upstream,oil,7465,TX,True
United States,USA,"IR_2012-2020_tile_-105,30,-90,45_feature_2014_source_0",7466,31.00256687,-103.3377251,0.061955724,0.089951792,1969.080808,147.3362592,0.093833431,480,7248.0,2724.0,2980.0,,,,,upstream,oil,7466,TX,False
United States,USA,"IR_2012-2020_tile_-105,30,-90,45_feature_692_source_2",7468,32.28993466,-101.4181341,0.030304624,0.055974452,1923.976821,166.7006561,0.056398238,553,,,,3397.0,2382.0,3163.0,2707.0,upstream,oil,7468,TX,False
United States,USA,"IR_2012-2020_tile_-105,30,-90,45_feature_1459_source_1",7471,31.63988188,-104.0570026,0.168559886,0.32871057,1818.860927,126.5150066,0.059714304,361,,,,1824.0,1168.0,1567.0,1333.0,upstream,oil,7471,TX,True
United States,USA,"IR_2012-2020_tile_-105,30,-90,45_feature_1421_source_1",7472,31.6653801,-103.9889519,0.05567028,0.13919989,1867.192308,184.6050224,0.07132065,325,,2132.0,2319.0,1893.0,1234.0,1639.0,1402.0,upstream,oil,7472,TX,True
United States,USA,"IR_2012-2020_tile_-105,30,-90,45_feature_1168_source_3",7475,31.89883853,-103.9557063,0.104163304,0.187114133,1907.719457,149.676644,0.138106808,549,6499.0,2161.0,2358.0,1922.0,1252.0,1663.0,,upstream,oil,7475,TX,True
United States,USA,"IR_2012-2020_tile_-105,30,-90,45_feature_1086_source_1",7478,31.95568124,-104.1013713,0.05459786,0.13129754,1859.784091,145.9135367,0.05430542,199,6346.0,2043.0,2216.0,1780.0,,1535.0,1310.0,upstream,oil,7478,TX,True
United States,USA,"IR_2012-2020_tile_-105,30,-90,45_feature_1321_source_3",7479,31.74406477,-104.114791,0.05470872,0.1171818,1824.707113,163.6607817,0.05856551,365,6349.0,2049.0,2213.0,1771.0,,1522.0,1296.0,upstream,oil,7479,TX,True
United States,USA,"IR_2012-2020_tile_-105,30,-90,45_feature_1096_source_0",7480,31.98553391,-103.2593734,0.04165711,0.068727,1885.445471,198.0847838,0.1061461,1004,,,,2668.0,1793.0,2390.0,2032.0,upstream,oil,7480,TX,False
United States,USA,"IR_2012-2020_tile_-105,30,-90,45_feature_486_source_6",7481,32.48832651,-101.6452454,0.21904878,0.4521738,1850.784469,127.4974826,0.099390415,757,,,3571.0,3279.0,2294.0,3044.0,2607.0,upstream,oil,7481,TX,False
United States,USA,"IR_2012-2020_tile_-105,30,-90,45_feature_1350_source_0",7482,31.74905684,-103.281623,0.029231642,0.064136099,1876.828947,159.9076533,0.064341886,418,7291.0,2747.0,3015.0,2652.0,,2372.0,2018.0,upstream,oil,7482,TX,False
United States,USA,"IR_2012-2020_tile_-105,30,-90,45_feature_1285_source_0",7486,31.79635593,-103.8228815,0.21738482,0.46259362,1832.916049,137.7463418,0.13945605,1049,,2288.0,2468.0,2062.0,1361.0,1795.0,1534.0,upstream,oil,7486,TX,True
United States,USA,"IR_2012-2020_tile_-105,30,-90,45_feature_1375_source_4",7487,31.73904521,-103.9454047,0.086231714,0.202656542,1851.812112,167.0455747,0.09102715,924,6504.0,,2359.0,,1265.0,1675.0,1422.0,upstream,oil,7487,TX,True
United States,USA,"IR_2012-2020_tile_-105,30,-90,45_feature_281_source_1",7489,33.1220346,-102.9207215,0.006929306,0.01252656,1922.5,156.693417,0.03084725,220,,,,2821.0,,,,upstream,oil,7489,TX,False
United States,USA,"IR_2012-2020_tile_-105,30,-90,45_feature_1392_source_3",7490,31.71148903,-103.7666419,0.3300108,0.8982588,1892.656442,169.9900396,0.2510686,2097,6696.0,2333.0,2519.0,2123.0,1384.0,1826.0,1561.0,upstream,oil,7490,TX,True
United States,USA,"IR_2012-2020_tile_-105,30,-90,45_feature_1096_source_1",7491,31.95929241,-103.2327006,0.02547836,0.03666772,1899.902041,195.9115757,0.0682413,528,,,,2684.0,1808.0,2402.0,2039.0,upstream,oil,7491,TX,False
United States,USA,"IR_2012-2020_tile_-105,30,-90,45_feature_1096_source_4",7493,31.95528288,-103.2484456,0.06793359,0.1452317,1827.601227,196.3195573,0.11780966,270,,,,2671.0,1798.0,2391.0,2033.0,upstream,oil,7493,TX,False
United States,USA,"IR_2012-2020_tile_-105,30,-90,45_feature_1876_source_0",7494,31.18594886,-103.6381599,0.144638419,0.253036023,1880.393464,135.9197599,0.094751061,954,,,2646.0,2252.0,1500.0,1983.0,1693.0,upstream,oil,7494,TX,False
United States,USA,"IR_2012-2020_tile_-105,30,-90,45_feature_285_source_8",7496,33.12322418,-102.9757302,0.010540079,0.017464011,1944.730159,163.1102175,0.038630473,362,,,,2804.0,,2536.0,,upstream,oil,7496,TX,False
United States,USA,"IR_2012-2020_tile_-105,30,-90,45_feature_1307_source_0",7497,31.75261658,-103.7269423,0.022492284,0.045291975,1864.152838,182.5349599,0.04423436,446,,2370.0,,,,1854.0,1583.0,upstream,oil,7497,TX,True
United States,USA,"IR_2012-2020_tile_-105,30,-90,45_feature_1884_source_0",7498,31.16904518,-101.6667566,0.070059685,0.152349387,1914.408163,176.0149813,0.113470382,789,8145.0,3196.0,3567.0,3271.0,2288.0,3033.0,2595.0,upstream,oil,7498,TX,False
United States,USA,"IR_2012-2020_tile_-105,30,-90,45_feature_1218_source_10",7499,31.88952619,-103.9943411,0.323124684,0.735819831,1849.861039,155.5764485,0.233056769,1422,6460.0,2123.0,2304.0,1880.0,1223.0,1627.0,1389.0,upstream,oil,7499,TX,True
United States,USA,"IR_2012-2020_tile_-105,30,-90,45_feature_1390_source_5",7500,31.69336614,-103.9097793,0.072838753,0.15815753,1828.83871,180.3705873,0.084512241,542,,2209.0,2380.0,1958.0,1280.0,1707.0,1452.0,upstream,oil,7500,TX,True
United States,USA,"IR_2012-2020_tile_-105,30,-90,45_feature_595_source_0",7502,32.36109136,-102.0095079,0.02680323,0.055237,1804.2,137.5443686,0.015185862,101,,3110.0,,3105.0,2139.0,2837.0,,upstream,oil,7502,TX,False
United States,USA,"IR_2012-2020_tile_-105,30,-90,45_feature_1682_source_1",7503,31.41352522,-103.0490248,0.02025403,0.03935601,1909.967213,160.7634162,0.051381,479,,,,2764.0,1873.0,2489.0,2097.0,upstream,oil,7503,TX,False
United States,USA,"IR_2012-2020_tile_-105,30,-90,45_feature_1198_source_3",7504,31.87139327,-104.0347018,0.055381162,0.122410321,1874.386029,158.5766477,0.064851863,502,6422.0,2095.0,,1840.0,1184.0,1587.0,1367.0,upstream,oil,7504,TX,True
United States,USA,"IR_2012-2020_tile_-105,30,-90,45_feature_1644_source_0",7506,31.52747098,-102.652866,0.029690107,0.04515021,1871.418719,176.8820459,0.043545296,299,7592.0,,3235.0,2901.0,,2624.0,2206.0,upstream,oil,7506,TX,False
United States,USA,"IR_2012-2020_tile_-105,30,-90,45_feature_1671_source_0",7507,31.45723632,-103.5344049,0.015633801,0.032400187,1853.438095,174.5732715,0.046527673,352,,,,2412.0,1617.0,2133.0,1828.0,upstream,oil,7507,TX,True
United States,USA,"IR_2012-2020_tile_-105,30,-90,45_feature_1227_source_2",7509,31.84154938,-103.852878,0.09227507,0.17873047,1890.304933,166.9684762,0.1387981,554,6620.0,2273.0,2458.0,2052.0,1332.0,1757.0,1498.0,upstream,oil,7509,TX,True
United States,USA,"IR_2012-2020_tile_-105,30,-90,45_feature_1079_source_5",7511,31.97028328,-103.9251368,0.07391661,0.18899518,1872.258216,164.3818525,0.09052309,495,6535.0,2189.0,2375.0,1968.0,1283.0,1697.0,1442.0,upstream,oil,7511,TX,True
United States,USA,"IR_2012-2020_tile_-105,30,-90,45_feature_1131_source_4",7513,31.91107497,-103.685663,0.24327187,0.4637905,1853.932127,149.6543299,0.20163921,1390,6778.0,2416.0,2598.0,2191.0,1451.0,1915.0,1629.0,upstream,oil,7513,TX,True
United States,USA,"IR_2012-2020_tile_-105,30,-90,45_feature_1150_source_8",7515,31.893667,-103.5230872,0.099347844,0.25057701,1858.102473,184.900279,0.07099721,514,,2566.0,2781.0,2417.0,1623.0,2143.0,,upstream,oil,7515,TX,True
United States,USA,"IR_2012-2020_tile_-105,30,-90,45_feature_1267_source_2",7517,31.81194576,-103.860649,0.045157834,0.093115384,1848.112903,176.9205008,0.066434975,435,6586.0,2252.0,2440.0,2026.0,1327.0,1746.0,1489.0,upstream,oil,7517,TX,True
United States,USA,"IR_2012-2020_tile_-105,30,-90,45_feature_1491_source_4",7518,31.60759817,-103.6690353,0.124942495,0.33758409,1818.289773,169.7373007,0.067865884,580,6791.0,2414.0,2612.0,2229.0,1465.0,1940.0,1655.0,upstream,oil,7518,TX,True
United States,USA,"IR_2012-2020_tile_-105,30,-90,45_feature_1329_source_3",7519,31.76722404,-103.8524693,0.09259321,0.18050696,1894.390805,150.8619188,0.08578084,206,6611.0,2263.0,2456.0,2049.0,1344.0,1772.0,1511.0,upstream,oil,7519,TX,True
United States,USA,"IR_2012-2020_tile_-105,30,-90,45_feature_1992_source_4",7520,31.03515865,-103.5988791,0.02487863,0.0468741,1872.361446,158.0659904,0.03302266,275,,,,2314.0,1546.0,2062.0,1758.0,upstream,oil,7520,TX,False
United States,USA,"IR_2012-2020_tile_-105,30,-90,45_feature_1356_source_4",7521,31.73664569,-103.4334183,0.010864467,0.015707711,1978.295238,164.14691,0.03390155,284,,,,2520.0,1708.0,2255.0,,upstream,oil,7521,TX,True
United States,USA,"IR_2012-2020_tile_-105,30,-90,45_feature_1022_source_1",7523,31.98808772,-103.9257707,0.040225157,0.06694332,1904.35,148.5919833,0.05502363,242,6534.0,2197.0,2382.0,1947.0,,,,upstream,oil,7523,TX,True
United States,USA,"IR_2012-2020_tile_-105,30,-90,45_feature_1541_source_0",7524,31.55646744,-102.0328916,0.089340584,0.172995594,1918.502959,161.4877988,0.118724959,743,8002.0,3107.0,3425.0,3089.0,2122.0,2823.0,2379.0,upstream,oil,7524,TX,False
United States,USA,"IR_2012-2020_tile_-105,30,-90,45_feature_1417_source_3",7526,31.6970333,-103.6912163,0.048969389,0.098032327,1888.335079,194.9244525,0.09373175,651,,2396.0,2590.0,2188.0,1439.0,1895.0,1623.0,upstream,oil,7526,TX,True
United States,USA,"IR_2012-2020_tile_-105,30,-90,45_feature_1678_source_1",7527,31.42285349,-102.3402258,0.04124044,0.09518857,1854.666667,171.1368688,0.05931727,421,7744.0,2989.0,3296.0,2965.0,2017.0,2681.0,2254.0,upstream,oil,7527,TX,False
United States,USA,"IR_2012-2020_tile_-105,30,-90,45_feature_498_source_0",7528,32.45476522,-101.3973163,0.02726246,0.06260784,1891.758621,149.7479465,0.03528376,270,,,,3406.0,2391.0,3172.0,2720.0,upstream,oil,7528,TX,False
United States,USA,"IR_2012-2020_tile_-105,30,-90,45_feature_1227_source_6",7529,31.85526899,-103.8574077,0.04978308,0.09820426,1908.801471,166.9128348,0.08288076,385,6610.0,2261.0,2439.0,2038.0,1332.0,1757.0,,upstream,oil,7529,TX,True
United States,USA,"IR_2012-2020_tile_-105,30,-90,45_feature_1143_source_2",7530,31.90748105,-103.708576,0.05734338,0.10810689,1930.613095,157.2927936,0.0928523,455,6754.0,2386.0,2575.0,2173.0,,1868.0,1597.0,upstream,oil,7530,TX,True
United States,USA,"IR_2012-2020_tile_-105,30,-90,45_feature_646_source_0",7531,32.33896807,-102.5913156,0.017050183,0.024040964,1992.565217,136.71874,0.037743915,257,7638.0,2947.0,3256.0,,,,2226.0,upstream,oil,7531,TX,False
United States,USA,"IR_2012-2020_tile_-105,30,-90,45_feature_1324_source_5",7532,31.75203464,-103.9792037,0.036962414,0.074005134,1932.164474,185.7135756,0.069558636,561,6482.0,2146.0,2328.0,1902.0,1238.0,1644.0,,upstream,oil,7532,TX,True
United States,USA,"IR_2012-2020_tile_-105,30,-90,45_feature_1315_source_1",7534,31.7454014,-103.4004512,0.03939753,0.07687118,1944.662162,147.0370129,0.06443814,591,,,,2548.0,1724.0,2280.0,1942.0,upstream,oil,7534,TX,True
United States,USA,"IR_2012-2020_tile_-105,30,-90,45_feature_1061_source_0",7535,31.99363786,-102.6597617,0.034487006,0.05526048,1921.242424,148.3181532,0.043755375,191,7588.0,2926.0,3229.0,2899.0,,,,upstream,oil,7535,TX,False
United States,USA,"IR_2012-2020_tile_-105,30,-90,45_feature_1262_source_4",7536,31.82392804,-103.9904992,0.05553962,0.1406005,1852.332203,196.4812963,0.0981667,709,,2130.0,2312.0,1891.0,1229.0,1634.0,1394.0,upstream,oil,7536,TX,True
United States,USA,"IR_2012-2020_tile_-105,30,-90,45_feature_1615_source_0",7537,31.49262484,-103.1320346,0.04231276,0.08462043,1865.587896,158.8860726,0.04366056,505,,,,2729.0,1846.0,2455.0,2074.0,upstream,oil,7537,TX,False
United States,USA,"IR_2012-2020_tile_-105,30,-90,45_feature_1441_source_0",7538,31.63927704,-103.650785,0.07155604,0.15870585,1882.918919,148.8112436,0.03818003,304,,,,2228.0,1480.0,1956.0,1674.0,upstream,oil,7538,TX,True
United States,USA,"IR_2012-2020_tile_-105,30,-90,45_feature_565_source_1",7539,32.38827622,-102.2161899,0.1589255,0.2980932,1955.888535,132.3671801,0.0752045,869,,,,,,2710.0,2290.0,upstream,oil,7539,TX,False
United States,USA,"IR_2012-2020_tile_-105,30,-90,45_feature_1122_source_0",7540,31.92396475,-102.619091,0.06673023,0.17427695,1844.550847,195.9424248,0.08195853,374,7621.0,2938.0,3246.0,2917.0,1984.0,2635.0,,upstream,oil,7540,TX,False
United States,USA,"IR_2012-2020_tile_-105,30,-90,45_feature_337_source_0",7541,32.76878576,-102.8086194,0.007069696,0.015600874,1824.169231,151.6660876,0.021998356,240,7468.0,,,,,,2171.0,upstream,oil,7541,TX,False
United States,USA,"IR_2012-2020_tile_-105,30,-90,45_feature_256_source_0",7543,33.37444007,-102.8848989,0.01462596,0.02783515,1903.716981,193.750054,0.04478913,371,,,,2828.0,,,,upstream,oil,7543,TX,False
United States,USA,"IR_2012-2020_tile_-105,30,-90,45_feature_1206_source_1",7544,31.83856904,-103.9460399,0.0664682,0.13772742,1877.647458,192.7588582,0.10014602,619,6517.0,2176.0,2363.0,1933.0,1263.0,1674.0,1421.0,upstream,oil,7544,TX,True
United States,USA,"IR_2012-2020_tile_-105,30,-90,45_feature_2002_source_0",7545,31.03039517,-103.528696,0.03697221,0.06133583,1918.223443,180.4192855,0.05748234,469,,,,2413.0,1619.0,2140.0,1834.0,upstream,oil,7545,TX,False
United States,USA,"IR_2012-2020_tile_-105,30,-90,45_feature_1761_source_2",7546,31.3198583,-103.6108794,0.088935475,0.233176285,1781.889503,157.2587654,0.033072656,256,,,2694.0,2312.0,1526.0,2019.0,1726.0,upstream,oil,7546,TX,True
United States,USA,"IR_2012-2020_tile_-105,30,-90,45_feature_270_source_0",7547,33.16720132,-102.9915068,0.10113624,0.18766782,1927.368349,150.6247949,0.13723475,1023,,,3125.0,2794.0,1903.0,2526.0,,upstream,oil,7547,TX,False
United States,USA,"IR_2012-2020_tile_-105,30,-90,45_feature_467_source_1",7548,32.50549048,-102.6198027,0.02728287,0.048485995,1882.09009,154.8955213,0.053591495,288,,,3245.0,2915.0,,,,upstream,oil,7548,TX,False
United States,USA,"IR_2012-2020_tile_-105,30,-90,45_feature_1687_source_2",7549,31.42444682,-103.0795607,0.05538351,0.084976686,1875.936242,180.4016751,0.066228275,486,,,3095.0,2753.0,1861.0,2474.0,,upstream,oil,7549,TX,False
United States,USA,"IR_2012-2020_tile_-105,30,-90,45_feature_1783_source_0",7554,31.2954495,-103.9584588,0.024928856,0.06165306,1796.634328,196.1153156,0.06982236,697,,,,1924.0,1255.0,1666.0,1417.0,upstream,oil,7554,TX,False
United States,USA,"IR_2012-2020_tile_-105,30,-90,45_feature_1230_source_0",7555,31.86649675,-103.8947709,0.06076673,0.1071729,1918.132275,178.6493076,0.08934142,489,6559.0,2210.0,2407.0,1987.0,1304.0,1725.0,1463.0,upstream,oil,7555,TX,True
United States,USA,"IR_2012-2020_tile_-105,30,-90,45_feature_282_source_1",7556,33.11822138,-102.9384503,0.029001965,0.051956284,1918.439169,162.4903467,0.057273003,572,,,,,1923.0,2555.0,2151.0,upstream,oil,7556,TX,False
United States,USA,"IR_2012-2020_tile_-105,30,-90,45_feature_1040_source_4",7560,32.01614656,-102.6874881,0.034112531,0.063538058,1894.457317,196.5318615,0.047203275,303,7564.0,2910.0,3217.0,2886.0,,,2189.0,upstream,oil,7560,TX,False
United States,USA,"IR_2012-2020_tile_-105,30,-90,45_feature_607_source_0",7561,32.37069494,-102.4691347,0.10367262,0.17636654,1910.272177,172.77833,0.15804227,997,7681.0,2973.0,3280.0,2950.0,2010.0,2671.0,2246.0,upstream,oil,7561,TX,False
United States,USA,"IR_2012-2020_tile_-105,30,-90,45_feature_1160_source_2",7562,31.89071365,-102.7348443,0.020886784,0.033227599,1937.0,206.1226326,0.054345228,269,7524.0,2892.0,3199.0,2859.0,1956.0,2602.0,,upstream,oil,7562,TX,False
United States,USA,"IR_2012-2020_tile_-105,30,-90,45_feature_1095_source_0",7563,31.95472592,-103.3582357,0.35122922,0.6649233,1864.055215,169.3490588,0.3965798,2781,7226.0,2710.0,2964.0,2590.0,1749.0,2320.0,1973.0,upstream,oil,7563,TX,True
United States,USA,"IR_2012-2020_tile_-105,30,-90,45_feature_1232_source_0",7564,31.8447305,-103.3740821,0.02036789,0.043887766,1968.264249,187.3141154,0.04846929,425,,,,2575.0,1740.0,2306.0,,upstream,oil,7564,TX,True
United States,USA,"IR_2012-2020_tile_-105,30,-90,45_feature_1827_source_0",7565,31.2686051,-101.4112676,0.05725931,0.12123462,1830.977273,147.2261693,0.04303372,325,,,3691.0,3398.0,2390.0,3171.0,2712.0,upstream,oil,7565,TX,False
United States,USA,"IR_2012-2020_tile_-105,30,-90,45_feature_1207_source_1",7567,31.86803499,-103.7956139,0.037984276,0.079407824,1923.190476,152.1555029,0.05377708,192,6679.0,2318.0,2495.0,2098.0,1372.0,1816.0,,upstream,oil,7567,TX,True
United States,USA,"IR_2012-2020_tile_-105,30,-90,45_feature_498_source_2",7569,32.46109811,-101.4003432,0.035055531,0.049497682,1918.41958,152.4250779,0.036608097,397,,,,3406.0,2391.0,3172.0,2720.0,upstream,oil,7569,TX,False
United States,USA,"IR_2012-2020_tile_-105,30,-90,45_feature_776_source_0",7570,32.23283811,-102.6869659,0.027899004,0.027351408,1931.963415,157.7103276,0.04976788,236,7563.0,,,2885.0,,,,upstream,oil,7570,TX,False
United States,USA,"IR_2012-2020_tile_-105,30,-90,45_feature_1307_source_2",7571,31.76633765,-103.7139931,0.14636457,0.33983593,1853.605375,170.0742366,0.16159767,1203,6759.0,,2566.0,2164.0,1421.0,1877.0,1609.0,upstream,oil,7571,TX,True
United States,USA,"IR_2012-2020_tile_-105,30,-90,45_feature_1198_source_4",7572,31.86120593,-104.0250483,0.10043176,0.20617249,1853.538051,178.2579482,0.114518021,1059,6422.0,,,,1197.0,1601.0,1367.0,upstream,oil,7572,TX,True
United States,USA,"IR_2012-2020_tile_-105,30,-90,45_feature_1023_source_1",7575,31.98618761,-103.8685306,0.008325991,0.012618801,1960.0,178.9666244,0.022025604,119,6567.0,2236.0,2429.0,,,1744.0,1485.0,upstream,oil,7575,TX,True
United States,USA,"IR_2012-2020_tile_-105,30,-90,45_feature_1348_source_1",7576,31.73806862,-101.7988268,1.4502879,3.6260723,1760.214156,113.7675754,0.09429925,1081,8083.0,3161.0,3516.0,3205.0,2225.0,2947.0,2510.0,upstream,oil,7576,TX,False
United States,USA,"IR_2012-2020_tile_-105,30,-90,45_feature_479_source_5",7578,32.49067358,-101.5093519,0.017548046,0.02953445,1908.340206,163.8949177,0.05205903,276,,,3641.0,,,3112.0,2667.0,upstream,oil,7578,TX,False
United States,USA,"IR_2012-2020_tile_-105,30,-90,45_feature_1849_source_1",7580,31.22069556,-103.5210004,0.014250084,0.03291163,1830.775862,195.1084175,0.025754738,236,,,,,1628.0,2150.0,1841.0,upstream,oil,7580,TX,False
United States,USA,"IR_2012-2020_tile_-105,30,-90,45_feature_1329_source_0",7582,31.75154191,-103.8627975,0.11450379,0.35263855,1809.974852,176.6556531,0.1283502,999,6611.0,2257.0,2441.0,2029.0,1325.0,1747.0,1490.0,upstream,oil,7582,TX,True
United States,USA,"IR_2012-2020_tile_-105,30,-90,45_feature_1251_source_1",7583,31.83454994,-103.4756604,0.16433208,0.39001058,1850.323077,164.2172379,0.20458472,1195,7094.0,2611.0,2849.0,2475.0,1669.0,2198.0,1869.0,upstream,oil,7583,TX,True
United States,USA,"IR_2012-2020_tile_-105,30,-90,45_feature_1490_source_4",7586,31.59938172,-103.8178986,0.086078598,0.197902453,1831.335766,161.6834917,0.059748585,252,6657.0,2298.0,2474.0,2077.0,,1798.0,,upstream,oil,7586,TX,True
United States,USA,"IR_2012-2020_tile_-105,30,-90,45_feature_1226_source_0",7587,31.83776534,-104.0129396,0.034158353,0.07236074,1817.104278,190.887548,0.057180146,599,,,,,1208.0,1611.0,1375.0,upstream,oil,7587,TX,True
United States,USA,"IR_2012-2020_tile_-105,30,-90,45_feature_1324_source_0",7588,31.78031794,-103.9631818,0.06134419,0.12809064,1846.82807,190.3849063,0.08300996,855,6482.0,2145.0,2326.0,,1246.0,1657.0,1413.0,upstream,oil,7588,TX,True
United States,USA,"IR_2012-2020_tile_-105,30,-90,45_feature_1390_source_1",7589,31.67830914,-103.9286781,0.05837152,0.10720565,1875.409186,185.8105518,0.0971705,832,,2194.0,2381.0,1951.0,1277.0,1691.0,1439.0,upstream,oil,7589,TX,True
United States,USA,"IR_2012-2020_tile_-105,30,-90,45_feature_294_source_1",7590,33.01464816,-102.7546543,0.044798993,0.237790132,1578.130435,302.9999002,0.044465948,376,7502.0,2884.0,3187.0,2850.0,1948.0,2593.0,2178.0,upstream,oil,7590,TX,False
United States,USA,"IR_2012-2020_tile_-105,30,-90,45_feature_1271_source_2",7591,31.81181178,-104.1023,0.080993704,0.144327963,1881.088339,154.8722349,0.080870711,412,6342.0,2037.0,2209.0,1781.0,,1536.0,1311.0,upstream,oil,7591,TX,True
United States,USA,"IR_2012-2020_tile_-105,30,-90,45_feature_1295_source_3",7592,31.78193024,-104.0779596,0.14743259,0.29151794,1871.321705,131.4458992,0.10713857,398,6373.0,2072.0,2232.0,1812.0,,,,upstream,oil,7592,TX,True
United States,USA,"IR_2012-2020_tile_-105,30,-90,45_feature_2009_source_1",7593,31.01716634,-103.466889,0.019111934,0.054121477,1810.5,158.4493974,0.037954327,308,,,,,1676.0,2215.0,1894.0,upstream,oil,7593,TX,False
United States,USA,"IR_2012-2020_tile_-105,30,-90,45_feature_698_source_0",7595,32.29336243,-102.0905283,0.012254606,0.01998481,1945.302521,147.9833374,0.033782726,277,7972.0,,,3059.0,2090.0,2786.0,,upstream,oil,7595,TX,False
United States,USA,"IR_2012-2020_tile_-105,30,-90,45_feature_1498_source_0",7596,31.58256176,-104.0015845,0.035127184,0.070794796,1871.369048,151.1254167,0.04931712,465,,,2299.0,1876.0,1217.0,1621.0,1384.0,upstream,oil,7596,TX,True
United States,USA,"IR_2012-2020_tile_-105,30,-90,45_feature_1727_source_5",7597,31.38646295,-103.6460591,0.3312236,0.6052355,1836.162142,140.1755798,0.19957,1636,,,2637.0,2238.0,1490.0,1970.0,1678.0,upstream,oil,7597,TX,True
United States,USA,"IR_2012-2020_tile_-105,30,-90,45_feature_481_source_0",7600,32.49406627,-101.3512906,0.9511571,2.1144356,1852.80042,140.2340746,0.27400823,2558,8373.0,3280.0,3722.0,3424.0,2400.0,3190.0,2736.0,upstream,oil,7600,TX,False
United States,USA,"IR_2012-2020_tile_-105,30,-90,45_feature_1206_source_2",7601,31.85373226,-103.9333814,0.097321971,0.233640818,1858.093385,178.8166654,0.14727507,779,6520.0,2179.0,2365.0,1945.0,1267.0,1676.0,1426.0,upstream,oil,7601,TX,True
United States,USA,"IR_2012-2020_tile_-105,30,-90,45_feature_1098_source_3",7602,31.95555254,-103.9709566,0.013922914,0.024307716,1922.846154,175.266762,0.02684333,148,,2151.0,2336.0,,,1655.0,1410.0,upstream,oil,7602,TX,True
United States,USA,"IR_2012-2020_tile_-105,30,-90,45_feature_1789_source_2",7603,31.29073846,-101.670844,0.050906813,0.124857293,1782.953596,159.6547251,0.055854326,546,,,,,,,2592.0,upstream,oil,7603,TX,False
United States,USA,"IR_2012-2020_tile_-105,30,-90,45_feature_1273_source_2",7605,31.7987413,-102.0768169,0.09756532,0.20151403,1874.995918,152.4172977,0.079925223,308,,,3409.0,3061.0,2093.0,2790.0,2351.0,upstream,oil,7605,TX,False
United States,USA,"IR_2012-2020_tile_-105,30,-90,45_feature_1363_source_0",7606,31.71725597,-104.1556942,0.161071031,0.362523436,1860.784753,168.0485098,0.163919926,1617,,,,1736.0,1107.0,1491.0,1272.0,upstream,oil,7606,TX,True
United States,USA,"IR_2012-2020_tile_-105,30,-90,45_feature_304_source_0",7607,32.89782448,-102.1345942,0.007141954,0.016735995,1783.901961,227.7568582,0.021601593,266,,,,,,,2327.0,upstream,oil,7607,TX,False
United States,USA,"IR_2012-2020_tile_-105,30,-90,45_feature_1905_source_1",7608,31.14688098,-103.604303,0.038473358,0.08847409,1851.792994,146.3695866,0.047822363,504,,,,2305.0,1539.0,2031.0,1732.0,upstream,oil,7608,TX,False
United States,USA,"IR_2012-2020_tile_-105,30,-90,45_feature_582_source_0",7609,32.37096591,-102.5688647,0.006642049,0.012811181,1908.712871,177.5237447,0.024062264,249,,,,,1998.0,2652.0,,upstream,oil,7609,TX,False
United States,USA,"IR_2012-2020_tile_-105,30,-90,45_feature_612_source_6",7610,32.42013241,-102.1247881,0.156761064,0.27394368,1912.161398,117.8683616,0.08764127,681,,,,3042.0,2070.0,2760.0,2334.0,upstream,oil,7610,TX,False
United States,USA,"IR_2012-2020_tile_-105,30,-90,45_feature_1225_source_1",7612,31.86737661,-104.1348752,0.079462203,0.213446523,1861.302691,175.6947397,0.083317486,718,6306.0,,,,1121.0,1502.0,1282.0,upstream,oil,7612,TX,True
United States,USA,"IR_2012-2020_tile_-105,30,-90,45_feature_1182_source_0",7613,31.87738731,-102.9608916,0.103366228,0.171703916,1843.745763,158.5739693,0.103031266,528,7428.0,2839.0,3138.0,2808.0,,,,upstream,oil,7613,TX,False
United States,USA,"IR_2012-2020_tile_-105,30,-90,45_feature_1697_source_0",7616,31.3910628,-102.0608778,0.01589354,0.03885185,1838.337209,173.544285,0.03897147,367,,,,,,2804.0,2362.0,upstream,oil,7616,TX,False
United States,USA,"IR_2012-2020_tile_-105,30,-90,45_feature_1547_source_5",7617,31.55978882,-103.1382139,0.045103129,0.08541955,1893.965347,166.0428753,0.08233691,587,,,,,1843.0,2452.0,2073.0,upstream,oil,7617,TX,False
United States,USA,"IR_2012-2020_tile_-105,30,-90,45_feature_1644_source_2",7618,31.52205124,-102.6684915,0.063081895,0.111747099,1841.726667,169.7901606,0.062769344,427,7580.0,,,,,2622.0,2200.0,upstream,oil,7618,TX,False
United States,USA,"IR_2012-2020_tile_-105,30,-90,45_feature_1418_source_1",7619,31.67701419,-103.2597654,0.01735226,0.03598347,1906.165957,167.2793374,0.03423063,374,,,,,1796.0,2389.0,2030.0,upstream,oil,7619,TX,False
United States,USA,"IR_2012-2020_tile_-105,30,-90,45_feature_1247_source_0",7620,31.81827172,-104.3259459,0.14063267,0.33295224,1869.933045,155.7688583,0.0835853,721,6197.0,1947.0,2086.0,1673.0,1057.0,1423.0,1231.0,upstream,oil,7620,TX,True
United States,USA,"IR_2012-2020_tile_-105,30,-90,45_feature_285_source_3",7621,33.12353212,-102.999123,0.138977022,0.291138446,1863.005695,161.7297761,0.181321054,1313,,,3122.0,2790.0,1898.0,2522.0,2124.0,upstream,oil,7621,TX,False
United States,USA,"IR_2012-2020_tile_-105,30,-90,45_feature_1315_source_0",7622,31.73600568,-103.382226,0.060638508,0.11580545,1904.969697,166.1917752,0.14093584,1289,7201.0,2697.0,2945.0,2566.0,1738.0,2302.0,1959.0,upstream,oil,7622,TX,True
United States,USA,"IR_2012-2020_tile_-105,30,-90,45_feature_1247_source_2",7623,31.819891,-104.3352895,0.044966653,0.084982757,1877.509434,152.7269882,0.03082489,103,6197.0,1947.0,2086.0,1673.0,1057.0,1423.0,,upstream,oil,7623,TX,True
United States,USA,"IR_2012-2020_tile_-105,30,-90,45_feature_1122_source_1",7625,31.93136059,-102.635408,0.06753771,0.11826545,1874.458065,180.3489892,0.06318426,324,7602.0,2939.0,3240.0,,1979.0,2629.0,2215.0,upstream,oil,7625,TX,False
United States,USA,"IR_2012-2020_tile_-105,30,-90,45_feature_1383_source_0",7626,31.70951507,-103.6123905,0.19804845,0.52864763,1810.882576,149.6560116,0.07588603,445,6857.0,2463.0,2677.0,2287.0,,2018.0,1725.0,upstream,oil,7626,TX,True
United States,USA,"IR_2012-2020_tile_-105,30,-90,45_feature_1140_source_6",7627,31.91515144,-103.8844051,0.162092742,0.320960861,1907.949029,146.8760231,0.206910821,1995,6581.0,2237.0,,,1311.0,1729.0,1471.0,upstream,oil,7627,TX,True
United States,USA,"IR_2012-2020_tile_-105,30,-90,45_feature_1329_source_4",7629,31.75373342,-103.8074014,0.053371352,0.10376693,1870.771639,193.5086794,0.109061755,1036,6676.0,2311.0,,2083.0,1368.0,1802.0,1539.0,upstream,oil,7629,TX,True
United States,USA,"IR_2012-2020_tile_-105,30,-90,45_feature_1141_source_2",7630,31.91553123,-103.7395624,0.15877228,0.32882697,1916.360923,167.3084315,0.21754217,1498,,2355.0,2539.0,2146.0,1398.0,1843.0,1579.0,upstream,oil,7630,TX,True
United States,USA,"IR_2012-2020_tile_-105,30,-90,45_feature_1324_source_2",7634,31.78152565,-103.9773197,0.049477489,0.13899094,1817.397959,144.8417673,0.03541699,199,6482.0,2145.0,2326.0,1905.0,,,,upstream,oil,7634,TX,True
United States,USA,"IR_2012-2020_tile_-105,30,-90,45_feature_1412_source_1",7635,31.69522583,-103.5676736,0.03485191,0.074354013,1845.144509,161.7693246,0.036885158,266,6908.0,,,2357.0,1575.0,2088.0,1784.0,upstream,oil,7635,TX,True
United States,USA,"IR_2012-2020_tile_-105,30,-90,45_feature_419_source_0",7636,32.61215125,-102.735636,0.014614293,0.030238349,1831.659259,197.1780231,0.046246059,397,7525.0,2891.0,3198.0,2862.0,1954.0,2600.0,2182.0,upstream,oil,7636,TX,False
United States,USA,"IR_2012-2020_tile_-105,30,-90,45_feature_273_source_0",7638,33.16924489,-102.9575171,0.049481106,0.08252962,1902.27141,166.415991,0.075547486,1032,,2845.0,3140.0,2812.0,1915.0,2543.0,2142.0,upstream,oil,7638,TX,False
United States,USA,"IR_2012-2020_tile_-105,30,-90,45_feature_1361_source_0",7639,31.72475203,-103.9114106,0.02759509,0.04849936,1915.298387,182.7380895,0.0522947,312,,2208.0,2392.0,1970.0,1298.0,1706.0,1451.0,upstream,oil,7639,TX,True
United States,USA,"IR_2012-2020_tile_-105,30,-90,45_feature_1353_source_1",7640,31.72393103,-103.97253,0.03230359,0.07546407,1861.877907,192.8776639,0.04757957,371,6483.0,2147.0,2337.0,1907.0,1240.0,1649.0,1406.0,upstream,oil,7640,TX,True
United States,USA,"IR_2012-2020_tile_-105,30,-90,45_feature_1198_source_2",7642,31.87010713,-104.012783,0.0822456,0.19355718,1874.793103,166.2412828,0.09796553,491,6445.0,2113.0,2290.0,1865.0,,1601.0,,upstream,oil,7642,TX,True
United States,USA,"IR_2012-2020_tile_-105,30,-90,45_feature_1386_source_3",7644,31.681268,-103.4768126,0.017262027,0.02725233,1926.333333,192.116718,0.031063115,97,7086.0,2609.0,2847.0,2473.0,1661.0,2190.0,,upstream,oil,7644,TX,True
United States,USA,"IR_2012-2020_tile_-105,30,-90,45_feature_1266_source_3",7648,31.79500123,-103.9098846,0.048260174,0.087166767,1893.582609,173.2050297,0.06503392,297,6547.0,2207.0,2397.0,,1296.0,1713.0,,upstream,oil,7648,TX,True
United States,USA,"IR_2012-2020_tile_-105,30,-90,45_feature_1291_source_0",7649,31.77669059,-103.930596,0.18515539,0.4467134,1848.493955,157.4308562,0.2078686,1368,6531.0,2192.0,2379.0,1950.0,1274.0,1688.0,1436.0,upstream,oil,7649,TX,True
United States,USA,"IR_2012-2020_tile_-105,30,-90,45_feature_1144_source_5",7650,31.93977199,-103.473425,0.098897897,0.199722077,1815.78125,162.6437315,0.079270254,340,7085.0,2608.0,,,,,,upstream,oil,7650,TX,True
United States,USA,"IR_2012-2020_tile_-105,30,-90,45_feature_439_source_0",7651,32.5793989,-102.6775324,0.007190867,0.013266098,1948.677966,171.8395429,0.027137677,214,7567.0,2913.0,,2889.0,1972.0,2619.0,2192.0,upstream,oil,7651,TX,False
United States,USA,"IR_2012-2020_tile_-105,30,-90,45_feature_1388_source_0",7652,31.6904768,-101.972209,0.047746798,0.108647663,1819.078292,159.666671,0.050476242,402,8016.0,,,3128.0,2158.0,2861.0,2411.0,upstream,oil,7652,TX,False
United States,USA,"IR_2012-2020_tile_-105,30,-90,45_feature_1418_source_0",7653,31.66280468,-103.2655837,0.018015931,0.035081227,1890.449438,193.2665395,0.040642929,296,,,3023.0,2665.0,1797.0,2385.0,,upstream,oil,7653,TX,False
United States,USA,"IR_2012-2020_tile_-105,30,-90,45_feature_1251_source_2",7654,31.83226498,-103.4877174,0.185187241,0.401409476,1826.448795,173.4098738,0.171765164,1375,,,2849.0,2475.0,1657.0,2184.0,1869.0,upstream,oil,7654,TX,True
United States,USA,"IR_2012-2020_tile_-105,30,-90,45_feature_1131_source_0",7655,31.91341273,-103.650343,0.044630666,0.10622195,1850.97037,179.0678721,0.05717207,313,6812.0,2416.0,2614.0,2212.0,1488.0,1965.0,,upstream,oil,7655,TX,True
United States,USA,"IR_2012-2020_tile_-105,30,-90,45_feature_1766_source_2",7657,31.34465616,-101.7979993,1.181072744,2.660019049,1766.810663,184.0899891,0.292943071,2825,8084.0,,3518.0,3203.0,2226.0,2948.0,2513.0,upstream,oil,7657,TX,False
United States,USA,"IR_2012-2020_tile_-105,30,-90,45_feature_1382_source_2",7658,31.69942667,-103.6602711,0.56632966,1.331461,1789.126892,135.7772313,0.19242426,1178,6803.0,2421.0,2624.0,2217.0,1469.0,1946.0,1661.0,upstream,oil,7658,TX,True
United States,USA,"IR_2012-2020_tile_-105,30,-90,45_feature_347_source_0",7660,32.76013167,-102.6836392,0.2553491,1.129881,1608.544326,289.0645033,0.20884807,1462,7565.0,2911.0,3218.0,2887.0,1969.0,2615.0,2190.0,upstream,oil,7660,TX,False
United States,USA,"IR_2012-2020_tile_-105,30,-90,45_feature_1141_source_4",7662,31.91419989,-103.7806688,0.036993797,0.07360846,1917.317757,159.5342871,0.06289384,379,,,,2113.0,1373.0,1809.0,1548.0,upstream,oil,7662,TX,True
United States,USA,"IR_2012-2020_tile_-105,30,-90,45_feature_271_source_0",7664,33.19579054,-102.7320596,0.005769414,0.00826877,2003.857143,166.2564816,0.02249043,208,,,,2860.0,,2603.0,,upstream,oil,7664,TX,False
United States,USA,"IR_2012-2020_tile_-105,30,-90,45_feature_612_source_7",7665,32.38871539,-102.1515393,0.037005756,0.063698129,1940.275261,159.3504154,0.054110801,475,,3063.0,3364.0,3022.0,2057.0,2742.0,,upstream,oil,7665,TX,False
United States,USA,"IR_2012-2020_tile_-105,30,-90,45_feature_554_source_2",7667,32.43315107,-101.5663516,0.057800353,0.11521402,1891.539683,130.0636993,0.059394871,423,,3221.0,3609.0,3326.0,2324.0,3081.0,,upstream,oil,7667,TX,False
United States,USA,"IR_2012-2020_tile_-105,30,-90,45_feature_1458_source_3",7668,31.63086113,-103.1539736,0.030768809,0.05135186,1865.444444,174.5039585,0.0457058,153,,,3068.0,2714.0,1826.0,2433.0,2065.0,upstream,oil,7668,TX,False
United States,USA,"IR_2012-2020_tile_-105,30,-90,45_feature_1959_source_1",7669,31.07098928,-102.9211734,0.184091027,0.351610883,1832.114094,96.19447097,0.046287348,518,,,,2822.0,1926.0,2560.0,,upstream,oil,7669,TX,False
United States,USA,"IR_2012-2020_tile_-105,30,-90,45_feature_406_source_0",7670,32.66046137,-102.7541845,0.014614855,0.02423534,1984.321637,156.4922379,0.045061372,415,7503.0,,,,1949.0,2594.0,2179.0,upstream,oil,7670,TX,False
United States,USA,"IR_2012-2020_tile_-105,30,-90,45_feature_1695_source_2",7671,31.42278608,-102.1603409,0.075625934,0.17623001,1855.087558,151.8054834,0.067860662,593,7903.0,3055.0,3362.0,3017.0,2051.0,2737.0,2312.0,upstream,oil,7671,TX,False
United States,USA,"IR_2012-2020_tile_-105,30,-90,45_feature_2000_source_0",7673,31.01746537,-102.9604021,0.02358881,0.04659708,1883.485623,196.3186119,0.0524449,527,,,,,1919.0,2548.0,2147.0,upstream,oil,7673,TX,False
United States,USA,"IR_2012-2020_tile_-105,30,-90,45_feature_1207_source_3",7674,31.85395894,-103.8039927,0.06893111,0.178909144,1864.857895,198.941636,0.07455681,424,6679.0,2308.0,2487.0,2089.0,1369.0,1806.0,,upstream,oil,7674,TX,True
United States,USA,"IR_2012-2020_tile_-105,30,-90,45_feature_1385_source_0",7675,31.71122491,-103.8616649,0.1048544,0.2436398,1839.162338,135.8103212,0.06521681,605,,,,,1328.0,1748.0,1491.0,upstream,oil,7675,TX,True
United States,USA,"IR_2012-2020_tile_-105,30,-90,45_feature_1085_source_0",7677,31.96047425,-101.5843433,0.018980621,0.034623849,1861.035928,204.998551,0.059498419,526,8189.0,3214.0,3596.0,3319.0,2323.0,3079.0,2642.0,upstream,oil,7677,TX,False
United States,USA,"IR_2012-2020_tile_-105,30,-90,45_feature_1761_source_1",7678,31.33242863,-103.6181484,0.012176252,0.021900023,2021.547619,151.9983086,0.030016668,251,,,,2282.0,1525.0,2014.0,1719.0,upstream,oil,7678,TX,True
United States,USA,"IR_2012-2020_tile_-105,30,-90,45_feature_898_source_0",7683,32.13966594,-102.6799322,0.041778067,0.077101975,1919.25,174.1334594,0.074371406,590,7558.0,2907.0,,2890.0,,,2191.0,upstream,oil,7683,TX,False
United States,USA,"IR_2012-2020_tile_-105,30,-90,45_feature_1394_source_2",7684,31.696182,-102.1018487,0.260717113,0.460686802,1815.933333,102.7605938,0.059823962,508,7966.0,,3401.0,,,2778.0,2344.0,upstream,oil,7684,TX,False
United States,USA,"IR_2012-2020_tile_-105,30,-90,45_feature_1810_source_1",7689,31.28664304,-103.9828456,0.02685785,0.07905468,1809.768212,156.1770707,0.04233391,426,,,2335.0,1900.0,1235.0,1640.0,1399.0,upstream,oil,7689,TX,False
United States,USA,"IR_2012-2020_tile_-105,30,-90,45_feature_1048_source_0",7690,31.97124522,-101.2367479,0.047297142,0.122375982,1772.992509,183.570762,0.056568953,525,8432.0,3302.0,3746.0,3447.0,2422.0,3222.0,2762.0,upstream,oil,7690,TX,False
United States,USA,"IR_2012-2020_tile_-105,30,-90,45_feature_1301_source_2",7691,31.78220489,-103.8950762,0.061236231,0.15075508,1825.411392,162.5527618,0.07580212,568,6569.0,2225.0,2408.0,1988.0,1305.0,1720.0,1464.0,upstream,oil,7691,TX,True
United States,USA,"IR_2012-2020_tile_-105,30,-90,45_feature_514_source_0",7692,32.45970884,-102.5870013,0.006016707,0.011245358,1886.859649,179.9178603,0.019072411,191,,,3259.0,2930.0,,2647.0,2227.0,upstream,oil,7692,TX,False
United States,USA,"IR_2012-2020_tile_-105,30,-90,45_feature_1972_source_0",7693,31.04045286,-103.4508762,0.03891204,0.051852239,1964.819355,163.9860919,0.066555044,363,7118.0,2641.0,2892.0,2505.0,,,,upstream,oil,7693,TX,False
United States,USA,"IR_2012-2020_tile_-105,30,-90,45_feature_1301_source_3",7695,31.77075238,-103.9074274,0.036109858,0.099592319,1878.8,188.2423277,0.075884208,547,6531.0,2211.0,2398.0,1975.0,1297.0,1714.0,1457.0,upstream,oil,7695,TX,True
United States,USA,"IR_2012-2020_tile_-105,30,-90,45_feature_2002_source_1",7697,31.02779407,-103.5165447,0.03411904,0.07126892,1838.056478,168.022088,0.05092367,452,,,,2435.0,1631.0,2153.0,1845.0,upstream,oil,7697,TX,False
United States,USA,"IR_2012-2020_tile_-105,30,-90,45_feature_293_source_0",7698,33.02467258,-102.8918026,0.071139666,0.126315752,1902.11465,159.0099932,0.113275065,549,7450.0,2857.0,3155.0,2825.0,,,,upstream,oil,7698,TX,False
United States,USA,"IR_2012-2020_tile_-105,30,-90,45_feature_1281_source_1",7701,31.78078731,-103.6955638,0.08120888,0.16764103,1845.087234,173.4435921,0.10408329,787,,2387.0,2588.0,2185.0,1435.0,1907.0,1630.0,upstream,oil,7701,TX,True
United States,USA,"IR_2012-2020_tile_-105,30,-90,45_feature_1116_source_2",7702,31.93193785,-103.1448595,0.03882377,0.08223073,1918.884712,158.3740749,0.08929658,781,,,3075.0,2723.0,1839.0,2447.0,2068.0,upstream,oil,7702,TX,False
United States,USA,"IR_2012-2020_tile_-105,30,-90,45_feature_1483_source_1",7705,31.60491077,-103.9444671,0.05760091,0.114509256,1862.93,181.0108977,0.060809649,286,6518.0,2182.0,2368.0,1935.0,,,,upstream,oil,7705,TX,True
United States,USA,"IR_2012-2020_tile_-105,30,-90,45_feature_1290_source_0",7706,31.79654421,-102.5751931,0.010405879,0.018490072,1936.534884,155.6204908,0.025101265,240,7647.0,2958.0,3265.0,,,2651.0,2230.0,upstream,oil,7706,TX,False
United States,USA,"IR_2012-2020_tile_-105,30,-90,45_feature_1350_source_2",7708,31.73801455,-103.2896753,0.182963158,0.399837911,1851.061934,163.9877421,0.172976535,1210,7291.0,2747.0,3011.0,2652.0,1780.0,2367.0,2013.0,upstream,oil,7708,TX,False
United States,USA,"IR_2012-2020_tile_-105,30,-90,45_feature_285_source_0",7709,33.13971607,-102.9927525,0.11390285,0.21817208,1881.584447,167.4103517,0.16350482,1255,7418.0,2831.0,3126.0,2795.0,1901.0,2527.0,2129.0,upstream,oil,7709,TX,False
United States,USA,"IR_2012-2020_tile_-105,30,-90,45_feature_1988_source_2",7710,31.05415747,-103.4065166,0.029071993,0.032946669,1970.666667,125.2730163,0.0382479,222,7186.0,2682.0,2929.0,2542.0,,2282.0,,upstream,oil,7710,TX,False
United States,USA,"IR_2012-2020_tile_-105,30,-90,45_feature_1472_source_2",7711,31.62688205,-104.0351213,0.127542626,0.259824894,1800.426923,106.5637334,0.047145785,311,,,2261.0,1849.0,1187.0,1589.0,1356.0,upstream,oil,7711,TX,True
United States,USA,"IR_2012-2020_tile_-105,30,-90,45_feature_1065_source_2",7712,31.97283953,-103.4748191,0.08326981,0.20999947,1878.60219,181.105301,0.10255905,619,7084.0,2607.0,2856.0,2478.0,1668.0,2197.0,1884.0,upstream,oil,7712,TX,True
United States,USA,"IR_2012-2020_tile_-105,30,-90,45_feature_369_source_1",7715,32.69097218,-101.0897561,0.094576491,0.166348004,1876.715736,216.5302535,0.108103099,572,8481.0,3318.0,,,2435.0,3239.0,2774.0,upstream,oil,7715,TX,False
United States,USA,"IR_2012-2020_tile_-105,30,-90,45_feature_1802_source_1",7717,31.26960528,-102.9829212,0.05369176,0.1083013,1822.469388,169.8125826,0.044884,467,,,,2802.0,1912.0,2534.0,2133.0,upstream,oil,7717,TX,False
United States,USA,"IR_2012-2020_tile_-105,30,-90,45_feature_1210_source_0",7718,31.84916037,-103.6774937,0.03350184,0.05621682,1905.472393,147.1291037,0.06986948,479,,2407.0,2605.0,2204.0,1455.0,1919.0,1643.0,upstream,oil,7718,TX,True
United States,USA,"IR_2012-2020_tile_-105,30,-90,45_feature_651_source_1",7719,32.35422539,-101.759947,0.068450691,0.141002351,1920.95098,157.2703042,0.070430418,459,8097.0,,,,2246.0,2974.0,2535.0,upstream,oil,7719,TX,False
United States,USA,"IR_2012-2020_tile_-105,30,-90,45_feature_1227_source_0",7720,31.8412498,-103.835672,0.27664695,0.57288559,1828.306237,168.4804364,0.31518871,2434,6620.0,2273.0,2458.0,2052.0,1353.0,1778.0,1516.0,upstream,oil,7720,TX,True
United States,USA,"IR_2012-2020_tile_-105,30,-90,45_feature_502_source_0",7721,32.46082831,-101.9088219,0.005912376,0.009594876,1926.946667,181.403851,0.020197711,176,,,,3159.0,,,2438.0,upstream,oil,7721,TX,False
United States,USA,"IR_2012-2020_tile_-105,30,-90,45_feature_1728_source_1",7723,31.35758609,-103.2891975,0.14767627,0.31508432,1899.531111,128.9799129,0.05952058,508,,,,,1775.0,2368.0,2016.0,upstream,oil,7723,TX,False
United States,USA,"IR_2012-2020_tile_-105,30,-90,45_feature_813_source_2",7724,32.20950765,-101.9794795,0.080632545,0.150867996,1887.885496,135.979697,0.080406962,582,8014.0,3121.0,3456.0,3127.0,2153.0,2855.0,2410.0,upstream,oil,7724,TX,False
United States,USA,"IR_2012-2020_tile_-105,30,-90,45_feature_776_source_1",7725,32.2237134,-102.693428,0.018430549,0.030749933,1905.363636,217.7589463,0.035963405,200,7563.0,,3211.0,2881.0,,,,upstream,oil,7725,TX,False
United States,USA,"IR_2012-2020_tile_-105,30,-90,45_feature_1324_source_3",7726,31.7679785,-103.9922319,0.1627591,0.33626433,1838.727941,163.5441057,0.15652495,1132,6462.0,2131.0,2313.0,1892.0,1224.0,1629.0,1395.0,upstream,oil,7726,TX,True
United States,USA,"IR_2012-2020_tile_-105,30,-90,45_feature_1802_source_0",7729,31.26788847,-102.9698972,0.047240474,0.102754836,1802.314381,164.3647389,0.04674273,465,,,,,1912.0,2540.0,2137.0,upstream,oil,7729,TX,False
United States,USA,"IR_2012-2020_tile_-105,30,-90,45_feature_1613_source_0",7732,31.47917998,-101.4221106,0.073162801,0.14586053,1843.093664,146.7921153,0.07164211,585,8320.0,3255.0,3688.0,3395.0,2380.0,3158.0,2710.0,upstream,oil,7732,TX,False
United States,USA,"IR_2012-2020_tile_-105,30,-90,45_feature_1396_source_0",7734,31.67475111,-102.2499181,0.050504504,0.128259498,1853.919214,175.2546993,0.081501359,906,,,,,2026.0,2697.0,2274.0,upstream,oil,7734,TX,False
United States,USA,"IR_2012-2020_tile_-105,30,-90,45_feature_1427_source_2",7735,31.67077291,-104.0127563,0.0789314,0.15451616,1880.442857,118.3408076,0.05053393,465,,,2286.0,,1210.0,1614.0,1377.0,upstream,oil,7735,TX,True
United States,USA,"IR_2012-2020_tile_-105,30,-90,45_feature_1266_source_5",7737,31.81171526,-103.9301602,0.100462543,0.185718274,1904.069079,173.3771895,0.13273344,671,6530.0,2191.0,2377.0,1948.0,1273.0,1687.0,1435.0,upstream,oil,7737,TX,True
United States,USA,"IR_2012-2020_tile_-105,30,-90,45_feature_1116_source_1",7738,31.91888088,-103.1317898,0.006836763,0.013533056,1906.333333,180.3783447,0.03174196,260,,,3078.0,,1845.0,2454.0,2075.0,upstream,oil,7738,TX,False
United States,USA,"IR_2012-2020_tile_-105,30,-90,45_feature_1726_source_1",7740,31.35147316,-102.1666771,0.042214317,0.079164733,1868.090909,181.6552452,0.070529721,300,7904.0,3056.0,,3013.0,2050.0,2734.0,,upstream,oil,7740,TX,False
United States,USA,"IR_2012-2020_tile_-105,30,-90,45_feature_822_source_1",7741,32.18606119,-101.564977,0.047467372,0.120507896,1781.259928,152.3551485,0.035829975,340,,,3605.0,,2329.0,3088.0,2647.0,upstream,oil,7741,TX,False
United States,USA,"IR_2012-2020_tile_-105,30,-90,45_feature_1263_source_1",7742,31.81056023,-103.9564888,0.058197061,0.091987881,1935.847619,166.0726049,0.09305817,335,6503.0,2163.0,2364.0,1912.0,,1656.0,,upstream,oil,7742,TX,True
United States,USA,"IR_2012-2020_tile_-105,30,-90,45_feature_764_source_0",7743,32.26044306,-101.8250557,0.31514524,0.6689615,1834.367313,136.1836433,0.14906826,1434,,,3512.0,3196.0,2208.0,2929.0,2490.0,upstream,oil,7743,TX,False
United States,USA,"IR_2012-2020_tile_-105,30,-90,45_feature_1098_source_1",7745,31.9692233,-103.957568,0.033602765,0.06514604,1909.800971,186.6232491,0.0523475,369,,2158.0,2346.0,1920.0,1249.0,1655.0,,upstream,oil,7745,TX,True
United States,USA,"IR_2012-2020_tile_-105,30,-90,45_feature_1646_source_0",7746,31.43897784,-101.9834795,0.00419389,0.008231553,1904.840909,149.7162381,0.016674798,163,,,,3125.0,,,,upstream,oil,7746,TX,False
United States,USA,"IR_2012-2020_tile_-105,30,-90,45_feature_532_source_1",7748,32.44524247,-101.4314497,0.07620864,0.14876234,1940.465969,147.095798,0.07215624,764,,,,3386.0,2374.0,3150.0,2699.0,upstream,oil,7748,TX,False
United States,USA,"IR_2012-2020_tile_-105,30,-90,45_feature_1894_source_0",7749,31.15435043,-103.5679043,0.046365241,0.09291688,1845.27833,171.4518001,0.070768597,706,6910.0,,,,1582.0,2089.0,1779.0,upstream,oil,7749,TX,False
United States,USA,"IR_2012-2020_tile_-105,30,-90,45_feature_1283_source_0",7750,31.78810451,-103.0798341,0.020660455,0.03283627,1870.162791,203.2756288,0.043970371,467,,,3094.0,,1860.0,2475.0,2088.0,upstream,oil,7750,TX,False
United States,USA,"IR_2012-2020_tile_-105,30,-90,45_feature_1664_source_1",7751,31.44672783,-101.7258603,0.042680136,0.08128316,1927.790419,159.3101833,0.057530447,371,8117.0,3177.0,3547.0,3241.0,2258.0,2998.0,,upstream,oil,7751,TX,False
United States,USA,"IR_2012-2020_tile_-105,30,-90,45_feature_1855_source_0",7752,31.20279064,-103.5904352,0.019271504,0.040283599,1842.543689,210.8500952,0.055368002,518,6884.0,,2703.0,2328.0,1552.0,2045.0,,upstream,oil,7752,TX,False
United States,USA,"IR_2012-2020_tile_-105,30,-90,45_feature_1168_source_1",7753,31.92605186,-103.9466036,0.050334587,0.097016683,1816.818991,160.4894957,0.056475151,500,6498.0,2160.0,2343.0,1932.0,1262.0,1673.0,1420.0,upstream,oil,7753,TX,True
United States,USA,"IR_2012-2020_tile_-105,30,-90,45_feature_1206_source_3",7754,31.85551808,-103.9595102,0.146669685,0.307748123,1880.616402,158.1272793,0.167455487,906,6500.0,2162.0,2349.0,1918.0,1250.0,1660.0,,upstream,oil,7754,TX,True
United States,USA,"IR_2012-2020_tile_-105,30,-90,45_feature_1107_source_0",7755,31.92759665,-103.7118897,0.06264782,0.14849644,1943.308235,175.039267,0.10382842,817,,,2565.0,2168.0,1419.0,1874.0,1606.0,upstream,oil,7755,TX,True
United States,USA,"IR_2012-2020_tile_-105,30,-90,45_feature_1144_source_7",7758,31.96404986,-103.4408295,0.016049112,0.022843881,1974.338028,187.6067166,0.024271361,150,7130.0,,2914.0,2507.0,,,,upstream,oil,7758,TX,True
United States,USA,"IR_2012-2020_tile_-105,30,-90,45_feature_373_source_0",7759,32.69506562,-102.8412216,0.19194533,0.4101741,1862.299921,179.6253886,0.23323004,1922,7464.0,2867.0,3164.0,2833.0,1935.0,2572.0,2168.0,upstream,oil,7759,TX,False
United States,USA,"IR_2012-2020_tile_-105,30,-90,45_feature_1218_source_7",7761,31.87041049,-103.9902715,0.076153011,0.11852462,1870.812195,170.1322767,0.13351901,854,6467.0,2129.0,2311.0,1890.0,1228.0,1633.0,1393.0,upstream,oil,7761,TX,True
United States,USA,"IR_2012-2020_tile_-105,30,-90,45_feature_1309_source_5",7766,31.77402494,-104.1915992,0.078044245,0.1455509,1861.27451,132.9747745,0.05757918,266,6268.0,1992.0,2150.0,1713.0,,,,upstream,oil,7766,TX,True
United States,USA,"IR_2012-2020_tile_-105,30,-90,45_feature_1273_source_0",7768,31.79989088,-102.0865089,0.202191431,0.48330561,1839.470513,136.1245674,0.082881645,1011,,,,3061.0,2093.0,2790.0,2351.0,upstream,oil,7768,TX,False
United States,USA,"IR_2012-2020_tile_-105,30,-90,45_feature_1855_source_1",7769,31.20618758,-103.6075238,0.036497341,0.054056462,1974.206349,140.0412818,0.060879855,272,6867.0,2470.0,2683.0,2291.0,,,,upstream,oil,7769,TX,False
United States,USA,"IR_2012-2020_tile_-105,30,-90,45_feature_1698_source_1",7770,31.38612247,-101.638243,0.04551645,0.100619042,1884.942029,153.8769397,0.049300447,243,8158.0,3204.0,3575.0,,2300.0,3051.0,2617.0,upstream,oil,7770,TX,False
United States,USA,"IR_2012-2020_tile_-105,30,-90,45_feature_1827_source_1",7771,31.26627314,-101.4042566,0.07195653,0.169795043,1835.666667,120.4551282,0.036751549,220,,,3691.0,3398.0,2390.0,3171.0,2712.0,upstream,oil,7771,TX,False
United States,USA,"IR_2012-2020_tile_-105,30,-90,45_feature_1385_source_4",7773,31.69364397,-103.8450869,0.15755358,0.38527078,1823.98386,187.6329987,0.210186777,2056,,,2457.0,2045.0,1345.0,1769.0,1505.0,upstream,oil,7773,TX,True
United States,USA,"IR_2012-2020_tile_-105,30,-90,45_feature_1365_source_0",7774,31.71307434,-103.2477185,0.04931144,0.09840365,1852.575439,192.0855587,0.07171482,518,,2764.0,3035.0,2675.0,1802.0,2395.0,2034.0,upstream,oil,7774,TX,False
United States,USA,"IR_2012-2020_tile_-105,30,-90,45_feature_1449_source_1",7775,31.65400308,-103.4314853,0.019945266,0.03105763,1913.408602,204.5447206,0.0517484,382,7132.0,2655.0,2909.0,2521.0,,2258.0,1925.0,upstream,oil,7775,TX,True
United States,USA,"IR_2012-2020_tile_-105,30,-90,45_feature_912_source_1",7776,32.14335116,-101.7029926,0.049987173,0.098684281,1944.682192,170.2223778,0.064179343,558,,,3550.0,3256.0,2271.0,3012.0,2574.0,upstream,oil,7776,TX,False
United States,USA,"IR_2012-2020_tile_-105,30,-90,45_feature_1949_source_0",7778,31.08749719,-101.0989317,0.032833194,0.079123487,1827.494465,186.9996916,0.052820606,463,,,,,2433.0,3237.0,,upstream,oil,7778,TX,False
United States,USA,"IR_2012-2020_tile_-105,30,-90,45_feature_1757_source_4",7779,31.35444389,-103.0437557,0.222515879,0.436632135,1865.211018,137.4031747,0.157887732,1448,,,3108.0,2769.0,1877.0,2493.0,2100.0,upstream,oil,7779,TX,False
United States,USA,"IR_2012-2020_tile_-105,30,-90,45_feature_690_source_2",7780,32.30553197,-101.5946155,0.07512123,0.13248928,1906.839623,138.7046772,0.06459538,686,,,,3318.0,2321.0,3071.0,2634.0,upstream,oil,7780,TX,False
United States,USA,"IR_2012-2020_tile_-105,30,-90,45_feature_1757_source_2",7781,31.32671851,-103.0085929,0.069179204,0.141602606,1844.832192,139.1736717,0.065858262,434,,,3117.0,2786.0,1889.0,2512.0,2123.0,upstream,oil,7781,TX,False
United States,USA,"IR_2012-2020_tile_-105,30,-90,45_feature_615_source_0",7782,32.34526662,-102.0374984,0.10591159,0.19565399,1885.486595,182.6729757,0.13985775,1139,8000.0,,3422.0,3085.0,2118.0,2818.0,2374.0,upstream,oil,7782,TX,False
United States,USA,"IR_2012-2020_tile_-105,30,-90,45_feature_1310_source_5",7784,31.77794431,-103.5034374,0.17036261,0.3935526,1844.122605,161.4241386,0.10653055,1032,,,2822.0,2447.0,1643.0,2169.0,1862.0,upstream,oil,7784,TX,True
United States,USA,"IR_2012-2020_tile_-105,30,-90,45_feature_1266_source_1",7785,31.79754239,-103.9409709,0.09117124,0.19751916,1804.013139,171.2148472,0.11865374,1055,6530.0,2180.0,2378.0,1939.0,1264.0,1677.0,1427.0,upstream,oil,7785,TX,True
United States,USA,"IR_2012-2020_tile_-105,30,-90,45_feature_1424_source_1",7789,31.65228357,-103.7676642,0.062214534,0.121110057,1879.994186,172.5409455,0.069176068,578,6691.0,2329.0,,2116.0,1385.0,1828.0,1563.0,upstream,oil,7789,TX,True
United States,USA,"IR_2012-2020_tile_-105,30,-90,45_feature_1993_source_0",7794,31.03004001,-101.0900302,0.044144534,0.082294175,1915.603015,176.7242072,0.053028478,322,8482.0,,3761.0,3469.0,2436.0,3238.0,,upstream,oil,7794,TX,False
United States,USA,"IR_2012-2020_tile_-105,30,-90,45_feature_1324_source_4",7795,31.78226836,-103.9948481,0.039228337,0.055239291,1893.792208,189.1169045,0.047071895,221,6462.0,2125.0,2326.0,1883.0,,,,upstream,oil,7795,TX,True
United States,USA,"IR_2012-2020_tile_-105,30,-90,45_feature_506_source_0",7796,32.44719425,-101.6180587,0.047235375,0.072492618,1905.0,138.3043697,0.043002304,382,,,,3288.0,2306.0,3058.0,,upstream,oil,7796,TX,False
United States,USA,"IR_2012-2020_tile_-105,30,-90,45_feature_1759_source_1",7797,31.3335891,-103.6682472,0.044550957,0.064362904,1944.158076,156.2629594,0.071298732,456,6792.0,,,2215.0,,,1656.0,upstream,oil,7797,TX,True
United States,USA,"IR_2012-2020_tile_-105,30,-90,45_feature_479_source_1",7798,32.49186222,-101.5327513,0.020428982,0.04013799,1931.778325,171.5208273,0.06222441,588,,,,,2345.0,3106.0,2667.0,upstream,oil,7798,TX,False
United States,USA,"IR_2012-2020_tile_-105,30,-90,45_feature_799_source_1",7800,32.22394719,-102.2267781,0.070594993,0.117577581,1826.124183,150.7101412,0.048078935,260,7823.0,,,,,,2284.0,upstream,oil,7800,TX,False
United States,USA,"IR_2012-2020_tile_-105,30,-90,45_feature_534_source_0",7803,32.4461057,-102.6421879,0.005200375,0.008603201,1953.679245,171.0248546,0.022351753,215,,,,,1978.0,2628.0,2211.0,upstream,oil,7803,TX,False
United States,USA,"IR_2012-2020_tile_-105,30,-90,45_feature_1218_source_6",7804,31.89608141,-104.0313306,0.048153661,0.123674246,1872.837004,182.0569085,0.074456053,749,6411.0,2086.0,,1843.0,1189.0,1593.0,1361.0,upstream,oil,7804,TX,True
United States,USA,"IR_2012-2020_tile_-105,30,-90,45_feature_1360_source_1",7806,31.72378953,-104.0072359,0.022208229,0.037472431,1925.792683,190.8618922,0.035698186,200,6449.0,2119.0,2297.0,,1212.0,1616.0,,upstream,oil,7806,TX,True
United States,USA,"IR_2012-2020_tile_-105,30,-90,45_feature_829_source_3",7810,32.21110312,-101.9449155,0.72595575,1.4276261,1871.64133,148.6978064,0.21343672,550,8029.0,3129.0,3473.0,3147.0,2173.0,2877.0,2429.0,upstream,oil,7810,TX,False
United States,USA,"IR_2012-2020_tile_-105,30,-90,45_feature_1121_source_0",7812,31.92687434,-103.8098959,0.139523851,0.298201125,1841.929577,151.3309023,0.1219548,424,6649.0,2292.0,2472.0,2081.0,,1792.0,1537.0,upstream,oil,7812,TX,True
United States,USA,"IR_2012-2020_tile_-105,30,-90,45_feature_1257_source_1",7814,31.80927014,-104.0615013,0.33772288,0.66966907,1872.764151,139.0168683,0.16788203,1062,6398.0,2077.0,2251.0,1818.0,1167.0,1565.0,,upstream,oil,7814,TX,True
United States,USA,"IR_2012-2020_tile_-105,30,-90,45_feature_1544_source_3",7815,31.60868075,-103.5497651,0.06261999,0.1088222,1811.592715,154.7373432,0.05913013,505,,,2754.0,2382.0,1607.0,2118.0,1802.0,upstream,oil,7815,TX,True
United States,USA,"IR_2012-2020_tile_-105,30,-90,45_feature_282_source_3",7816,33.10928157,-102.9593182,0.020990733,0.031173461,2000.340541,148.9717105,0.04653867,393,7431.0,2842.0,3137.0,,,,2144.0,upstream,oil,7816,TX,False
United States,USA,"IR_2012-2020_tile_-105,30,-90,45_feature_1458_source_0",7817,31.64490672,-103.1523985,0.2200602,0.4389356,1858.127232,154.1418334,0.1666442,1705,,,,2718.0,1834.0,2444.0,2065.0,upstream,oil,7817,TX,False
United States,USA,"IR_2012-2020_tile_-105,30,-90,45_feature_1083_source_5",7818,31.95955273,-103.74057,0.08612973,0.14238431,1933.549889,147.4169136,0.11409245,891,,2343.0,2558.0,2152.0,1397.0,1842.0,1577.0,upstream,oil,7818,TX,True
United States,USA,"IR_2012-2020_tile_-105,30,-90,45_feature_1394_source_3",7819,31.69107114,-102.0953191,0.134831265,0.307768013,1862.270335,142.7483855,0.112685606,644,7966.0,,3401.0,,2091.0,2787.0,2344.0,upstream,oil,7819,TX,False
United States,USA,"IR_2012-2020_tile_-105,30,-90,45_feature_486_source_5",7821,32.47826214,-101.6454735,0.21743019,0.32731592,1910.620237,109.9050913,0.063741033,887,,,3571.0,3279.0,,3044.0,2607.0,upstream,oil,7821,TX,False
United States,USA,"IR_2012-2020_tile_-105,30,-90,45_feature_1601_source_2",7822,31.52380941,-103.4625682,0.138683234,0.271753036,1871.149254,175.9265242,0.10400243,850,7103.0,2624.0,2876.0,2497.0,1686.0,2223.0,1892.0,upstream,oil,7822,TX,True
United States,USA,"IR_2012-2020_tile_-105,30,-90,45_feature_1350_source_1",7823,31.75491527,-103.3092459,0.008429974,0.014824527,1887.573333,164.5512016,0.02833028,258,,,,,1765.0,2347.0,2000.0,upstream,oil,7823,TX,True
United States,USA,"IR_2012-2020_tile_-105,30,-90,45_feature_1674_source_1",7824,31.44294132,-102.1904103,0.53144182,1.25356562,1786.905952,122.4022529,0.15743161,1694,7872.0,3045.0,3350.0,3000.0,2041.0,2720.0,2301.0,upstream,oil,7824,TX,False
United States,USA,"IR_2012-2020_tile_-105,30,-90,45_feature_1382_source_0",7825,31.68169904,-103.6536158,0.033840474,0.06891845,1849.909091,157.9036515,0.03367552,245,6803.0,2430.0,2629.0,2217.0,,,,upstream,oil,7825,TX,True
United States,USA,"IR_2012-2020_tile_-105,30,-90,45_feature_1285_source_3",7826,31.79658239,-103.814648,0.10015365,0.20114866,1824.502732,111.9284937,0.07230391,235,,2288.0,2468.0,2062.0,1361.0,1795.0,1534.0,upstream,oil,7826,TX,True
United States,USA,"IR_2012-2020_tile_-105,30,-90,45_feature_849_source_0",7828,32.19155212,-102.5133024,0.095413489,0.204060379,1829.295082,141.6373817,0.0654864,396,7669.0,2966.0,3274.0,2942.0,,2659.0,2239.0,upstream,oil,7828,TX,False
United States,USA,"IR_2012-2020_tile_-105,30,-90,45_feature_1080_source_5",7829,31.95446118,-103.3099891,0.06455711,0.1013714,1917.892009,156.3835389,0.10073159,763,7276.0,2735.0,3007.0,2625.0,1764.0,2350.0,1999.0,upstream,oil,7829,TX,True
United States,USA,"IR_2012-2020_tile_-105,30,-90,45_feature_534_source_1",7830,32.42578362,-102.6646558,0.025837578,0.047443186,1896.621212,171.2967269,0.044576169,241,7581.0,2918.0,3225.0,2896.0,,,,upstream,oil,7830,TX,False
United States,USA,"IR_2012-2020_tile_-105,30,-90,45_feature_1245_source_1",7831,31.83283263,-101.6853986,0.248878,0.419898,1838.135436,180.9480656,0.0785059,907,,,,,,3021.0,2583.0,upstream,oil,7831,TX,False
United States,USA,"IR_2012-2020_tile_-105,30,-90,45_feature_1734_source_0",7832,31.34940348,-101.5708892,0.025941483,0.045130386,1947.868132,163.7681092,0.032402181,316,,,,3329.0,2328.0,3086.0,,upstream,oil,7832,TX,False
United States,USA,"IR_2012-2020_tile_-105,30,-90,45_feature_1242_source_0",7833,31.83277156,-104.2457175,0.13614287,0.36628145,1815.208556,166.8334349,0.08553952,489,6225.0,1966.0,2118.0,1696.0,,1439.0,1245.0,upstream,oil,7833,TX,True
United States,USA,"IR_2012-2020_tile_-105,30,-90,45_feature_1816_source_0",7836,31.23757374,-101.6052788,0.049520414,0.093165826,1892.72043,189.2467165,0.078224003,659,8183.0,3211.0,3587.0,3304.0,2312.0,3066.0,2629.0,upstream,oil,7836,TX,False
United States,USA,"IR_2012-2020_tile_-105,30,-90,45_feature_713_source_1",7838,32.26917361,-102.532895,0.13381822,0.22973261,1892.791938,157.8571259,0.14903486,1192,7663.0,2964.0,3272.0,2941.0,2001.0,2657.0,2236.0,upstream,oil,7838,TX,False
United States,USA,"IR_2012-2020_tile_-105,30,-90,45_feature_1758_source_1",7839,31.33677758,-102.5773399,0.005952851,0.010958333,1912.666667,143.1411196,0.021216548,197,7649.0,2957.0,,,,,2229.0,upstream,oil,7839,TX,False
United States,USA,"IR_2012-2020_tile_-105,30,-90,45_feature_646_source_1",7840,32.33989939,-102.5796068,0.006815174,0.011217187,1935.364706,150.9701838,0.018710321,173,7638.0,,,2934.0,1996.0,2649.0,,upstream,oil,7840,TX,False
United States,USA,"IR_2012-2020_tile_-105,30,-90,45_feature_1759_source_0",7841,31.34891329,-103.6606617,0.373523014,0.742975351,1859.072056,145.8751104,0.199949875,2075,6789.0,2412.0,,2225.0,1475.0,1948.0,1667.0,upstream,oil,7841,TX,True
United States,USA,"IR_2012-2020_tile_-105,30,-90,45_feature_1264_source_0",7844,31.7999728,-102.492662,0.0073742,0.011239073,1977.840426,163.331428,0.027039033,256,,,,,,2664.0,2242.0,upstream,oil,7844,TX,False
United States,USA,"IR_2012-2020_tile_-105,30,-90,45_feature_1427_source_1",7845,31.64193333,-104.0366856,0.117089227,0.26660239,1869.510516,162.5205426,0.113264136,891,,2100.0,2272.0,,1186.0,1588.0,1355.0,upstream,oil,7845,TX,True
United States,USA,"IR_2012-2020_tile_-105,30,-90,45_feature_1061_source_4",7849,31.99646152,-102.6422918,0.07630862,0.15881618,1853.723881,192.3201774,0.05448223,279,7601.0,2932.0,3234.0,2906.0,,,,upstream,oil,7849,TX,False
United States,USA,"IR_2012-2020_tile_-105,30,-90,45_feature_1150_source_6",7850,31.91789574,-103.5235911,0.050104346,0.108034999,1894.212355,148.957864,0.03717817,342,,,2801.0,2423.0,1622.0,2142.0,1835.0,upstream,oil,7850,TX,True
United States,USA,"IR_2012-2020_tile_-105,30,-90,45_feature_1976_source_0",7851,31.08576036,-101.1986567,0.017746037,0.030374726,1907.869048,175.1624946,0.037927649,254,8453.0,3306.0,3751.0,3453.0,,,,upstream,oil,7851,TX,False
United States,USA,"IR_2012-2020_tile_-105,30,-90,45_feature_1474_source_0",7853,31.62270599,-102.2195739,0.024195026,0.060826836,1918.736842,180.2620925,0.02573281,160,7854.0,3028.0,3336.0,2992.0,2032.0,2708.0,,upstream,oil,7853,TX,False
United States,USA,"IR_2012-2020_tile_-105,30,-90,45_feature_511_source_0",7854,32.44054489,-102.36776,0.13371394,0.26292627,1858.17134,159.9455668,0.14065449,1017,7731.0,2984.0,3288.0,2961.0,2014.0,2677.0,2251.0,upstream,oil,7854,TX,False
United States,USA,"IR_2012-2020_tile_-105,30,-90,45_feature_1459_source_0",7855,31.62842601,-104.0468793,0.080284043,0.147977171,1806.5,123.5421311,0.045348499,140,,,2261.0,1824.0,,1589.0,1350.0,upstream,oil,7855,TX,True
United States,USA,"IR_2012-2020_tile_-105,30,-90,45_feature_1425_source_0",7856,31.68460801,-101.9365163,0.268307511,0.573968696,1801.577308,137.0938693,0.118603854,1119,8027.0,3131.0,3476.0,3151.0,2172.0,2879.0,2432.0,upstream,oil,7856,TX,False
United States,USA,"IR_2012-2020_tile_-105,30,-90,45_feature_813_source_0",7857,32.20231773,-101.9897441,0.079757359,0.145979544,1868.612658,156.8710971,0.056004938,590,8014.0,,3456.0,3127.0,2153.0,2855.0,2402.0,upstream,oil,7857,TX,False
United States,USA,"IR_2012-2020_tile_-105,30,-90,45_feature_898_source_1",7859,32.13616204,-102.6915063,0.087991066,0.166996809,1846.875556,142.4253491,0.070271742,400,7558.0,2907.0,3214.0,2890.0,1967.0,2613.0,,upstream,oil,7859,TX,False
United States,USA,"IR_2012-2020_tile_-105,30,-90,45_feature_764_source_6",7860,32.26552271,-101.7877356,0.22556347,0.57929253,1819.115183,157.5962677,0.09720759,1000,,3159.0,3519.0,3209.0,2232.0,2956.0,2515.0,upstream,oil,7860,TX,False
United States,USA,"IR_2012-2020_tile_-105,30,-90,45_feature_1739_source_2",7863,31.39061052,-101.896894,0.03744548,0.07267193,1873.525692,128.284933,0.03099756,318,,,,,2183.0,2899.0,2455.0,upstream,oil,7863,TX,False
United States,USA,"IR_2012-2020_tile_-105,30,-90,45_feature_1849_source_0",7864,31.22257081,-103.5324084,0.00885299,0.01809359,1835.186441,197.874166,0.01999878,149,,,,,1618.0,2134.0,1829.0,upstream,oil,7864,TX,False
United States,USA,"IR_2012-2020_tile_-105,30,-90,45_feature_1230_source_3",7866,31.8568862,-103.9077924,0.19892076,0.42990311,1831.130024,150.3353529,0.14085965,864,6546.0,2210.0,2396.0,1973.0,1295.0,1712.0,1449.0,upstream,oil,7866,TX,True
United States,USA,"IR_2012-2020_tile_-105,30,-90,45_feature_1254_source_0",7869,31.82684692,-103.6444848,0.006567319,0.011107532,1932.62963,150.7377286,0.019211812,185,,,2635.0,2237.0,,1969.0,,upstream,oil,7869,TX,True
United States,USA,"IR_2012-2020_tile_-105,30,-90,45_feature_285_source_2",7873,33.13965008,-102.9746891,0.034084887,0.080391206,1839.764398,185.7567852,0.077950608,379,7422.0,,3134.0,2803.0,,,,upstream,oil,7873,TX,False
United States,USA,"IR_2012-2020_tile_-105,30,-90,45_feature_1418_source_3",7875,31.6708848,-103.2844091,0.05608122,0.16037,1822.820574,150.6405108,0.05943148,698,,,,2653.0,1785.0,2373.0,2019.0,upstream,oil,7875,TX,False
United States,USA,"IR_2012-2020_tile_-105,30,-90,45_feature_1121_source_1",7877,31.9267532,-103.8445602,0.08948294,0.14662121,1893.192529,182.5265222,0.135043227,754,6624.0,2271.0,2452.0,2051.0,1351.0,1776.0,1514.0,upstream,oil,7877,TX,True
United States,USA,"IR_2012-2020_tile_-105,30,-90,45_feature_1052_source_1",7878,31.97537618,-103.7125762,0.15777494,0.28397136,1932.764706,164.240527,0.18433375,1312,6750.0,2379.0,2569.0,2167.0,1425.0,1882.0,1605.0,upstream,oil,7878,TX,True
United States,USA,"IR_2012-2020_tile_-105,30,-90,45_feature_1282_source_0",7881,31.77652998,-103.4666988,0.05610127,0.11386783,1936.427332,158.2396437,0.13155075,1140,7095.0,2612.0,2863.0,2490.0,1681.0,2213.0,1891.0,upstream,oil,7881,TX,True
United States,USA,"IR_2012-2020_tile_-105,30,-90,45_feature_1300_source_1",7883,31.7656915,-104.0398718,0.09064654,0.17136361,1847.012862,165.535028,0.09358821,600,6413.0,2088.0,2266.0,1836.0,1182.0,1584.0,1354.0,upstream,oil,7883,TX,True
United States,USA,"IR_2012-2020_tile_-105,30,-90,45_feature_1319_source_1",7884,31.7423669,-104.1387778,0.17577982,0.34973634,1864.074202,175.7258032,0.20784896,1734,6309.0,2016.0,2185.0,1744.0,1119.0,1500.0,1280.0,upstream,oil,7884,TX,True
United States,USA,"IR_2012-2020_tile_-105,30,-90,45_feature_819_source_0",7885,32.19874858,-102.5783777,0.257156771,0.63600645,1767.78185,153.4646626,0.14268021,862,7644.0,2954.0,3263.0,2935.0,1997.0,2650.0,,upstream,oil,7885,TX,False
United States,USA,"IR_2012-2020_tile_-105,30,-90,45_feature_1970_source_0",7886,31.06112285,-103.4303707,0.08686416,0.129031878,1929.073446,153.9571084,0.09473665,423,7151.0,2660.0,,2525.0,,,,upstream,oil,7886,TX,False
United States,USA,"IR_2012-2020_tile_-105,30,-90,45_feature_1547_source_6",7888,31.55299311,-103.1191212,0.19028583,0.35973574,1853.461788,144.935884,0.17972225,2004,,2800.0,3081.0,2732.0,1850.0,2459.0,2078.0,upstream,oil,7888,TX,False
United States,USA,"IR_2012-2020_tile_-105,30,-90,45_feature_1453_source_3",7889,31.62943979,-102.0511335,0.049943459,0.103277625,1892.871795,156.7126113,0.047970435,336,,,3417.0,3078.0,2107.0,2807.0,,upstream,oil,7889,TX,False
United States,USA,"IR_2012-2020_tile_-105,30,-90,45_feature_1992_source_2",7892,31.05476361,-103.5935849,0.051941921,0.08778642,1891.471311,150.5590647,0.071590311,653,,,,,1550.0,2046.0,1754.0,upstream,oil,7892,TX,False
United States,USA,"IR_2012-2020_tile_-105,30,-90,45_feature_600_source_1",7893,32.36176146,-102.1455347,0.027633848,0.040777155,1957.666667,155.5399619,0.043632059,416,,,,,,2746.0,2320.0,upstream,oil,7893,TX,False
United States,USA,"IR_2012-2020_tile_-105,30,-90,45_feature_1040_source_0",7894,32.02372843,-102.646372,0.04609022,0.09905876,1867.09396,168.6609459,0.0446878,276,7595.0,2930.0,3232.0,2904.0,1977.0,2627.0,2210.0,upstream,oil,7894,TX,False
United States,USA,"IR_2012-2020_tile_-105,30,-90,45_feature_1427_source_0",7896,31.64798583,-104.0122851,0.2325631,0.5253928,1827.404124,143.6518112,0.15001451,1349,,2116.0,2293.0,1868.0,1211.0,1615.0,1378.0,upstream,oil,7896,TX,True
United States,USA,"IR_2012-2020_tile_-105,30,-90,45_feature_1983_source_0",7898,31.04503061,-103.0503403,0.00388129,0.00701444,1925.183673,170.3020933,0.01392102,147,,,,,1875.0,2491.0,2098.0,upstream,oil,7898,TX,False
United States,USA,"IR_2012-2020_tile_-105,30,-90,45_feature_1927_source_3",7899,31.10970723,-103.6492967,0.02841327,0.04446935,1875.788136,163.2645172,0.03055343,177,,,,2235.0,,,1669.0,upstream,oil,7899,TX,False
United States,USA,"IR_2012-2020_tile_-105,30,-90,45_feature_1215_source_0",7900,31.84814899,-102.6457545,0.047670903,0.083130755,1899.227273,158.2619899,0.059090377,311,7596.0,2931.0,3233.0,,,,2213.0,upstream,oil,7900,TX,False
United States,USA,"IR_2012-2020_tile_-105,30,-90,45_feature_1310_source_3",7901,31.77056612,-103.4883221,0.03146412,0.06251971,1911.3,191.9020844,0.05650078,255,7063.0,2599.0,2840.0,2468.0,,,,upstream,oil,7901,TX,True
United States,USA,"IR_2012-2020_tile_-105,30,-90,45_feature_1262_source_1",7903,31.81235864,-103.9965626,0.043168539,0.07953545,1890.054795,157.4414777,0.03645191,233,6446.0,2130.0,2312.0,1882.0,1220.0,1624.0,1387.0,upstream,oil,7903,TX,True
United States,USA,"IR_2012-2020_tile_-105,30,-90,45_feature_1276_source_1",7905,31.80218777,-103.43039,0.002035195,0.003351914,1995.72,159.0691724,0.01318871,155,,,,,,,,upstream,oil,7905,TX,True
United States,USA,"IR_2012-2020_tile_-105,30,-90,45_feature_1044_source_0",7906,31.98286835,-102.3878814,0.012199839,0.021594969,1918.026316,153.5841938,0.028057605,205,7725.0,2982.0,3287.0,2958.0,2013.0,2676.0,,upstream,oil,7906,TX,False
United States,USA,"IR_2012-2020_tile_-105,30,-90,45_feature_1263_source_0",7908,31.82445808,-103.960396,0.088548226,0.199798772,1828.709343,126.6629124,0.056028796,434,6495.0,2159.0,2344.0,1919.0,1253.0,1664.0,,upstream,oil,7908,TX,True
United States,USA,"IR_2012-2020_tile_-105,30,-90,45_feature_1230_source_2",7909,31.83878156,-103.9103706,0.060841087,0.12934088,1889.984802,184.2623338,0.102592065,1063,,,,1974.0,1292.0,1705.0,1450.0,upstream,oil,7909,TX,True
United States,USA,"IR_2012-2020_tile_-105,30,-90,45_feature_612_source_5",7910,32.39519983,-102.1772641,0.040429779,0.091953384,1945.395349,161.2349828,0.058330193,437,7859.0,3049.0,3352.0,3004.0,2045.0,2725.0,2306.0,upstream,oil,7910,TX,False
United States,USA,"IR_2012-2020_tile_-105,30,-90,45_feature_1757_source_6",7912,31.34664187,-103.0355786,0.110507909,0.187461111,1795.159091,176.2656754,0.087005857,328,,,3108.0,2769.0,1877.0,2493.0,2107.0,upstream,oil,7912,TX,False
United States,USA,"IR_2012-2020_tile_-105,30,-90,45_feature_1846_source_0",7913,31.21237733,-103.2387906,0.01457142,0.026452,1887.219048,172.6615727,0.02440877,234,,,,,1807.0,2401.0,2038.0,upstream,oil,7913,TX,False
United States,USA,"IR_2012-2020_tile_-105,30,-90,45_feature_1987_source_1",7915,31.08330397,-103.5259072,0.03443687,0.06652638,1915.242236,152.3470122,0.03456745,215,,,,,1624.0,2144.0,1837.0,upstream,oil,7915,TX,False
United States,USA,"IR_2012-2020_tile_-105,30,-90,45_feature_1172_source_2",7916,31.897884,-103.8212121,0.012014341,0.022277724,1884.146154,168.5960175,0.039789575,361,6655.0,,2473.0,,,1793.0,1526.0,upstream,oil,7916,TX,True
United States,USA,"IR_2012-2020_tile_-105,30,-90,45_feature_1544_source_2",7918,31.59625862,-103.5422546,0.018874723,0.04486617,1880.688073,158.9148233,0.03970182,318,,2547.0,2754.0,2402.0,1611.0,2123.0,,upstream,oil,7918,TX,True
United States,USA,"IR_2012-2020_tile_-105,30,-90,45_feature_1361_source_2",7919,31.70990935,-103.877243,0.03867296,0.0744501,1828.694737,137.1517848,0.0392116,311,,,,,1313.0,1735.0,1480.0,upstream,oil,7919,TX,True
United States,USA,"IR_2012-2020_tile_-105,30,-90,45_feature_573_source_2",7920,32.41434193,-101.5574026,0.076262023,0.142608611,1897.753676,121.8098581,0.056756186,345,,3221.0,3622.0,3345.0,2342.0,3100.0,2654.0,upstream,oil,7920,TX,False
United States,USA,"IR_2012-2020_tile_-105,30,-90,45_feature_1230_source_4",7922,31.87157597,-103.9265427,0.053049831,0.07921278,1949.068966,170.8634457,0.06959841,272,6529.0,2190.0,2376.0,1962.0,1284.0,1702.0,,upstream,oil,7922,TX,True
United States,USA,"IR_2012-2020_tile_-105,30,-90,45_feature_1757_source_0",7923,31.34528446,-103.0199716,0.10323797,0.18638618,1879.079208,154.2056928,0.09081743,684,,,3117.0,2778.0,1889.0,2512.0,2118.0,upstream,oil,7923,TX,False
United States,USA,"IR_2012-2020_tile_-105,30,-90,45_feature_1083_source_2",7924,31.96966639,-103.7679509,0.132335,0.22886945,1919.253067,154.7997878,0.12447625,932,6706.0,2343.0,2518.0,2122.0,,1821.0,1560.0,upstream,oil,7924,TX,True
United States,USA,"IR_2012-2020_tile_-105,30,-90,45_feature_288_source_0",7925,33.06582168,-102.9880659,0.042993372,0.074683814,1914.190789,166.921792,0.08559178,539,,,3127.0,2799.0,,,,upstream,oil,7925,TX,False
United States,USA,"IR_2012-2020_tile_-105,30,-90,45_feature_453_source_0",7929,32.539969,-102.9388548,0.005444153,0.010476727,1915.709091,209.332417,0.019322095,175,,,,2818.0,,2556.0,,upstream,oil,7929,TX,False
United States,USA,"IR_2012-2020_tile_-105,30,-90,45_feature_1123_source_0",7930,31.92396218,-104.3599628,0.031398096,0.051381958,1913.885714,128.741329,0.050580769,210,6192.0,1942.0,2076.0,,,,,upstream,oil,7930,TX,True
United States,USA,"IR_2012-2020_tile_-105,30,-90,45_feature_1922_source_0",7932,31.13263491,-102.9290174,0.164354807,0.31207996,1879.046532,148.2362402,0.18150733,1632,,2850.0,3146.0,2820.0,1925.0,2559.0,2155.0,upstream,oil,7932,TX,False
United States,USA,"IR_2012-2020_tile_-105,30,-90,45_feature_1490_source_5",7933,31.6008864,-103.8337393,0.065262626,0.126483556,1838.228782,158.3083988,0.03096199,324,6657.0,2279.0,2474.0,2054.0,1354.0,1779.0,1521.0,upstream,oil,7933,TX,True
United States,USA,"IR_2012-2020_tile_-105,30,-90,45_feature_1711_source_1",7934,31.37716658,-101.7273378,0.036603815,0.037118046,1835.651079,162.488972,0.040857624,408,,,3544.0,3239.0,2259.0,2994.0,2553.0,upstream,oil,7934,TX,False
United States,USA,"IR_2012-2020_tile_-105,30,-90,45_feature_2009_source_0",7935,31.01881403,-103.4811204,0.01204893,0.02204174,1863.452381,162.1900026,0.02688325,288,,,,,1662.0,2191.0,1879.0,upstream,oil,7935,TX,False
United States,USA,"IR_2012-2020_tile_-105,30,-90,45_feature_1226_source_1",7936,31.83860806,-104.0222132,0.015868715,0.032244568,1838.19697,186.9524506,0.028366209,224,,,,,,1611.0,1375.0,upstream,oil,7936,TX,True
United States,USA,"IR_2012-2020_tile_-105,30,-90,45_feature_1144_source_6",7938,31.96215191,-103.4525306,0.033853463,0.053372737,1937.944444,141.3219881,0.061219687,242,7114.0,2631.0,2886.0,2507.0,,,,upstream,oil,7938,TX,True
United States,USA,"IR_2012-2020_tile_-105,30,-90,45_feature_603_source_1",7942,32.37824631,-101.3531167,0.004865105,0.011637767,1861.9125,208.8822152,0.015000717,203,,,,,,3191.0,2737.0,upstream,oil,7942,TX,False
United States,USA,"IR_2012-2020_tile_-105,30,-90,45_feature_1050_source_0",7943,31.9823789,-101.723594,0.10365307,0.22649499,1796.757455,157.5752047,0.06905915,762,,,3540.0,3240.0,2257.0,2996.0,2559.0,upstream,oil,7943,TX,False
United States,USA,"IR_2012-2020_tile_-105,30,-90,45_feature_799_source_0",7944,32.21227368,-102.2282416,0.026810586,0.053189931,1737.488,188.585455,0.02750707,264,7823.0,3017.0,3327.0,2987.0,,,,upstream,oil,7944,TX,False
United States,USA,"IR_2012-2020_tile_-105,30,-90,45_feature_1140_source_0",7945,31.89912241,-103.8982664,0.067039708,0.10444015,1895.953488,161.149594,0.082068979,395,6553.0,2219.0,2403.0,1982.0,,,,upstream,oil,7945,TX,True
United States,USA,"IR_2012-2020_tile_-105,30,-90,45_feature_692_source_1",7946,32.27044203,-101.4185594,0.016492757,0.051870788,1700.546512,207.6791833,0.034852117,429,8323.0,,3689.0,,,3164.0,2711.0,upstream,oil,7946,TX,False
United States,USA,"IR_2012-2020_tile_-105,30,-90,45_feature_1285_source_4",7947,31.81667855,-103.8255551,0.020825037,0.04307679,1914.458333,168.8962278,0.03008489,236,,2287.0,2467.0,2061.0,,1788.0,1527.0,upstream,oil,7947,TX,True
United States,USA,"IR_2012-2020_tile_-105,30,-90,45_feature_829_source_1",7949,32.19695482,-101.9577039,0.103108853,0.1686324,1863.343949,150.5339843,0.10963039,829,,,3465.0,3140.0,2164.0,2869.0,,upstream,oil,7949,TX,False
United States,USA,"IR_2012-2020_tile_-105,30,-90,45_feature_1932_source_0",7950,31.12838718,-102.8948963,0.099279,0.1629549,1895.737772,142.1418955,0.0954829,968,,,,,1930.0,2566.0,2163.0,upstream,oil,7950,TX,False
United States,USA,"IR_2012-2020_tile_-105,30,-90,45_feature_1458_source_1",7951,31.62717398,-103.1644667,0.06128495,0.1282345,1891.707415,170.5789698,0.08203948,731,,,3068.0,2714.0,1826.0,2433.0,2059.0,upstream,oil,7951,TX,False
United States,USA,"IR_2012-2020_tile_-105,30,-90,45_feature_1428_source_0",7952,31.66421311,-103.9577636,0.14868006,0.31776909,1829.011125,162.1126167,0.135892313,1213,,2164.0,2351.0,1923.0,1254.0,1665.0,1416.0,upstream,oil,7952,TX,True
United States,USA,"IR_2012-2020_tile_-105,30,-90,45_feature_1475_source_0",7953,31.59381033,-101.9968584,0.025366211,0.054584766,1810.298405,185.0001534,0.049867418,700,,,,3117.0,2147.0,2850.0,2400.0,upstream,oil,7953,TX,False
United States,USA,"IR_2012-2020_tile_-105,30,-90,45_feature_1865_source_0",7959,31.190094,-102.9884682,0.174246066,0.382522033,1780.011461,146.9264279,0.07285177,565,7421.0,2834.0,3130.0,2801.0,1908.0,2531.0,,upstream,oil,7959,TX,False
United States,USA,"IR_2012-2020_tile_-105,30,-90,45_feature_1230_source_1",7960,31.85606082,-103.8908012,0.0412015,0.0742023,1887.245614,159.9587974,0.04993957,152,6568.0,2238.0,2407.0,1999.0,,,,upstream,oil,7960,TX,True
United States,USA,"IR_2012-2020_tile_-105,30,-90,45_feature_1472_source_6",7962,31.61110579,-104.0141062,0.145121748,0.302310329,1860.804642,149.6010767,0.095998808,710,6456.0,,2294.0,1861.0,1207.0,1610.0,1373.0,upstream,oil,7962,TX,True
United States,USA,"IR_2012-2020_tile_-105,30,-90,45_feature_1079_source_3",7964,31.96309226,-103.9206771,0.052038211,0.07981705,1902.39375,159.9006761,0.07146028,312,6535.0,2199.0,2375.0,1968.0,1283.0,1697.0,1442.0,upstream,oil,7964,TX,True
United States,USA,"IR_2012-2020_tile_-105,30,-90,45_feature_1023_source_0",7965,31.99922545,-103.8694575,0.163748764,0.285059378,1895.216667,125.5756036,0.10505216,691,6590.0,2244.0,2429.0,2016.0,,,,upstream,oil,7965,TX,True
United States,USA,"IR_2012-2020_tile_-105,30,-90,45_feature_1468_source_2",7966,31.62177755,-103.7697929,0.03603053,0.0762814,1825.721951,171.5344401,0.042419655,389,,,2516.0,2120.0,1381.0,1823.0,,upstream,oil,7966,TX,True
United States,USA,"IR_2012-2020_tile_-105,30,-90,45_feature_1860_source_0",7967,31.20297369,-103.2110077,0.013002619,0.023889311,1908.232759,182.6405627,0.029597869,249,7344.0,,,2694.0,1814.0,2415.0,,upstream,oil,7967,TX,False
United States,USA,"IR_2012-2020_tile_-105,30,-90,45_feature_2004_source_0",7968,31.02412393,-103.417116,0.020056845,0.036436644,1907.032864,180.2462943,0.039919899,402,,,,2537.0,,2267.0,1935.0,upstream,oil,7968,TX,False
United States,USA,"IR_2012-2020_tile_-105,30,-90,45_feature_1709_source_0",7969,31.38929288,-101.7008432,0.01596731,0.02701799,1923.236364,166.5501796,0.029907223,233,8138.0,,3555.0,3252.0,2273.0,3015.0,2577.0,upstream,oil,7969,TX,False
United States,USA,"IR_2012-2020_tile_-105,30,-90,45_feature_1510_source_0",7970,31.58424141,-103.5917108,0.042277227,0.120368201,1813.063063,165.8759864,0.05503067,636,6878.0,,,2322.0,1551.0,2044.0,1753.0,upstream,oil,7970,TX,True
United States,USA,"IR_2012-2020_tile_-105,30,-90,45_feature_1086_source_4",7971,31.94096021,-104.0799929,0.233966988,0.4788068,1835.606667,119.296795,0.089614304,405,6372.0,2061.0,2242.0,1806.0,,,,upstream,oil,7971,TX,True
United States,USA,"IR_2012-2020_tile_-105,30,-90,45_feature_1494_source_2",7972,31.58803546,-104.0684449,0.19980322,0.39741032,1830.67907,138.6901212,0.07491761,872,,,2255.0,1813.0,1157.0,1554.0,1330.0,upstream,oil,7972,TX,True
United States,USA,"IR_2012-2020_tile_-105,30,-90,45_feature_1677_source_1",7973,31.42272986,-101.4644567,0.02038693,0.03086114,1966.552036,154.7057147,0.03288457,328,,,,,2366.0,3137.0,2686.0,upstream,oil,7973,TX,False
United States,USA,"IR_2012-2020_tile_-105,30,-90,45_feature_1080_source_4",7974,31.97224315,-103.3113942,0.01809631,0.02972474,1914.238636,158.5470961,0.015270966,106,,,,,,2346.0,1996.0,upstream,oil,7974,TX,True
United States,USA,"IR_2012-2020_tile_-105,30,-90,45_feature_1282_source_3",7975,31.78880228,-103.4598626,0.02355949,0.03897204,1908.392857,197.844938,0.04573537,280,,2628.0,2882.0,2490.0,,2227.0,1901.0,upstream,oil,7975,TX,True
United States,USA,"IR_2012-2020_tile_-105,30,-90,45_feature_501_source_0",7977,32.4618037,-102.7998551,0.033674893,0.056010856,1889.983871,174.0400855,0.044252961,211,7480.0,2877.0,3177.0,,,,,upstream,oil,7977,TX,False
United States,USA,"IR_2012-2020_tile_-105,30,-90,45_feature_1876_source_1",7978,31.19422129,-103.6377441,0.073413016,0.139203159,1842.13089,160.9294946,0.072007466,314,6818.0,2448.0,2646.0,2252.0,1500.0,1983.0,1693.0,upstream,oil,7978,TX,False
United States,USA,"IR_2012-2020_tile_-105,30,-90,45_feature_931_source_0",7979,32.09747651,-101.98803,0.095862411,0.225524232,1868.412698,146.3261887,0.102203607,1013,,,,3121.0,2154.0,2856.0,2406.0,upstream,oil,7979,TX,False
United States,USA,"IR_2012-2020_tile_-105,30,-90,45_feature_1295_source_2",7980,31.78041272,-104.0964779,0.083069436,0.120195033,1900.601942,141.9778692,0.074927454,378,6356.0,2048.0,2219.0,1783.0,,,,upstream,oil,7980,TX,True
United States,USA,"IR_2012-2020_tile_-105,30,-90,45_feature_1094_source_0",7981,31.95342921,-103.60509,0.1614899,0.4181763,1834.683575,167.2591899,0.13811042,1249,,2471.0,2685.0,2297.0,1536.0,2030.0,1738.0,upstream,oil,7981,TX,True
United States,USA,"IR_2012-2020_tile_-105,30,-90,45_feature_497_source_4",7982,32.47283117,-101.7280293,0.0524055,0.09834604,1877.337838,154.8432753,0.04787361,379,,,,3237.0,2255.0,2990.0,,upstream,oil,7982,TX,False
United States,USA,"IR_2012-2020_tile_-105,30,-90,45_feature_1771_source_2",7983,31.30274202,-103.7172173,0.0519011,0.0724473,1893.754545,178.3738423,0.05563596,449,,,2568.0,2166.0,1418.0,1871.0,1599.0,upstream,oil,7983,TX,True
United States,USA,"IR_2012-2020_tile_-105,30,-90,45_feature_1975_source_0",7985,31.0391765,-102.2228063,0.07610713,0.21892667,1794.946502,185.2766845,0.08107062,514,7838.0,3023.0,3330.0,2993.0,,2705.0,2288.0,upstream,oil,7985,TX,False
United States,USA,"IR_2012-2020_tile_-105,30,-90,45_feature_1803_source_1",7986,31.27455141,-103.6433406,0.04073302,0.06503271,1920.557692,151.4513648,0.05939591,248,6820.0,2439.0,2641.0,2246.0,,,,upstream,oil,7986,TX,False
United States,USA,"IR_2012-2020_tile_-105,30,-90,45_feature_1727_source_2",7987,31.37080217,-103.6447543,0.257819401,0.48375393,1863.582369,129.6598026,0.185496022,1361,6817.0,2433.0,2638.0,2260.0,1493.0,1973.0,1679.0,upstream,oil,7987,TX,True
United States,USA,"IR_2012-2020_tile_-105,30,-90,45_feature_1116_source_0",7991,31.94399408,-103.1502092,0.028336583,0.067940712,1891.924915,178.2958039,0.059904114,486,,,3075.0,2720.0,1837.0,2443.0,,upstream,oil,7991,TX,False
United States,USA,"IR_2012-2020_tile_-105,30,-90,45_feature_1987_source_3",7993,31.0820158,-103.5337142,0.028132596,0.053254883,1960.0,161.3530714,0.043061938,474,,,,,1624.0,2135.0,1830.0,upstream,oil,7993,TX,False
United States,USA,"IR_2012-2020_tile_-105,30,-90,45_feature_1891_source_3",7994,31.17580065,-101.3370144,0.028059557,0.050484445,1931.195918,161.4621279,0.042007275,345,,,3727.0,3430.0,2403.0,3195.0,,upstream,oil,7994,TX,False
United States,USA,"IR_2012-2020_tile_-105,30,-90,45_feature_1845_source_1",7996,31.20917254,-102.9595749,0.08178091,0.1740172,1859.671815,145.5631337,0.07198677,670,,,,,1917.0,2546.0,2141.0,upstream,oil,7996,TX,False
United States,USA,"IR_2012-2020_tile_-105,30,-90,45_feature_522_source_0",7998,32.43157015,-101.912751,0.01109862,0.02625538,1880.827957,214.5270178,0.02796728,334,,,,,2178.0,2887.0,2443.0,upstream,oil,7998,TX,False
United States,USA,"IR_2012-2020_tile_-105,30,-90,45_feature_1995_source_0",7999,31.01108001,-103.2476999,0.12858503,0.27328846,1859.642433,156.005929,0.12028162,1024,,,3039.0,2678.0,1803.0,2396.0,2035.0,upstream,oil,7999,TX,False
United States,USA,"IR_2012-2020_tile_-105,30,-90,45_feature_1040_source_1",8000,32.02884663,-102.6805319,0.069279498,0.15905488,1856.134529,171.2689381,0.06449985,385,7570.0,2914.0,3220.0,2888.0,1971.0,2618.0,2194.0,upstream,oil,8000,TX,False
United States,USA,"IR_2012-2020_tile_-105,30,-90,45_feature_1472_source_5",8003,31.61153348,-103.9756408,0.098380228,0.18199442,1875.48368,123.073163,0.076731277,473,6484.0,2133.0,2334.0,1903.0,1239.0,1646.0,,upstream,oil,8003,TX,True
United States,USA,"IR_2012-2020_tile_-105,30,-90,45_feature_935_source_0",8004,32.09105266,-101.7655451,0.026084463,0.053684512,1763.142012,182.6396295,0.030206681,266,,,,,,2966.0,2521.0,upstream,oil,8004,TX,False
United States,USA,"IR_2012-2020_tile_-105,30,-90,45_feature_1327_source_0",8007,31.74144782,-101.1948835,0.1443571,0.36525865,1765.536481,160.1173113,0.0933381,461,8448.0,3307.0,3752.0,3454.0,,3225.0,2766.0,upstream,oil,8007,TX,False
United States,USA,"IR_2012-2020_tile_-105,30,-90,45_feature_1852_source_0",8008,31.20792335,-103.1307918,0.062759044,0.173052022,1851.86747,174.2268478,0.03927099,315,,,3080.0,,1847.0,2456.0,2076.0,upstream,oil,8008,TX,False
United States,USA,"IR_2012-2020_tile_-105,30,-90,45_feature_538_source_3",8009,32.45763632,-101.4706682,0.033820943,0.12133894,1863.36646,186.8236186,0.049155624,397,,,3664.0,,,,2681.0,upstream,oil,8009,TX,False
United States,USA,"IR_2012-2020_tile_-105,30,-90,45_feature_1054_source_2",8010,31.97749467,-103.6417096,0.1055058,0.23135942,1848.25,168.1602452,0.07835826,265,6834.0,2436.0,2639.0,2240.0,1491.0,1968.0,1684.0,upstream,oil,8010,TX,True
United States,USA,"IR_2012-2020_tile_-105,30,-90,45_feature_1644_source_3",8013,31.50759284,-102.6638006,0.060268734,0.106980851,1891.192308,167.4311449,0.061762291,290,7585.0,,3227.0,,,,2201.0,upstream,oil,8013,TX,False
United States,USA,"IR_2012-2020_tile_-105,30,-90,45_feature_1970_source_1",8015,31.06669151,-103.4468711,0.044858463,0.071774153,1940.321429,159.4162462,0.054256173,187,7124.0,2637.0,,,,,,upstream,oil,8015,TX,False
United States,USA,"IR_2012-2020_tile_-105,30,-90,45_feature_1246_source_2",8016,31.82414795,-103.7102786,0.01763593,0.03473865,1890.111111,157.5965313,0.02654108,267,,,,,,1876.0,1608.0,upstream,oil,8016,TX,True
United States,USA,"IR_2012-2020_tile_-105,30,-90,45_feature_1870_source_0",8017,31.19879737,-103.659745,0.066945161,0.14738607,1825.208661,187.8082866,0.057441693,352,,,2620.0,2227.0,1479.0,1949.0,,upstream,oil,8017,TX,False
United States,USA,"IR_2012-2020_tile_-105,30,-90,45_feature_255_source_0",8018,33.46309913,-102.5578449,0.13131578,0.4991017,1685.98125,227.1592908,0.11917851,1206,7654.0,2960.0,3269.0,2938.0,1999.0,2653.0,2231.0,upstream,oil,8018,TX,False
United States,USA,"IR_2012-2020_tile_-105,30,-90,45_feature_1316_source_0",8020,31.75522286,-103.2084972,0.005921901,0.012143626,1864.52,171.0233598,0.017374657,212,,,,,,2414.0,2043.0,upstream,oil,8020,TX,False
United States,USA,"IR_2012-2020_tile_-105,30,-90,45_feature_657_source_0",8022,32.32090491,-102.0240204,0.04856076,0.11567414,1858.084821,141.4218517,0.03818415,401,,,,3094.0,2123.0,2824.0,2383.0,upstream,oil,8022,TX,False
United States,USA,"IR_2012-2020_tile_-105,30,-90,45_feature_1780_source_1",8025,31.31416081,-103.2426765,0.05733227,0.12273513,1887.596386,152.5738999,0.06766441,365,7328.0,2766.0,3037.0,2680.0,,2397.0,2036.0,upstream,oil,8025,TX,False
United States,USA,"IR_2012-2020_tile_-105,30,-90,45_feature_1579_source_2",8026,31.53004716,-103.3534655,0.1959245,0.50814923,1833.978846,168.9140471,0.17531934,1082,7233.0,2713.0,2972.0,2598.0,1750.0,2321.0,1975.0,upstream,oil,8026,TX,True
United States,USA,"IR_2012-2020_tile_-105,30,-90,45_feature_1190_source_0",8027,31.88064145,-104.2683022,0.015829434,0.032333698,1935.297297,190.5682633,0.024088661,153,,1957.0,2104.0,1687.0,1065.0,1434.0,,upstream,oil,8027,TX,True
United States,USA,"IR_2012-2020_tile_-105,30,-90,45_feature_1150_source_5",8029,31.93713179,-103.5379922,0.20577573,0.281250264,1804.967033,145.1849787,0.081181734,551,6963.0,2540.0,2762.0,2410.0,1593.0,2109.0,1817.0,upstream,oil,8029,TX,True
United States,USA,"IR_2012-2020_tile_-105,30,-90,45_feature_918_source_0",8030,32.10219625,-102.1264446,0.048621795,0.101088806,1837.037838,184.3831753,0.05728732,566,7942.0,,,,2072.0,2763.0,2331.0,upstream,oil,8030,TX,False
United States,USA,"IR_2012-2020_tile_-105,30,-90,45_feature_1459_source_3",8031,31.63399446,-104.0730634,0.17240914,0.43519247,1804.103723,121.3402872,0.080672525,482,6368.0,2058.0,2233.0,1807.0,1156.0,1553.0,,upstream,oil,8031,TX,True
United States,USA,"IR_2012-2020_tile_-105,30,-90,45_feature_2004_source_1",8032,31.00814983,-103.4297764,0.037767621,0.086292807,1819.888545,211.5172082,0.08889403,753,7152.0,,2911.0,2526.0,1711.0,2259.0,1927.0,upstream,oil,8032,TX,False
United States,USA,"IR_2012-2020_tile_-105,30,-90,45_feature_1119_source_0",8033,31.93065892,-103.6247905,0.17965738,0.39925194,1849.215686,163.2071117,0.16709403,209,6842.0,2455.0,2650.0,2255.0,1504.0,1993.0,1702.0,upstream,oil,8033,TX,True
United States,USA,"IR_2012-2020_tile_-105,30,-90,45_feature_1375_source_3",8034,31.72742436,-103.9375175,0.017101532,0.03925717,1834.809524,208.0660653,0.02284147,138,,2166.0,2366.0,,,,,upstream,oil,8034,TX,True
United States,USA,"IR_2012-2020_tile_-105,30,-90,45_feature_1490_source_2",8035,31.59094,-103.8299135,0.053723233,0.131020916,1837.736364,148.3543471,0.045484508,215,6657.0,2279.0,2474.0,2054.0,,,,upstream,oil,8035,TX,True
United States,USA,"IR_2012-2020_tile_-105,30,-90,45_feature_1135_source_0",8036,31.91945076,-104.0519417,0.05833633,0.11922331,1882.375375,145.8427315,0.057360243,499,,,,1823.0,1171.0,1569.0,1344.0,upstream,oil,8036,TX,True
United States,USA,"IR_2012-2020_tile_-105,30,-90,45_feature_1218_source_3",8037,31.85495704,-103.9948837,0.072708484,0.19327515,1862.830287,177.4218761,0.08593382,659,6461.0,2124.0,2305.0,1881.0,,1628.0,1390.0,upstream,oil,8037,TX,True
United States,USA,"IR_2012-2020_tile_-105,30,-90,45_feature_1992_source_0",8039,31.01717619,-103.5864766,0.10677791,0.15034599,1879.568182,126.9402546,0.08359811,930,,,,2329.0,1555.0,2052.0,1765.0,upstream,oil,8039,TX,False
United States,USA,"IR_2012-2020_tile_-105,30,-90,45_feature_1271_source_3",8040,31.80354836,-104.1250617,0.23230708,0.44162775,1881.741071,141.5462598,0.15563251,785,6324.0,2026.0,2195.0,1755.0,1130.0,1513.0,1289.0,upstream,oil,8040,TX,True
United States,USA,"IR_2012-2020_tile_-105,30,-90,45_feature_532_source_3",8041,32.44916044,-101.4479844,0.023874855,0.06010991,1881.441948,173.1394607,0.04193909,442,,,,,,3146.0,2694.0,upstream,oil,8041,TX,False
United States,USA,"IR_2012-2020_tile_-105,30,-90,45_feature_447_source_0",8042,32.5585488,-102.727072,0.075670891,0.139295724,1895.917085,156.2617494,0.117185881,1215,,,,2863.0,1957.0,2604.0,2183.0,upstream,oil,8042,TX,False
United States,USA,"IR_2012-2020_tile_-105,30,-90,45_feature_516_source_0",8043,32.45611178,-101.8793834,0.033186408,0.058805773,1913.696897,169.0099805,0.064869507,660,,,,,,2906.0,2462.0,upstream,oil,8043,TX,False
United States,USA,"IR_2012-2020_tile_-105,30,-90,45_feature_1168_source_2",8044,31.89719459,-103.9416581,0.07855234,0.18017246,1865.612,162.875724,0.11864468,633,6516.0,2161.0,2358.0,1922.0,1266.0,1683.0,1425.0,upstream,oil,8044,TX,True
United States,USA,"IR_2012-2020_tile_-105,30,-90,45_feature_1974_source_0",8045,31.05076851,-102.945623,0.019794216,0.03846671,1927.346154,169.2566763,0.038753087,351,,,,,1921.0,2553.0,,upstream,oil,8045,TX,False
United States,USA,"IR_2012-2020_tile_-105,30,-90,45_feature_1061_source_1",8046,32.00442272,-102.6662859,0.023599787,0.037827442,1922.319149,161.2218118,0.034554175,113,7582.0,2919.0,3223.0,2895.0,,,,upstream,oil,8046,TX,False
United States,USA,"IR_2012-2020_tile_-105,30,-90,45_feature_1988_source_0",8047,31.06580854,-103.4067898,0.09014288,0.140809507,1918.139037,152.2495556,0.098339496,491,7186.0,2681.0,2929.0,2542.0,,,,upstream,oil,8047,TX,False
United States,USA,"IR_2012-2020_tile_-105,30,-90,45_feature_713_source_0",8048,32.29073128,-102.5492738,0.009733375,0.01637426,1919.336538,159.8734843,0.025233902,243,7658.0,,,,,,2232.0,upstream,oil,8048,TX,False
United States,USA,"IR_2012-2020_tile_-105,30,-90,45_feature_1040_source_3",8050,32.02609142,-102.6603674,0.045338158,0.099664927,1865.470588,209.9491264,0.056524643,259,7587.0,2922.0,3226.0,,,,2202.0,upstream,oil,8050,TX,False
United States,USA,"IR_2012-2020_tile_-105,30,-90,45_feature_1122_source_2",8052,31.91130542,-102.6101904,0.089638696,0.252953937,1805.327381,186.2766279,0.083708752,395,7628.0,,3246.0,2922.0,,,,upstream,oil,8052,TX,False
United States,USA,"IR_2012-2020_tile_-105,30,-90,45_feature_1905_source_2",8053,31.16606039,-103.6202197,0.037297788,0.07307631,1835.880435,130.9417679,0.03085062,273,,,2670.0,2277.0,1520.0,2008.0,,upstream,oil,8053,TX,False
United States,USA,"IR_2012-2020_tile_-105,30,-90,45_feature_1602_source_3",8054,31.5000355,-102.626067,0.118452107,0.21036784,1926.15,161.5429587,0.068441784,155,7614.0,2934.0,3243.0,2908.0,1983.0,2634.0,,upstream,oil,8054,TX,False
United States,USA,"IR_2012-2020_tile_-105,30,-90,45_feature_1169_source_1",8055,31.88099438,-103.0155411,0.019342679,0.030156621,1913.333333,214.9644375,0.036984941,144,7410.0,2829.0,3121.0,2779.0,,,,upstream,oil,8055,TX,False
United States,USA,"IR_2012-2020_tile_-105,30,-90,45_feature_1435_source_1",8056,31.64867494,-103.8130917,0.072896961,0.163394559,1748.557522,116.1513689,0.033435616,309,,2296.0,2481.0,2075.0,1363.0,1796.0,,upstream,oil,8056,TX,True
United States,USA,"IR_2012-2020_tile_-105,30,-90,45_feature_1894_source_1",8057,31.15736274,-103.5826925,0.00757475,0.012401978,1922.666667,131.2654647,0.02064652,161,,,,2334.0,1560.0,2089.0,,upstream,oil,8057,TX,False
United States,USA,"IR_2012-2020_tile_-105,30,-90,45_feature_539_source_1",8058,32.43411441,-101.3775917,0.013161894,0.025194463,1845.304813,135.8834359,0.015479214,266,,,,,,,2725.0,upstream,oil,8058,TX,False
United States,USA,"IR_2012-2020_tile_-105,30,-90,45_feature_1225_source_0",8062,31.8610807,-104.1485177,0.040124518,0.079044308,1918.487342,182.5308275,0.046296215,302,6306.0,2010.0,2175.0,,1113.0,1502.0,1274.0,upstream,oil,8062,TX,True
United States,USA,"IR_2012-2020_tile_-105,30,-90,45_feature_1817_source_0",8065,31.2468701,-103.0280721,0.03569429,0.0867692,1806.368601,178.948142,0.04264864,469,,,,2774.0,1884.0,2504.0,2111.0,upstream,oil,8065,TX,False
United States,USA,"IR_2012-2020_tile_-105,30,-90,45_feature_1831_source_0",8066,31.24207228,-103.1508189,0.00982644,0.019979651,1873.07619,184.8219578,0.024784043,218,,,,,1836.0,2442.0,,upstream,oil,8066,TX,False
United States,USA,"IR_2012-2020_tile_-105,30,-90,45_feature_302_source_0",8067,32.92504838,-102.8467377,0.013550451,0.025863608,1872.894737,178.4477106,0.03424836,305,7459.0,,3162.0,,1934.0,2571.0,2167.0,upstream,oil,8067,TX,False
United States,USA,"IR_2012-2020_tile_-105,30,-90,45_feature_1727_source_0",8068,31.35999069,-103.6236721,0.32669707,0.67409021,1823.935391,135.8650511,0.15276936,1298,,,2669.0,2274.0,1507.0,2001.0,1711.0,upstream,oil,8068,TX,True
United States,USA,"IR_2012-2020_tile_-105,30,-90,45_feature_1652_source_0",8069,31.46190577,-103.3166245,0.0220792,0.04848838,1947.993939,181.2778045,0.047391845,351,,,,,1759.0,2338.0,1988.0,upstream,oil,8069,TX,True
United States,USA,"IR_2012-2020_tile_-105,30,-90,45_feature_1611_source_0",8070,31.48421685,-102.9409304,0.029851733,0.05319847,1892.102662,159.9139767,0.038007166,390,,,,,1922.0,2554.0,2150.0,upstream,oil,8070,TX,False
United States,USA,"IR_2012-2020_tile_-105,30,-90,45_feature_1735_source_0",8072,31.37209969,-101.4754724,0.024392221,0.041789198,1901.200935,156.9797648,0.028362456,294,,,,,2363.0,3131.0,2679.0,upstream,oil,8072,TX,False
United States,USA,"IR_2012-2020_tile_-105,30,-90,45_feature_1040_source_2",8073,32.01112184,-102.6502285,0.016442171,0.026779018,1881.625,205.5411683,0.022572537,88,7594.0,2928.0,,,,,,upstream,oil,8073,TX,False
United States,USA,"IR_2012-2020_tile_-105,30,-90,45_feature_829_source_2",8075,32.21586065,-101.9180297,0.322203928,0.629544858,1858.060322,163.6269309,0.215167705,968,8029.0,3133.0,3473.0,3154.0,2179.0,2888.0,2439.0,upstream,oil,8075,TX,False
United States,USA,"IR_2012-2020_tile_-105,30,-90,45_feature_651_source_0",8076,32.34651632,-101.7529879,0.216555321,0.547732094,1833.529326,143.7963589,0.086856653,913,8097.0,,,,2246.0,2974.0,2535.0,upstream,oil,8076,TX,False
United States,USA,"IR_2012-2020_tile_-105,30,-90,45_feature_544_source_1",8077,32.42320573,-101.610053,0.057452659,0.100987432,1916.810185,124.4660302,0.055268482,558,,3208.0,3582.0,3300.0,2309.0,3060.0,,upstream,oil,8077,TX,False
United States,USA,"IR_2012-2020_tile_-105,30,-90,45_feature_690_source_1",8080,32.30173293,-101.5847896,0.06482885,0.1197136,1929.231579,144.4069143,0.05243971,360,,,,3318.0,2321.0,3077.0,2634.0,upstream,oil,8080,TX,False
United States,USA,"IR_2012-2020_tile_-105,30,-90,45_feature_1968_source_0",8081,31.09268025,-103.286613,0.079426381,0.136991563,1952.876923,159.5988247,0.085814532,500,7297.0,2748.0,3013.0,2655.0,,,,upstream,oil,8081,TX,False
United States,USA,"IR_2012-2020_tile_-105,30,-90,45_feature_1138_source_4",8083,31.90540992,-103.2722394,0.01279045,0.01583403,1939.0,141.7803276,0.01595873,147,,,,,,2365.0,2025.0,upstream,oil,8083,TX,False
United States,USA,"IR_2012-2020_tile_-105,30,-90,45_feature_736_source_0",8086,32.25969857,-101.6892461,0.036221264,0.06002679,1965.456647,148.3057287,0.05275178,475,,,3557.0,3260.0,2276.0,3018.0,,upstream,oil,8086,TX,False
United States,USA,"IR_2012-2020_tile_-105,30,-90,45_feature_1259_source_0",8087,31.83152185,-103.2601687,0.055861222,0.090297547,1953.25,150.6774739,0.075874438,614,,,3027.0,2666.0,1794.0,2387.0,,upstream,oil,8087,TX,False
United States,USA,"IR_2012-2020_tile_-105,30,-90,45_feature_1453_source_0",8091,31.67094098,-102.0710994,0.04944115,0.08827339,1871.401961,139.6448057,0.0411349,364,7986.0,,,3067.0,2100.0,2796.0,2355.0,upstream,oil,8091,TX,False
United States,USA,"IR_2012-2020_tile_-105,30,-90,45_feature_1494_source_1",8092,31.58981994,-104.0538067,0.08375787,0.15391504,1842.409938,151.115458,0.05563028,248,6412.0,2089.0,2255.0,1833.0,1174.0,1573.0,,upstream,oil,8092,TX,True
United States,USA,"IR_2012-2020_tile_-105,30,-90,45_feature_1927_source_4",8093,31.11205197,-103.6635556,0.027975473,0.051471473,1894.18254,153.7551084,0.02751042,334,,,,,1476.0,1950.0,,upstream,oil,8093,TX,False
United States,USA,"IR_2012-2020_tile_-105,30,-90,45_feature_1412_source_0",8095,31.7016934,-103.5714098,0.069786197,0.146811672,1874.262032,143.8967648,0.052639362,297,6908.0,2511.0,,,,2088.0,1784.0,upstream,oil,8095,TX,True
United States,USA,"IR_2012-2020_tile_-105,30,-90,45_feature_506_source_3",8096,32.4646394,-101.6237645,0.038385845,0.060121187,1930.454225,138.3864054,0.043497896,376,,,,3288.0,2304.0,3057.0,2619.0,upstream,oil,8096,TX,False
United States,USA,"IR_2012-2020_tile_-105,30,-90,45_feature_1992_source_6",8097,31.00833801,-103.5737718,0.031291353,0.058410318,1891.125604,154.1298269,0.032613359,275,,,,,,2072.0,1774.0,upstream,oil,8097,TX,False
United States,USA,"IR_2012-2020_tile_-105,30,-90,45_feature_1338_source_0",8100,31.73120151,-101.8757351,0.1717455,0.33490057,1871.040476,137.7323173,0.132781917,1146,8054.0,,3490.0,3174.0,2195.0,2910.0,2464.0,upstream,oil,8100,TX,False
United States,USA,"IR_2012-2020_tile_-105,30,-90,45_feature_909_source_2",8101,32.13287753,-102.1296624,0.090624002,0.21810152,1834.80137,152.4644409,0.120917559,284,7941.0,,3381.0,3034.0,2066.0,2756.0,2325.0,upstream,oil,8101,TX,False
United States,USA,"IR_2012-2020_tile_-105,30,-90,45_feature_1141_source_3",8103,31.91203467,-103.792146,0.03116634,0.07001683,1881.796178,169.2691573,0.06332594,565,,,,,1373.0,1809.0,1548.0,upstream,oil,8103,TX,True
United States,USA,"IR_2012-2020_tile_-105,30,-90,45_feature_1375_source_0",8104,31.72275512,-103.953076,0.034931173,0.05313516,1911.340909,183.6513425,0.04425344,256,6505.0,2166.0,2354.0,1926.0,,,,upstream,oil,8104,TX,True
United States,USA,"IR_2012-2020_tile_-105,30,-90,45_feature_1544_source_1",8105,31.5831119,-103.5375687,0.02215088,0.0404796,1933.127907,171.5170204,0.041212196,244,,2555.0,2769.0,2402.0,,,,upstream,oil,8105,TX,True
United States,USA,"IR_2012-2020_tile_-105,30,-90,45_feature_454_source_3",8108,32.53943275,-101.5550835,0.017663513,0.02838546,1943.875,188.479834,0.034155925,180,,,,3336.0,,,,upstream,oil,8108,TX,False
United States,USA,"IR_2012-2020_tile_-105,30,-90,45_feature_1602_source_1",8109,31.50441838,-102.6094229,0.035730326,0.048833538,1924.471963,174.7759491,0.052764152,353,7630.0,,3250.0,2924.0,1988.0,2639.0,2222.0,upstream,oil,8109,TX,False
United States,USA,"IR_2012-2020_tile_-105,30,-90,45_feature_1155_source_0",8110,31.89957107,-103.3573238,0.29008044,0.767743,1773.328912,116.6837438,0.0680304,513,7228.0,2711.0,2965.0,2592.0,1751.0,2323.0,1974.0,upstream,oil,8110,TX,True
United States,USA,"IR_2012-2020_tile_-105,30,-90,45_feature_1791_source_0",8112,31.28634578,-103.9243915,0.010074271,0.022972275,1853.0,175.7810687,0.017250985,183,,,,1954.0,,1694.0,,upstream,oil,8112,TX,False
United States,USA,"IR_2012-2020_tile_-105,30,-90,45_feature_1443_source_0",8113,31.64265222,-103.4705501,0.02027463,0.036995416,1850.731343,162.2579099,0.035763498,253,,2629.0,2865.0,,,,,upstream,oil,8113,TX,True
United States,USA,"IR_2012-2020_tile_-105,30,-90,45_feature_1463_source_1",8114,31.66928577,-102.0982816,0.26374262,0.69971027,1827.4041,174.4610713,0.15764689,1161,7969.0,3088.0,3395.0,3056.0,2088.0,2782.0,2345.0,upstream,oil,8114,TX,False
United States,USA,"IR_2012-2020_tile_-105,30,-90,45_feature_1198_source_1",8115,31.86838946,-104.0487749,0.021559085,0.032100751,2009.037037,184.9483374,0.030824245,122,6394.0,2076.0,2254.0,1840.0,,,,upstream,oil,8115,TX,True
United States,USA,"IR_2012-2020_tile_-105,30,-90,45_feature_1623_source_3",8116,31.49154489,-103.348666,0.03474734,0.081662997,1846.2,158.0267247,0.03832429,197,7245.0,,2974.0,2602.0,,,,upstream,oil,8116,TX,True
United States,USA,"IR_2012-2020_tile_-105,30,-90,45_feature_1773_source_0",8117,31.30772617,-103.5683283,0.012344886,0.019993569,1964.434211,184.382778,0.025871962,174,6921.0,2513.0,2725.0,2351.0,,,,upstream,oil,8117,TX,True
United States,USA,"IR_2012-2020_tile_-105,30,-90,45_feature_1698_source_0",8120,31.37905079,-101.6357507,0.041600644,0.09857035,1873.055,150.4458772,0.036322642,301,8158.0,3204.0,3575.0,3283.0,2300.0,3051.0,2617.0,upstream,oil,8120,TX,False
United States,USA,"IR_2012-2020_tile_-105,30,-90,45_feature_1200_source_0",8121,31.87181314,-103.327247,0.03845764,0.059263547,1921.529605,138.9093529,0.03615152,399,7268.0,2732.0,2991.0,,1761.0,2340.0,1989.0,upstream,oil,8121,TX,True
United States,USA,"IR_2012-2020_tile_-105,30,-90,45_feature_1584_source_0",8122,31.53921097,-102.1227724,0.033837168,0.048461057,1899.690789,154.3218711,0.041603036,253,7952.0,3081.0,3386.0,3045.0,2074.0,2765.0,2332.0,upstream,oil,8122,TX,False
United States,USA,"IR_2012-2020_tile_-105,30,-90,45_feature_1150_source_7",8124,31.92917078,-103.5168161,0.025802851,0.050564032,1906.585938,190.2310079,0.039479928,276,,,2801.0,2431.0,1629.0,2142.0,,upstream,oil,8124,TX,True
United States,USA,"IR_2012-2020_tile_-105,30,-90,45_feature_1061_source_2",8126,31.98379876,-102.6319217,0.67424146,1.4768481,1779.368159,164.6524118,0.09530971,780,7612.0,2936.0,3241.0,2912.0,1981.0,2632.0,2217.0,upstream,oil,8126,TX,False
United States,USA,"IR_2012-2020_tile_-105,30,-90,45_feature_569_source_0",8127,32.39208957,-102.7401798,0.00657589,0.011224397,1925.916667,200.3343559,0.01899606,127,7515.0,2888.0,3194.0,2855.0,,,,upstream,oil,8127,TX,False
United States,USA,"IR_2012-2020_tile_-105,30,-90,45_feature_1583_source_0",8129,31.50666804,-103.9486959,0.06510606,0.1595082,1827.448718,165.865277,0.04524472,340,,2172.0,2360.0,1930.0,,,,upstream,oil,8129,TX,True
United States,USA,"IR_2012-2020_tile_-105,30,-90,45_feature_1992_source_5",8130,31.05075754,-103.562721,0.02544996,0.0497285,1907.836653,161.8399719,0.0434877,378,,,,2366.0,1583.0,2090.0,,upstream,oil,8130,TX,False
United States,USA,"IR_2012-2020_tile_-105,30,-90,45_feature_1381_source_2",8134,31.70369163,-101.8888518,0.090421631,0.178120954,1837.794118,147.5478944,0.07422022,511,8051.0,3145.0,3488.0,3169.0,2188.0,2901.0,2457.0,upstream,oil,8134,TX,False
United States,USA,"IR_2012-2020_tile_-105,30,-90,45_feature_1420_source_1",8136,31.65239737,-102.260305,0.020370756,0.038467751,1855.034483,175.7949399,0.036283204,273,7808.0,3004.0,3318.0,,2023.0,2693.0,2268.0,upstream,oil,8136,TX,False
United States,USA,"IR_2012-2020_tile_-105,30,-90,45_feature_1417_source_0",8139,31.68253441,-103.707906,0.2382809,0.6062757,1808.508055,165.2951687,0.14323661,1262,,2382.0,2576.0,2174.0,1426.0,1887.0,1616.0,upstream,oil,8139,TX,True
United States,USA,"IR_2012-2020_tile_-105,30,-90,45_feature_1255_source_0",8140,31.81862258,-103.3641367,0.013338477,0.020830727,1934.253333,135.86347,0.026509566,197,,,2959.0,2583.0,1745.0,2312.0,,upstream,oil,8140,TX,True
United States,USA,"IR_2012-2020_tile_-105,30,-90,45_feature_925_source_0",8142,32.10962175,-101.8091416,0.103862922,0.21048607,1862.933902,158.0379765,0.067270388,651,,,3515.0,,2219.0,2939.0,2503.0,upstream,oil,8142,TX,False
United States,USA,"IR_2012-2020_tile_-105,30,-90,45_feature_1079_source_0",8144,31.95650798,-103.8470297,0.033557933,0.058386106,1933.98895,164.2423082,0.048484633,317,6628.0,,,2040.0,1341.0,1766.0,,upstream,oil,8144,TX,True
United States,USA,"IR_2012-2020_tile_-105,30,-90,45_feature_294_source_0",8147,33.02519946,-102.7560605,0.007180116,0.051768616,1818.0,293.9752176,0.009329671,138,7502.0,,,,,,,upstream,oil,8147,TX,False
United States,USA,"IR_2012-2020_tile_-105,30,-90,45_feature_277_source_1",8148,33.15751909,-102.886549,0.008860117,0.014624069,1908.397059,215.4547953,0.028523726,224,,2858.0,,2826.0,,,,upstream,oil,8148,TX,False
United States,USA,"IR_2012-2020_tile_-105,30,-90,45_feature_1802_source_2",8150,31.273342,-103.0019844,0.040336266,0.08592256,1842.768116,158.1052189,0.035916058,337,,,,2789.0,,2521.0,2125.0,upstream,oil,8150,TX,False
United States,USA,"IR_2012-2020_tile_-105,30,-90,45_feature_483_source_0",8152,32.48739314,-101.8627199,0.035558963,0.062979265,1905.539409,165.0646154,0.05570138,588,,,,,2198.0,2914.0,2467.0,upstream,oil,8152,TX,False
United States,USA,"IR_2012-2020_tile_-105,30,-90,45_feature_1788_source_0",8153,31.29288246,-103.050942,0.01752607,0.03161261,1844.921739,207.1721463,0.02425627,216,,,3104.0,2770.0,1871.0,2487.0,,upstream,oil,8153,TX,False
United States,USA,"IR_2012-2020_tile_-105,30,-90,45_feature_1896_source_0",8154,31.15809879,-101.5693943,0.029100358,0.051033443,1923.29148,186.4429613,0.043423519,410,8204.0,3219.0,3607.0,3331.0,,,2650.0,upstream,oil,8154,TX,False
United States,USA,"IR_2012-2020_tile_-105,30,-90,45_feature_1218_source_8",8155,31.90404021,-104.0116211,0.067545125,0.123911757,1832.835165,139.9634382,0.052382507,199,6444.0,2112.0,,1864.0,,,,upstream,oil,8155,TX,True
United States,USA,"IR_2012-2020_tile_-105,30,-90,45_feature_1115_source_0",8156,31.94112498,-101.7278691,0.20644034,0.45456155,1807.805737,143.1908221,0.111366272,1082,,3175.0,3541.0,3238.0,2256.0,2991.0,2550.0,upstream,oil,8156,TX,False
United States,USA,"IR_2012-2020_tile_-105,30,-90,45_feature_548_source_4",8159,32.45253202,-101.6598099,0.16709511,0.3726682,1864.119134,160.6485734,0.11081802,791,,,,3267.0,2289.0,3037.0,2599.0,upstream,oil,8159,TX,False
United States,USA,"IR_2012-2020_tile_-105,30,-90,45_feature_554_source_0",8160,32.4206358,-101.5838561,0.036533832,0.06067122,1932.824034,142.4392919,0.04614759,310,,,3593.0,3322.0,2324.0,3074.0,2635.0,upstream,oil,8160,TX,False
United States,USA,"IR_2012-2020_tile_-105,30,-90,45_feature_1262_source_0",8161,31.81051518,-104.0312024,0.08624195,0.1566717,1879.926136,111.0502558,0.033779937,273,6446.0,2114.0,,,1185.0,1594.0,1362.0,upstream,oil,8161,TX,True
United States,USA,"IR_2012-2020_tile_-105,30,-90,45_feature_581_source_1",8162,32.38370359,-102.8072875,0.016198958,0.028758082,1956.979167,157.3562161,0.025460092,117,7470.0,,3174.0,2839.0,,2582.0,,upstream,oil,8162,TX,False
United States,USA,"IR_2012-2020_tile_-105,30,-90,45_feature_1441_source_1",8163,31.65032986,-103.6530343,0.045761205,0.098761679,1862.875,157.0894948,0.03717443,178,6809.0,2431.0,2617.0,2228.0,,,,upstream,oil,8163,TX,True
United States,USA,"IR_2012-2020_tile_-105,30,-90,45_feature_1512_source_0",8166,31.56691734,-102.005043,0.04349767,0.09173308,1816.02765,154.1559124,0.04053268,361,,3114.0,3442.0,3113.0,,2846.0,2394.0,upstream,oil,8166,TX,False
United States,USA,"IR_2012-2020_tile_-105,30,-90,45_feature_1091_source_1",8167,31.95391557,-103.6705646,0.11246166,0.24129902,1830.827381,157.7903596,0.09859276,209,6807.0,2406.0,2604.0,2203.0,1459.0,1925.0,1641.0,upstream,oil,8167,TX,True
United States,USA,"IR_2012-2020_tile_-105,30,-90,45_feature_1644_source_4",8168,31.53540653,-102.6729078,0.01704187,0.029975778,1976.978102,155.2592589,0.032963121,254,7577.0,,,,1974.0,2621.0,2199.0,upstream,oil,8168,TX,False
United States,USA,"IR_2012-2020_tile_-105,30,-90,45_feature_1648_source_0",8169,31.46192122,-103.1523292,0.037923821,0.06346299,1855.351351,177.7192162,0.038619615,170,,2795.0,3072.0,2716.0,,,,upstream,oil,8169,TX,False
United States,USA,"IR_2012-2020_tile_-105,30,-90,45_feature_534_source_2",8170,32.42249755,-102.6418176,0.014720464,0.020236263,1904.090164,189.3129945,0.031682672,266,7600.0,2929.0,,2905.0,,,2212.0,upstream,oil,8170,TX,False
United States,USA,"IR_2012-2020_tile_-105,30,-90,45_feature_1349_source_1",8172,31.74343442,-103.5455303,0.069870828,0.12995919,1933.407407,166.7858668,0.08713486,514,6970.0,2541.0,2758.0,2388.0,1606.0,2110.0,1804.0,upstream,oil,8172,TX,True
United States,USA,"IR_2012-2020_tile_-105,30,-90,45_feature_464_source_1",8173,32.51363913,-101.6056901,0.006548121,0.009298295,1928.12766,165.79847,0.013011447,84,8177.0,,3585.0,3298.0,,,,upstream,oil,8173,TX,False
United States,USA,"IR_2012-2020_tile_-105,30,-90,45_feature_1301_source_4",8175,31.77925685,-103.8760632,0.054351847,0.115766193,1831.825397,156.6315604,0.030619314,113,6569.0,,2426.0,2012.0,,,,upstream,oil,8175,TX,True
United States,USA,"IR_2012-2020_tile_-105,30,-90,45_feature_777_source_0",8176,32.23329082,-101.6843841,0.034932808,0.068873013,1877.329446,171.3935489,0.057812139,585,,,,3261.0,2278.0,3022.0,,upstream,oil,8176,TX,False
United States,USA,"IR_2012-2020_tile_-105,30,-90,45_feature_1702_source_0",8177,31.39095455,-103.5777801,0.017641882,0.040269516,1856.542373,157.7006736,0.042168076,386,,,,2339.0,,2058.0,1767.0,upstream,oil,8177,TX,True
United States,USA,"IR_2012-2020_tile_-105,30,-90,45_feature_1166_source_2",8178,31.9247625,-101.7630206,0.03790687,0.06744346,1882.040724,167.2716737,0.06753744,494,8104.0,,3531.0,3222.0,2242.0,2968.0,2527.0,upstream,oil,8178,TX,False
United States,USA,"IR_2012-2020_tile_-105,30,-90,45_feature_1839_source_0",8182,31.21594797,-103.6400353,0.14624736,0.2601861,1866.577929,128.5177615,0.09791536,1071,,,,2247.0,1496.0,1976.0,1688.0,upstream,oil,8182,TX,False
United States,USA,"IR_2012-2020_tile_-105,30,-90,45_feature_498_source_1",8183,32.43987932,-101.3837472,0.01154191,0.020895151,1843.262626,119.6631287,0.008435325,117,,,,,,,2725.0,upstream,oil,8183,TX,False
United States,USA,"IR_2012-2020_tile_-105,30,-90,45_feature_1994_source_0",8184,31.03486328,-102.8776364,0.102110078,0.229270554,1846.171629,141.1756689,0.06576611,699,,,,2829.0,1931.0,2567.0,2164.0,upstream,oil,8184,TX,False
United States,USA,"IR_2012-2020_tile_-105,30,-90,45_feature_1712_source_1",8186,31.38178111,-101.3835458,0.00771565,0.01283104,1909.155172,113.4475121,0.012495516,151,,,,,,3179.0,2728.0,upstream,oil,8186,TX,False
United States,USA,"IR_2012-2020_tile_-105,30,-90,45_feature_1360_source_0",8187,31.7272694,-104.0329568,0.068182086,0.14829219,1874.572,148.5768112,0.08644502,491,6424.0,2096.0,2269.0,1848.0,1200.0,1604.0,1365.0,upstream,oil,8187,TX,True
United States,USA,"IR_2012-2020_tile_-105,30,-90,45_feature_1739_source_0",8189,31.38893578,-101.9066688,0.01749485,0.02889379,1883.123188,155.413355,0.02246862,207,,,,,2183.0,2899.0,,upstream,oil,8189,TX,False
United States,USA,"IR_2012-2020_tile_-105,30,-90,45_feature_1757_source_7",8190,31.32304468,-102.988688,0.123506,0.2315921,1850.050955,138.3862658,0.09141899,834,,,,2800.0,1907.0,2533.0,2132.0,upstream,oil,8190,TX,False
United States,USA,"IR_2012-2020_tile_-105,30,-90,45_feature_1822_source_0",8193,31.26804314,-103.1782175,0.019253139,0.045086562,1863.22695,164.4064488,0.022558802,232,,,3062.0,,1823.0,2426.0,2054.0,upstream,oil,8193,TX,False
United States,USA,"IR_2012-2020_tile_-105,30,-90,45_feature_1144_source_0",8194,31.93888496,-103.486016,0.054066596,0.102693348,1856.478992,158.969626,0.056712458,295,7085.0,2597.0,,2466.0,,2188.0,1868.0,upstream,oil,8194,TX,True
United States,USA,"IR_2012-2020_tile_-105,30,-90,45_feature_485_source_0",8195,32.47953689,-102.0423548,0.009443505,0.016246169,1950.782178,162.0024205,0.02476891,204,,,,,2111.0,2810.0,,upstream,oil,8195,TX,False
United States,USA,"IR_2012-2020_tile_-105,30,-90,45_feature_1700_source_0",8196,31.39430703,-103.2983516,0.01731397,0.03998176,1848.386861,199.4403208,0.026868442,246,,,,,,2356.0,2005.0,upstream,oil,8196,TX,False
United States,USA,"IR_2012-2020_tile_-105,30,-90,45_feature_1082_source_0",8201,31.96596367,-104.015241,0.057824536,0.11217302,1873.779221,152.8095516,0.052693296,497,,,,,1204.0,1608.0,1371.0,upstream,oil,8201,TX,True
United States,USA,"IR_2012-2020_tile_-105,30,-90,45_feature_1539_source_0",8203,31.53901331,-104.027676,0.09085329,0.13794083,1910.851351,162.8139531,0.079579,470,,,2277.0,1851.0,1198.0,1602.0,,upstream,oil,8203,TX,True
United States,USA,"IR_2012-2020_tile_-105,30,-90,45_feature_1848_source_0",8204,31.22465361,-101.2470517,0.04621713,0.075031042,1883.489209,157.3619695,0.060137789,416,,3301.0,3743.0,3446.0,2420.0,3220.0,,upstream,oil,8204,TX,False
United States,USA,"IR_2012-2020_tile_-105,30,-90,45_feature_1674_source_0",8207,31.44275991,-102.1775025,0.09713257,0.18098125,1895.457317,166.0342438,0.09050732,251,7872.0,3045.0,3350.0,3000.0,2041.0,2726.0,,upstream,oil,8207,TX,False
United States,USA,"IR_2012-2020_tile_-105,30,-90,45_feature_1570_source_0",8208,31.54281233,-103.6129877,0.02185968,0.0410026,1812.515625,212.4798514,0.02952776,178,6854.0,2464.0,2678.0,2279.0,,,,upstream,oil,8208,TX,True
United States,USA,"IR_2012-2020_tile_-105,30,-90,45_feature_309_source_0",8211,32.87489472,-102.9076947,0.23053147,0.4755111,1854.565499,136.2143702,0.1543126,998,7445.0,2852.0,3149.0,2823.0,1928.0,2563.0,2160.0,upstream,oil,8211,TX,False
United States,USA,"IR_2012-2020_tile_-105,30,-90,45_feature_1925_source_0",8215,31.11658509,-101.5710553,0.1074401,0.2082636,1828.195853,128.9883747,0.06556413,566,,3220.0,3608.0,3332.0,,3087.0,2646.0,upstream,oil,8215,TX,False
United States,USA,"IR_2012-2020_tile_-105,30,-90,45_feature_855_source_0",8216,32.15426115,-101.9309083,2.3858413,5.8884473,1782.311467,114.8384282,0.24173584,2663,8034.0,3132.0,3477.0,3152.0,2174.0,2880.0,2434.0,upstream,oil,8216,TX,False
United States,USA,"IR_2012-2020_tile_-105,30,-90,45_feature_1491_source_0",8217,31.59162019,-103.6726523,0.05338368,0.11470465,1834.378788,179.7740387,0.03772144,192,,,2612.0,2208.0,,1933.0,1638.0,upstream,oil,8217,TX,True
United States,USA,"IR_2012-2020_tile_-105,30,-90,45_feature_573_source_0",8218,32.41369333,-101.5366111,0.059256535,0.119266,1930.639073,116.3331545,0.07844557,420,,3228.0,3622.0,3345.0,2342.0,3100.0,,upstream,oil,8218,TX,False
United States,USA,"IR_2012-2020_tile_-105,30,-90,45_feature_1417_source_5",8219,31.68979671,-103.7326007,0.224567584,0.437304935,1821.84412,158.9576982,0.192243233,1870,6734.0,2365.0,2554.0,2150.0,1402.0,1848.0,1581.0,upstream,oil,8219,TX,True
United States,USA,"IR_2012-2020_tile_-105,30,-90,45_feature_1054_source_5",8220,31.97595197,-103.6270634,0.16313854,0.446315,1842.91358,172.5132307,0.10491974,648,6834.0,2452.0,2655.0,2264.0,,1991.0,1700.0,upstream,oil,8220,TX,True
United States,USA,"IR_2012-2020_tile_-105,30,-90,45_feature_1534_source_0",8221,31.56797616,-104.1045566,0.05560584,0.15836118,1830.724638,159.7530371,0.04080209,392,,,2214.0,1778.0,1144.0,1531.0,1306.0,upstream,oil,8221,TX,True
United States,USA,"IR_2012-2020_tile_-105,30,-90,45_feature_1354_source_0",8223,31.73074195,-104.2474264,0.079941931,0.152792878,1854.553957,134.5037868,0.051482243,214,6226.0,1967.0,2119.0,,,,,upstream,oil,8223,TX,True
United States,USA,"IR_2012-2020_tile_-105,30,-90,45_feature_1839_source_1",8224,31.23024924,-103.6608965,0.080208378,0.147238073,1932.990476,178.0748814,0.08871687,555,6800.0,2427.0,2619.0,2219.0,1478.0,1954.0,,upstream,oil,8224,TX,False
United States,USA,"IR_2012-2020_tile_-105,30,-90,45_feature_819_source_1",8225,32.19753471,-102.5644203,0.127271094,0.288774675,1825.822222,164.1119589,0.095359065,296,7644.0,2954.0,3266.0,2936.0,,2650.0,,upstream,oil,8225,TX,False
United States,USA,"IR_2012-2020_tile_-105,30,-90,45_feature_1262_source_3",8230,31.79849468,-104.0194278,0.055653268,0.109421995,1860.978571,137.8641654,0.046917986,385,6446.0,2114.0,2276.0,1866.0,1199.0,1603.0,,upstream,oil,8230,TX,True
United States,USA,"IR_2012-2020_tile_-105,30,-90,45_feature_1053_source_1",8231,31.98411414,-103.6593487,0.070603373,0.14100006,1867.616667,167.3104657,0.0526026,330,6795.0,2436.0,2627.0,,,1953.0,1665.0,upstream,oil,8231,TX,True
United States,USA,"IR_2012-2020_tile_-105,30,-90,45_feature_1660_source_0",8233,31.45356442,-101.789873,0.02498485,0.06504044,1877.251309,173.0592299,0.034794106,391,,,,3208.0,2229.0,2953.0,2516.0,upstream,oil,8233,TX,False
United States,USA,"IR_2012-2020_tile_-105,30,-90,45_feature_1490_source_7",8234,31.61329012,-103.8146465,0.042018186,0.076974241,1862.769231,163.672999,0.047864643,241,6656.0,2297.0,2470.0,2076.0,,,,upstream,oil,8234,TX,True
United States,USA,"IR_2012-2020_tile_-105,30,-90,45_feature_1061_source_3",8235,31.98853597,-102.6753883,0.026751417,0.047456165,1883.569444,197.2270847,0.04328865,210,7575.0,2916.0,3224.0,2893.0,,,2196.0,upstream,oil,8235,TX,False
United States,USA,"IR_2012-2020_tile_-105,30,-90,45_feature_1097_source_1",8236,31.97557523,-102.0456234,0.06632776,0.1338045,1915.306202,153.6328909,0.06227254,686,,,,3077.0,2114.0,2813.0,2365.0,upstream,oil,8236,TX,False
United States,USA,"IR_2012-2020_tile_-105,30,-90,45_feature_1582_source_0",8237,31.50917082,-101.399395,0.02682182,0.05479836,1776.79717,179.1550435,0.0423969,443,,,,,2387.0,3173.0,2721.0,upstream,oil,8237,TX,False
United States,USA,"IR_2012-2020_tile_-105,30,-90,45_feature_1285_source_1",8239,31.77957902,-103.8078337,0.035763272,0.06612582,1886.936416,178.5197371,0.05217605,346,,2303.0,2484.0,2082.0,1367.0,1801.0,1538.0,upstream,oil,8239,TX,True
United States,USA,"IR_2012-2020_tile_-105,30,-90,45_feature_576_source_0",8240,32.38818021,-102.0389327,0.08593622,0.16866903,1900.852697,137.1727304,0.057080895,623,,,,3084.0,2115.0,2814.0,2371.0,upstream,oil,8240,TX,False
United States,USA,"IR_2012-2020_tile_-105,30,-90,45_feature_1037_source_0",8241,31.99963776,-104.0397849,0.049753728,0.095037529,1897.055215,190.4719116,0.080226956,381,6430.0,2092.0,2271.0,1835.0,,,,upstream,oil,8241,TX,True
United States,USA,"IR_2012-2020_tile_-105,30,-90,45_feature_1387_source_0",8242,31.68522849,-103.3351414,0.016416305,0.030706506,1941.487654,148.0457152,0.025047295,275,,,2982.0,2608.0,1758.0,2336.0,1987.0,upstream,oil,8242,TX,True
United States,USA,"IR_2012-2020_tile_-105,30,-90,45_feature_1780_source_3",8244,31.31132427,-103.2254801,0.226180475,0.274685234,1892.564444,153.4688577,0.072965571,634,,,3044.0,2688.0,1810.0,2407.0,2040.0,upstream,oil,8244,TX,False
United States,USA,"IR_2012-2020_tile_-105,30,-90,45_feature_1154_source_0",8251,31.8935817,-104.1626149,0.04010893,0.094643433,1866.333333,178.350778,0.047049688,314,6289.0,2001.0,,1730.0,1105.0,1483.0,,upstream,oil,8251,TX,True
United States,USA,"IR_2012-2020_tile_-105,30,-90,45_feature_1829_source_0",8257,31.23433774,-103.7231516,0.07862939,0.15783959,1814.168906,138.1606421,0.05812871,657,,,,2158.0,1411.0,1861.0,1592.0,upstream,oil,8257,TX,False
United States,USA,"IR_2012-2020_tile_-105,30,-90,45_feature_1429_source_2",8258,31.66871601,-103.8831514,0.1593114,0.39958434,1805.710183,150.5586363,0.07783649,602,,,2423.0,2004.0,1314.0,1730.0,,upstream,oil,8258,TX,True
United States,USA,"IR_2012-2020_tile_-105,30,-90,45_feature_1295_source_1",8259,31.77978923,-104.0516659,0.03248114,0.052292565,1890.505495,165.6921794,0.037343879,164,6373.0,2072.0,2260.0,1812.0,1172.0,1572.0,,upstream,oil,8259,TX,True
United States,USA,"IR_2012-2020_tile_-105,30,-90,45_feature_532_source_2",8261,32.43152838,-101.4548866,0.00317748,0.004896303,1939.26087,144.1931728,0.015365593,132,,,,,,3141.0,,upstream,oil,8261,TX,False
United States,USA,"IR_2012-2020_tile_-105,30,-90,45_feature_1036_source_3",8263,32.01026834,-102.0426303,0.13238983,0.27569415,1865.578571,134.2849485,0.08851994,811,,,3419.0,3080.0,2113.0,2812.0,2370.0,upstream,oil,8263,TX,False
United States,USA,"IR_2012-2020_tile_-105,30,-90,45_feature_1343_source_0",8267,31.7622809,-103.3722949,0.051685389,0.09774236,1925.302941,171.2156517,0.09762013,814,,2704.0,2953.0,2576.0,,2311.0,1965.0,upstream,oil,8267,TX,True
United States,USA,"IR_2012-2020_tile_-105,30,-90,45_feature_1252_source_0",8269,31.8176448,-102.7171058,0.007233878,0.011057797,1915.44,120.1579228,0.021163113,129,7537.0,2899.0,,2869.0,,,,upstream,oil,8269,TX,False
United States,USA,"IR_2012-2020_tile_-105,30,-90,45_feature_1501_source_0",8272,31.58715772,-101.4670624,0.041130069,0.10749599,1837.686667,161.1189265,0.047696956,336,8277.0,3244.0,3669.0,3373.0,,3135.0,2685.0,upstream,oil,8272,TX,False
United States,USA,"IR_2012-2020_tile_-105,30,-90,45_feature_1781_source_1",8273,31.31627143,-103.2879959,0.011428078,0.016686897,1923.333333,155.1804684,0.019167933,106,,2739.0,,2649.0,1781.0,2369.0,,upstream,oil,8273,TX,False
United States,USA,"IR_2012-2020_tile_-105,30,-90,45_feature_1271_source_4",8276,31.8179784,-104.1305334,0.03042631,0.038671223,1930.463918,178.0364298,0.043517487,321,6319.0,2026.0,2195.0,,1124.0,1506.0,,upstream,oil,8276,TX,True
United States,USA,"IR_2012-2020_tile_-105,30,-90,45_feature_1870_source_1",8277,31.20323401,-103.6876906,0.028373895,0.055885494,1915.538462,216.5622545,0.033920439,197,,,2610.0,2193.0,1442.0,1903.0,,upstream,oil,8277,TX,False
United States,USA,"IR_2012-2020_tile_-105,30,-90,45_feature_1376_source_0",8278,31.72628535,-102.9322703,0.072418473,0.13382619,1910.488571,156.7449744,0.09568064,663,7442.0,2848.0,3145.0,,1924.0,2558.0,2154.0,upstream,oil,8278,TX,False
United States,USA,"IR_2012-2020_tile_-105,30,-90,45_feature_1356_source_0",8280,31.740747,-103.4251065,0.019236204,0.03604514,1926.142857,180.9485925,0.02934153,243,,,,2520.0,1708.0,2255.0,,upstream,oil,8280,TX,True
United States,USA,"IR_2012-2020_tile_-105,30,-90,45_feature_1789_source_0",8281,31.2810668,-101.6433498,0.048988774,0.11761972,1805.374502,201.265526,0.06159068,482,8161.0,3202.0,3578.0,3285.0,,,2611.0,upstream,oil,8281,TX,False
United States,USA,"IR_2012-2020_tile_-105,30,-90,45_feature_1648_source_3",8282,31.46958046,-103.1582474,0.027445874,0.056616272,1850.738532,150.8290559,0.026146714,302,,2795.0,3072.0,2716.0,1831.0,2439.0,,upstream,oil,8282,TX,False
United States,USA,"IR_2012-2020_tile_-105,30,-90,45_feature_1041_source_1",8284,32.02170644,-102.315544,0.106281236,0.27761967,1809.791667,158.4419247,0.08937036,387,7760.0,2991.0,3301.0,,,,,upstream,oil,8284,TX,False
United States,USA,"IR_2012-2020_tile_-105,30,-90,45_feature_1927_source_0",8285,31.10540193,-103.6168687,0.00502897,0.00787998,2046.02,164.0395672,0.01658452,154,,,,2284.0,,,,upstream,oil,8285,TX,False
United States,USA,"IR_2012-2020_tile_-105,30,-90,45_feature_774_source_4",8286,32.23884863,-101.5626552,0.067719672,0.135479472,1827.313808,149.1038006,0.0573248,619,,,3601.0,3333.0,2331.0,3090.0,2652.0,upstream,oil,8286,TX,False
United States,USA,"IR_2012-2020_tile_-105,30,-90,45_feature_1065_source_1",8287,31.96067287,-103.4811105,0.011424413,0.02280049,1821.9,176.2979202,0.021404321,129,7084.0,2607.0,2856.0,,,,1870.0,upstream,oil,8287,TX,True
United States,USA,"IR_2012-2020_tile_-105,30,-90,45_feature_1544_source_0",8288,31.60513944,-103.5673198,0.024757463,0.038883683,1881.846154,203.2770443,0.035412246,301,,2522.0,2733.0,2348.0,,2078.0,1777.0,upstream,oil,8288,TX,True
United States,USA,"IR_2012-2020_tile_-105,30,-90,45_feature_798_source_1",8289,32.23797307,-101.7343777,0.104803,0.22033019,1865.261682,128.5558126,0.0722728,730,,3172.0,3535.0,3233.0,2250.0,2988.0,2546.0,upstream,oil,8289,TX,False
United States,USA,"IR_2012-2020_tile_-105,30,-90,45_feature_612_source_2",8290,32.42575077,-102.1180749,0.10552786,0.19676154,1894.222482,125.4902131,0.05883294,488,,,,3042.0,2070.0,2760.0,2334.0,upstream,oil,8290,TX,False
United States,USA,"IR_2012-2020_tile_-105,30,-90,45_feature_620_source_1",8291,32.38418375,-102.4064315,0.028973232,0.045148415,1936.166667,152.625874,0.038831476,183,7714.0,,,,,,,upstream,oil,8291,TX,False
United States,USA,"IR_2012-2020_tile_-105,30,-90,45_feature_1298_source_1",8294,31.79062066,-104.3205791,0.012612145,0.023192394,1891.986014,142.9411824,0.01821925,206,,,,,1059.0,1425.0,1232.0,upstream,oil,8294,TX,True
United States,USA,"IR_2012-2020_tile_-105,30,-90,45_feature_544_source_4",8295,32.41846213,-101.5964873,0.027886073,0.047419553,1925.669565,160.2087075,0.043794931,184,,,3593.0,3309.0,,3074.0,,upstream,oil,8295,TX,False
United States,USA,"IR_2012-2020_tile_-105,30,-90,45_feature_1347_source_2",8298,31.75433858,-103.620289,0.2949456,0.77987913,1782.593838,114.9825965,0.12014135,523,6845.0,2457.0,2680.0,2278.0,,2005.0,1710.0,upstream,oil,8298,TX,True
United States,USA,"IR_2012-2020_tile_-105,30,-90,45_feature_1312_source_0",8300,31.75207204,-102.4744825,0.029691805,0.046152901,1865.470175,173.1780647,0.036724595,388,,,,2949.0,2009.0,2669.0,2245.0,upstream,oil,8300,TX,False
United States,USA,"IR_2012-2020_tile_-105,30,-90,45_feature_1972_source_1",8302,31.03822981,-103.4706764,0.034706609,0.084843755,1826.30837,148.7408001,0.034172387,306,,,2853.0,2486.0,1675.0,2208.0,1888.0,upstream,oil,8302,TX,False
United States,USA,"IR_2012-2020_tile_-105,30,-90,45_feature_1921_source_1",8303,31.11222534,-103.2373534,0.05803242,0.11099753,1833.66129,150.5651658,0.06061568,276,,2767.0,3041.0,,,,,upstream,oil,8303,TX,False
United States,USA,"IR_2012-2020_tile_-105,30,-90,45_feature_1465_source_2",8304,31.64168034,-103.8436873,0.084591777,0.161049057,1796.88255,125.4639028,0.050051262,397,6622.0,2258.0,2454.0,2050.0,1346.0,1773.0,1512.0,upstream,oil,8304,TX,True
United States,USA,"IR_2012-2020_tile_-105,30,-90,45_feature_1343_source_1",8305,31.77524438,-103.3498142,0.12976187,0.24946884,1910.180277,147.4234904,0.12329436,1118,7247.0,2712.0,2966.0,2601.0,1754.0,2327.0,1977.0,upstream,oil,8305,TX,True
United States,USA,"IR_2012-2020_tile_-105,30,-90,45_feature_690_source_0",8306,32.30373724,-101.5684692,0.009430952,0.01732196,1891.462963,135.3317888,0.02213029,146,,,,,2326.0,3084.0,,upstream,oil,8306,TX,False
United States,USA,"IR_2012-2020_tile_-105,30,-90,45_feature_1436_source_0",8307,31.6705818,-103.6702336,0.041888892,0.10242683,1839.246154,140.391215,0.03308576,179,6798.0,2422.0,2611.0,2211.0,1463.0,1931.0,,upstream,oil,8307,TX,True
United States,USA,"IR_2012-2020_tile_-105,30,-90,45_feature_544_source_2",8308,32.41869763,-101.6288314,0.1256234,0.2923833,1897.763485,146.9666109,0.06711196,309,,,,3286.0,2296.0,3048.0,2615.0,upstream,oil,8308,TX,False
United States,USA,"IR_2012-2020_tile_-105,30,-90,45_feature_1086_source_2",8309,31.9411943,-104.0683988,0.18814494,0.38176124,1855.179775,130.8528689,0.100834,303,6383.0,2067.0,2242.0,1806.0,,1560.0,1329.0,upstream,oil,8309,TX,True
United States,USA,"IR_2012-2020_tile_-105,30,-90,45_feature_1140_source_2",8311,31.92779719,-103.8937693,0.018228012,0.03213425,1908.139535,205.7950642,0.044902238,232,6558.0,2228.0,2406.0,1986.0,,,,upstream,oil,8311,TX,True
United States,USA,"IR_2012-2020_tile_-105,30,-90,45_feature_1453_source_2",8313,31.65181454,-102.0750861,0.088901683,0.16245051,1879.918367,131.9325487,0.03472965,299,7993.0,,3404.0,3068.0,2096.0,2797.0,2356.0,upstream,oil,8313,TX,False
United States,USA,"IR_2012-2020_tile_-105,30,-90,45_feature_1580_source_1",8316,31.52866558,-101.7840544,0.0726942,0.1035983,1886.00295,128.2415332,0.0472705,432,,,,,2235.0,2960.0,2519.0,upstream,oil,8316,TX,False
United States,USA,"IR_2012-2020_tile_-105,30,-90,45_feature_1259_source_2",8317,31.82724766,-103.2749553,0.02337137,0.035404443,1933.518987,146.6634709,0.037902416,253,,,3021.0,2666.0,,2377.0,,upstream,oil,8317,TX,False
United States,USA,"IR_2012-2020_tile_-105,30,-90,45_feature_1546_source_1",8319,31.54552601,-103.3212402,0.019672871,0.034301101,1916.350515,157.9212933,0.028374691,209,7277.0,,,2622.0,,,1991.0,upstream,oil,8319,TX,True
United States,USA,"IR_2012-2020_tile_-105,30,-90,45_feature_1367_source_1",8320,31.70552308,-104.0705585,0.029682857,0.059762051,1833.735294,151.8530266,0.030096092,171,6384.0,2069.0,2243.0,1800.0,,,,upstream,oil,8320,TX,True
United States,USA,"IR_2012-2020_tile_-105,30,-90,45_feature_1544_source_4",8322,31.57689399,-103.5584713,0.015478835,0.028756724,1889.171233,153.9499278,0.036392236,340,6919.0,,,2368.0,1585.0,2099.0,1790.0,upstream,oil,8322,TX,True
United States,USA,"IR_2012-2020_tile_-105,30,-90,45_feature_764_source_1",8324,32.26051771,-101.8031925,0.09983542,0.21607101,1845.872727,137.0931077,0.06712809,293,,3159.0,3512.0,3196.0,2222.0,2942.0,2509.0,upstream,oil,8324,TX,False
United States,USA,"IR_2012-2020_tile_-105,30,-90,45_feature_1727_source_4",8325,31.38406278,-103.6293871,0.089060373,0.140312298,1847.872727,129.042749,0.058675675,320,,,,2259.0,1506.0,1995.0,1705.0,upstream,oil,8325,TX,True
United States,USA,"IR_2012-2020_tile_-105,30,-90,45_feature_544_source_3",8326,32.41218694,-101.6381521,0.364267196,0.958599245,1806.2025,133.5019157,0.087880794,1033,8154.0,,,,2296.0,3048.0,2615.0,upstream,oil,8326,TX,False
United States,USA,"IR_2012-2020_tile_-105,30,-90,45_feature_1667_source_0",8332,31.43677609,-103.2520559,0.074745289,0.175809506,1794.258278,154.5078263,0.051561168,254,7321.0,2762.0,3030.0,2679.0,,,,upstream,oil,8332,TX,False
United States,USA,"IR_2012-2020_tile_-105,30,-90,45_feature_1605_source_2",8333,31.48861375,-101.6474327,0.07935985,0.16599832,1791.242188,92.85260044,0.016156177,160,,,3574.0,,2293.0,3046.0,2610.0,upstream,oil,8333,TX,False
United States,USA,"IR_2012-2020_tile_-105,30,-90,45_feature_1257_source_0",8336,31.8374999,-104.0574181,0.084130949,0.168759517,1862.124277,116.3131568,0.046001964,430,6397.0,2079.0,,1827.0,1165.0,1570.0,1340.0,upstream,oil,8336,TX,True
United States,USA,"IR_2012-2020_tile_-105,30,-90,45_feature_1711_source_0",8337,31.37414195,-101.7148204,0.010822994,0.02090947,1905.536842,158.5644024,0.0209201,156,,,,3243.0,,,2565.0,upstream,oil,8337,TX,False
United States,USA,"IR_2012-2020_tile_-105,30,-90,45_feature_1655_source_0",8338,31.45312607,-101.3024484,0.013929696,0.026660353,1874.105882,144.8748769,0.021209192,165,,,3731.0,3437.0,,3209.0,2750.0,upstream,oil,8338,TX,False
United States,USA,"IR_2012-2020_tile_-105,30,-90,45_feature_1536_source_0",8341,31.55435326,-103.7531375,0.0305522,0.04444355,1976.180952,171.6282406,0.03188513,287,,,,,1392.0,1836.0,1571.0,upstream,oil,8341,TX,True
United States,USA,"IR_2012-2020_tile_-105,30,-90,45_feature_1218_source_5",8342,31.88443095,-104.0067948,0.060939054,0.117922409,1807.461538,160.1921676,0.040345777,131,6460.0,2123.0,2296.0,,,,,upstream,oil,8342,TX,True
United States,USA,"IR_2012-2020_tile_-105,30,-90,45_feature_1152_source_0",8345,31.89769535,-101.9282855,0.0399988,0.08023643,1842.341121,133.3162584,0.02359876,276,,,,,,2881.0,2435.0,upstream,oil,8345,TX,False
United States,USA,"IR_2012-2020_tile_-105,30,-90,45_feature_512_source_0",8347,32.43881556,-101.9477928,0.05510993,0.10917027,1862.664502,155.5473439,0.06587686,754,,,3466.0,3145.0,2167.0,2873.0,2423.0,upstream,oil,8347,TX,False
United States,USA,"IR_2012-2020_tile_-105,30,-90,45_feature_1755_source_0",8350,31.35564729,-101.7146558,0.05381052,0.12260669,1906.933649,158.2474676,0.04772456,420,8123.0,3182.0,3548.0,3247.0,2266.0,3007.0,2567.0,upstream,oil,8350,TX,False
United States,USA,"IR_2012-2020_tile_-105,30,-90,45_feature_1625_source_0",8351,31.48159755,-102.0336217,0.008341127,0.019025543,1832.828947,209.8868986,0.023991689,177,,,,,2119.0,2819.0,,upstream,oil,8351,TX,False
United States,USA,"IR_2012-2020_tile_-105,30,-90,45_feature_1483_source_0",8352,31.61346189,-103.9399531,0.058667128,0.15905135,1814.26087,143.9739159,0.045050434,215,6518.0,2182.0,2368.0,1935.0,,,,upstream,oil,8352,TX,True
United States,USA,"IR_2012-2020_tile_-105,30,-90,45_feature_1117_source_0",8353,31.93439966,-102.584012,0.054497125,0.158115492,1752.798077,183.827803,0.050870886,268,7642.0,2953.0,3262.0,,,,,upstream,oil,8353,TX,False
United States,USA,"IR_2012-2020_tile_-105,30,-90,45_feature_1138_source_2",8355,31.92078562,-103.2726683,0.01849469,0.03381986,1947.62766,107.8057733,0.01386353,107,,,,,,2380.0,2029.0,upstream,oil,8355,TX,False
United States,USA,"IR_2012-2020_tile_-105,30,-90,45_feature_479_source_0",8356,32.51273176,-101.5079301,0.006503444,0.00981362,1994.652778,150.1129352,0.020446457,219,,,,,,3118.0,2670.0,upstream,oil,8356,TX,False
United States,USA,"IR_2012-2020_tile_-105,30,-90,45_feature_1122_source_4",8357,31.92904069,-102.6438643,0.069473827,0.141938171,1838.725191,152.87889,0.052784035,220,7602.0,,3240.0,,,,,upstream,oil,8357,TX,False
United States,USA,"IR_2012-2020_tile_-105,30,-90,45_feature_1420_source_2",8359,31.668667,-102.2713542,0.03052304,0.06183146,1865.447273,184.6288068,0.0376186,401,,,,,,2692.0,2264.0,upstream,oil,8359,TX,False
United States,USA,"IR_2012-2020_tile_-105,30,-90,45_feature_1553_source_1",8360,31.56512954,-103.6555862,0.029368154,0.061726118,1856.397059,160.248166,0.042063979,224,6804.0,2426.0,2630.0,2223.0,,,,upstream,oil,8360,TX,True
United States,USA,"IR_2012-2020_tile_-105,30,-90,45_feature_1460_source_1",8363,31.65501725,-103.5035659,0.125451136,0.293732683,1823.711982,155.9340889,0.085599293,585,,2580.0,2818.0,2448.0,1645.0,2171.0,1856.0,upstream,oil,8363,TX,True
United States,USA,"IR_2012-2020_tile_-105,30,-90,45_feature_1735_source_1",8364,31.36015298,-101.4833962,0.006650767,0.010867896,1922.85,165.8583809,0.01123308,135,,,,,,,2678.0,upstream,oil,8364,TX,False
United States,USA,"IR_2012-2020_tile_-105,30,-90,45_feature_1275_source_0",8366,31.82245939,-103.2366302,0.017530804,0.02630958,1938.248804,157.6630023,0.03007596,310,,,,,1805.0,2399.0,,upstream,oil,8366,TX,False
United States,USA,"IR_2012-2020_tile_-105,30,-90,45_feature_1613_source_2",8367,31.4794511,-101.4046142,0.06537894,0.1578541,1842.940741,149.0018773,0.039878823,323,,,3688.0,3403.0,2388.0,3169.0,,upstream,oil,8367,TX,False
United States,USA,"IR_2012-2020_tile_-105,30,-90,45_feature_1331_source_1",8368,31.742165,-102.6346178,0.045339977,0.072323203,1893.648501,145.5802601,0.041820258,462,,,,,,2630.0,2218.0,upstream,oil,8368,TX,False
United States,USA,"IR_2012-2020_tile_-105,30,-90,45_feature_761_source_0",8369,32.23659687,-101.4231876,0.02486045,0.04138728,1900.853448,146.2617372,0.03660631,345,,,3687.0,3393.0,2376.0,3157.0,2708.0,upstream,oil,8369,TX,False
United States,USA,"IR_2012-2020_tile_-105,30,-90,45_feature_1461_source_0",8370,31.64135891,-103.3005381,0.003030252,0.007171074,1894.293103,200.4968835,0.012995081,140,,,,2638.0,,2352.0,,upstream,oil,8370,TX,True
United States,USA,"IR_2012-2020_tile_-105,30,-90,45_feature_1923_source_0",8371,31.10935074,-101.2152453,0.014275117,0.024233438,1925.028571,174.5470578,0.031552512,220,8442.0,3305.0,3748.0,3450.0,,,,upstream,oil,8371,TX,False
United States,USA,"IR_2012-2020_tile_-105,30,-90,45_feature_1160_source_0",8372,31.87201062,-102.7298756,0.013591752,0.020576047,1967.0,140.8134531,0.030035071,114,7527.0,2893.0,3201.0,,,,,upstream,oil,8372,TX,False
United States,USA,"IR_2012-2020_tile_-105,30,-90,45_feature_1255_source_1",8373,31.83538067,-103.3522253,0.006308696,0.011166101,1950.512821,175.5449204,0.015153068,156,,,,2597.0,1752.0,2324.0,,upstream,oil,8373,TX,True
United States,USA,"IR_2012-2020_tile_-105,30,-90,45_feature_1850_source_0",8374,31.20178659,-101.8516051,0.015130458,0.020036496,1887.117021,177.1475438,0.02391089,289,,,3500.0,3183.0,,2919.0,2477.0,upstream,oil,8374,TX,False
United States,USA,"IR_2012-2020_tile_-105,30,-90,45_feature_1678_source_2",8377,31.42620111,-102.3142937,0.02067617,0.02964835,1998.06422,156.390377,0.03999037,252,7766.0,2993.0,3303.0,2972.0,2019.0,2686.0,,upstream,oil,8377,TX,False
United States,USA,"IR_2012-2020_tile_-105,30,-90,45_feature_454_source_0",8378,32.53627711,-101.5720144,0.003629304,0.006737638,1935.548387,154.101106,0.01535579,157,,,,3336.0,,,,upstream,oil,8378,TX,False
United States,USA,"IR_2012-2020_tile_-105,30,-90,45_feature_1140_source_5",8380,31.89935063,-103.8473722,0.060132902,0.08989593,1906.498113,152.4196324,0.088621672,755,6619.0,2269.0,2444.0,2037.0,1336.0,1767.0,1503.0,upstream,oil,8380,TX,True
United States,USA,"IR_2012-2020_tile_-105,30,-90,45_feature_2006_source_0",8381,31.01507613,-101.209925,0.1065806,0.19120394,1858.025157,135.2472904,0.06607309,411,8444.0,,3750.0,3451.0,2424.0,3224.0,2764.0,upstream,oil,8381,TX,False
United States,USA,"IR_2012-2020_tile_-105,30,-90,45_feature_1219_source_1",8382,31.84244297,-103.4453798,0.029372802,0.062707807,1923.769231,166.0494924,0.076003846,654,,2634.0,2894.0,2508.0,1692.0,2235.0,,upstream,oil,8382,TX,True
United States,USA,"IR_2012-2020_tile_-105,30,-90,45_feature_1053_source_2",8384,31.97286769,-103.6718193,0.034529362,0.08604026,1921.552381,184.8779768,0.040906531,220,6795.0,2410.0,2613.0,2206.0,,,,upstream,oil,8384,TX,True
United States,USA,"IR_2012-2020_tile_-105,30,-90,45_feature_1245_source_2",8385,31.84191413,-101.7033414,0.028617284,0.058866024,1900.386364,197.2841224,0.043742407,274,,3184.0,3551.0,,2272.0,3014.0,2575.0,upstream,oil,8385,TX,False
United States,USA,"IR_2012-2020_tile_-105,30,-90,45_feature_1381_source_1",8386,31.70299429,-101.8720019,0.300555946,0.580573786,1821.519634,118.8140167,0.111845952,1016,8057.0,3148.0,3492.0,3176.0,2197.0,2912.0,,upstream,oil,8386,TX,False
United States,USA,"IR_2012-2020_tile_-105,30,-90,45_feature_537_source_1",8387,32.47269703,-101.790413,0.083363602,0.19575053,1823.149877,125.2767929,0.04722282,518,,,,3211.0,2230.0,2954.0,2514.0,upstream,oil,8387,TX,False
United States,USA,"IR_2012-2020_tile_-105,30,-90,45_feature_1271_source_0",8388,31.79665259,-104.0944128,0.082413796,0.161883753,1862.270833,149.0624505,0.060199199,248,6355.0,2047.0,2219.0,1781.0,,,,upstream,oil,8388,TX,True
United States,USA,"IR_2012-2020_tile_-105,30,-90,45_feature_1709_source_1",8389,31.39257716,-101.6899991,0.047995734,0.09864888,1888.053571,171.016386,0.028527843,165,8138.0,3190.0,3555.0,3258.0,2277.0,3020.0,,upstream,oil,8389,TX,False
United States,USA,"IR_2012-2020_tile_-105,30,-90,45_feature_858_source_0",8395,32.15182088,-101.9669209,0.09330762,0.23412036,1844.782869,147.6871986,0.07219654,766,,,,3136.0,2161.0,2865.0,2415.0,upstream,oil,8395,TX,False
United States,USA,"IR_2012-2020_tile_-105,30,-90,45_feature_1244_source_3",8396,31.84621422,-101.7716523,0.096507315,0.300625817,1892.437956,159.3641499,0.077334123,203,8088.0,,3526.0,3217.0,2238.0,2962.0,2524.0,upstream,oil,8396,TX,False
United States,USA,"IR_2012-2020_tile_-105,30,-90,45_feature_1214_source_1",8397,31.85761995,-104.0824858,0.037701016,0.075152377,1917.362745,156.9764119,0.050720394,332,6394.0,2063.0,2228.0,1795.0,,,,upstream,oil,8397,TX,True
United States,USA,"IR_2012-2020_tile_-105,30,-90,45_feature_1624_source_1",8398,31.4926422,-103.2949095,0.018526587,0.040994812,1913.119792,164.7057073,0.037042837,321,7287.0,,,2643.0,1773.0,2360.0,2009.0,upstream,oil,8398,TX,False
United States,USA,"IR_2012-2020_tile_-105,30,-90,45_feature_1707_source_0",8399,31.43223038,-103.2203797,0.075837618,0.17254167,1796.755155,152.7465705,0.040531845,502,,,,,,2409.0,2042.0,upstream,oil,8399,TX,False
United States,USA,"IR_2012-2020_tile_-105,30,-90,45_feature_1603_source_0",8400,31.51376175,-103.2282327,0.01106153,0.020758528,1866.922414,186.5404713,0.019481807,211,,,,2685.0,,2404.0,,upstream,oil,8400,TX,False
United States,USA,"IR_2012-2020_tile_-105,30,-90,45_feature_1351_source_0",8404,31.72763985,-102.3350797,0.020806285,0.029651558,1990.461538,155.0330066,0.02883046,165,7748.0,2988.0,3298.0,2970.0,,,,upstream,oil,8404,TX,False
United States,USA,"IR_2012-2020_tile_-105,30,-90,45_feature_1385_source_2",8406,31.70869998,-103.8251272,0.018810793,0.038402584,1893.604167,185.7195174,0.02317902,165,6642.0,2290.0,2469.0,2064.0,,,,upstream,oil,8406,TX,True
United States,USA,"IR_2012-2020_tile_-105,30,-90,45_feature_1672_source_0",8407,31.43734011,-103.5608041,0.034221705,0.066807291,1886.659824,182.7335652,0.064829327,630,,2527.0,2739.0,,,2094.0,1791.0,upstream,oil,8407,TX,True
United States,USA,"IR_2012-2020_tile_-105,30,-90,45_feature_2005_source_0",8408,31.02865889,-101.2505695,0.084896424,0.15670344,1886.192308,177.0737973,0.059567985,323,8425.0,,3745.0,3445.0,2421.0,3219.0,2759.0,upstream,oil,8408,TX,False
United States,USA,"IR_2012-2020_tile_-105,30,-90,45_feature_1036_source_2",8409,32.005091,-102.0107178,0.020313644,0.03690405,1880.975904,137.1578965,0.02383269,150,,3113.0,3436.0,3111.0,2140.0,2839.0,,upstream,oil,8409,TX,False
United States,USA,"IR_2012-2020_tile_-105,30,-90,45_feature_1538_source_0",8410,31.54464789,-104.2459699,0.0998773,0.1897389,1891.04908,149.8962751,0.0688742,468,,,2120.0,,1071.0,1441.0,,upstream,oil,8410,TX,True
United States,USA,"IR_2012-2020_tile_-105,30,-90,45_feature_1389_source_0",8411,31.68863303,-104.0020809,0.108394068,0.227097861,1865.922687,153.282075,0.143020661,1315,,,2306.0,1875.0,1216.0,1620.0,1383.0,upstream,oil,8411,TX,True
United States,USA,"IR_2012-2020_tile_-105,30,-90,45_feature_497_source_1",8414,32.46504175,-101.7106072,0.540870994,1.194847302,1793.739796,122.1776753,0.101305123,1133,,,,,2267.0,3005.0,2569.0,upstream,oil,8414,TX,False
United States,USA,"IR_2012-2020_tile_-105,30,-90,45_feature_1138_source_3",8417,31.91028047,-103.2969074,0.01683116,0.03125783,1890.833333,122.4166296,0.02206874,219,,,,2642.0,1770.0,2359.0,2008.0,upstream,oil,8417,TX,False
United States,USA,"IR_2012-2020_tile_-105,30,-90,45_feature_1138_source_0",8419,31.90202142,-103.2833669,0.010271848,0.015789882,1937.512195,147.3597923,0.015149603,118,,,,,,2365.0,2025.0,upstream,oil,8419,TX,False
United States,USA,"IR_2012-2020_tile_-105,30,-90,45_feature_1973_source_0",8421,31.05588235,-103.0873234,0.00364989,0.0067706,1907.421053,190.3802241,0.00821114,195,,,,,,2472.0,2086.0,upstream,oil,8421,TX,False
United States,USA,"IR_2012-2020_tile_-105,30,-90,45_feature_849_source_2",8422,32.18587939,-102.5201717,0.063671319,0.123714791,1868.825688,144.5157586,0.043520735,182,7669.0,2966.0,3274.0,2942.0,2002.0,2659.0,,upstream,oil,8422,TX,False
United States,USA,"IR_2012-2020_tile_-105,30,-90,45_feature_670_source_0",8423,32.3162845,-101.8384315,0.04912785,0.13397601,1844.490909,156.8186993,0.03364768,232,,,,3186.0,2201.0,2922.0,2482.0,upstream,oil,8423,TX,False
United States,USA,"IR_2012-2020_tile_-105,30,-90,45_feature_691_source_2",8425,32.30374013,-101.4889092,0.004597777,0.0066089,1996.162162,157.2851625,0.014188716,120,,,,3362.0,,,,upstream,oil,8425,TX,False
United States,USA,"IR_2012-2020_tile_-105,30,-90,45_feature_1579_source_3",8427,31.52640115,-103.3365709,0.026587722,0.04402369,1950.846154,181.9287742,0.053635542,393,7233.0,,,2611.0,,2337.0,,upstream,oil,8427,TX,True
United States,USA,"IR_2012-2020_tile_-105,30,-90,45_feature_1236_source_0",8429,31.82551034,-102.0678793,0.02817547,0.05213776,1941.255474,139.8832427,0.03188044,387,,,,3072.0,2102.0,2799.0,2358.0,upstream,oil,8429,TX,False
United States,USA,"IR_2012-2020_tile_-105,30,-90,45_feature_1309_source_3",8431,31.75812724,-104.190335,0.017143502,0.031921642,1884.828571,205.8813092,0.022824165,184,6258.0,1986.0,,,1094.0,1472.0,,upstream,oil,8431,TX,True
United States,USA,"IR_2012-2020_tile_-105,30,-90,45_feature_1587_source_1",8432,31.5447134,-101.984716,0.021071595,0.038520926,1857.942029,157.8683991,0.02611164,217,8018.0,3122.0,3454.0,,,,,upstream,oil,8432,TX,False
United States,USA,"IR_2012-2020_tile_-105,30,-90,45_feature_1039_source_2",8433,31.99895713,-104.0758956,0.064844186,0.111612935,1866.738318,130.2285795,0.062894763,212,6379.0,2065.0,2231.0,1805.0,,,,upstream,oil,8433,TX,True
United States,USA,"IR_2012-2020_tile_-105,30,-90,45_feature_1580_source_0",8434,31.5255981,-101.763431,0.21579912,0.4373198,1823.143116,122.5136764,0.06047353,666,,,,,2243.0,2969.0,2529.0,upstream,oil,8434,TX,False
United States,USA,"IR_2012-2020_tile_-105,30,-90,45_feature_1476_source_0",8435,31.65128574,-101.9073632,0.163646269,0.323371609,1883.54039,131.6110604,0.104757831,933,8048.0,3137.0,3484.0,3162.0,2182.0,2893.0,2449.0,upstream,oil,8435,TX,False
United States,USA,"IR_2012-2020_tile_-105,30,-90,45_feature_1898_source_0",8436,31.14881251,-103.4150501,0.065015889,0.12971206,1876.490991,149.944186,0.053373925,378,7173.0,2674.0,2923.0,2536.0,,,,upstream,oil,8436,TX,False
United States,USA,"IR_2012-2020_tile_-105,30,-90,45_feature_1427_source_3",8438,31.65584132,-104.0289689,0.11851778,0.25494265,1831.909574,137.5202202,0.07721117,560,,2100.0,2272.0,1844.0,1195.0,1599.0,1366.0,upstream,oil,8438,TX,True
United States,USA,"IR_2012-2020_tile_-105,30,-90,45_feature_1491_source_1",8439,31.62033587,-103.6834747,0.05010846,0.0993641,1927.829545,163.1112261,0.05342219,602,,,,2197.0,,1908.0,1637.0,upstream,oil,8439,TX,True
United States,USA,"IR_2012-2020_tile_-105,30,-90,45_feature_1497_source_0",8440,31.57673841,-104.2837651,0.08504777,0.17689787,1872.970968,142.9730038,0.05324854,414,,,2101.0,1684.0,1063.0,1432.0,1239.0,upstream,oil,8440,TX,True
United States,USA,"IR_2012-2020_tile_-105,30,-90,45_feature_1509_source_1",8442,31.57269401,-103.0871847,0.018878492,0.039459808,1893.1,166.3469428,0.023157645,176,,,,2746.0,,,,upstream,oil,8442,TX,False
United States,USA,"IR_2012-2020_tile_-105,30,-90,45_feature_1375_source_1",8444,31.75081692,-103.9524211,0.036273237,0.066051987,1901.195122,120.5506107,0.040118536,181,6504.0,2170.0,2359.0,,,1671.0,,upstream,oil,8444,TX,True
United States,USA,"IR_2012-2020_tile_-105,30,-90,45_feature_1152_source_1",8445,31.88443099,-101.9223045,0.014026797,0.022565247,1967.201923,161.8543018,0.02329492,275,,,,,2177.0,2883.0,,upstream,oil,8445,TX,False
United States,USA,"IR_2012-2020_tile_-105,30,-90,45_feature_790_source_0",8446,32.20781772,-101.7864031,0.01561275,0.03361154,1861.730159,193.6971705,0.02634174,212,,,3521.0,3210.0,2233.0,2957.0,2517.0,upstream,oil,8446,TX,False
United States,USA,"IR_2012-2020_tile_-105,30,-90,45_feature_1585_source_0",8448,31.51486694,-102.5426176,0.117113643,0.27281584,1722.520635,124.6957518,0.034714265,354,7661.0,2962.0,3271.0,2940.0,2000.0,2655.0,2234.0,upstream,oil,8448,TX,False
United States,USA,"IR_2012-2020_tile_-105,30,-90,45_feature_670_source_2",8450,32.32189921,-101.8212141,0.1915757,0.5220665,1804.596995,149.0885153,0.0757022,898,,,,3192.0,2212.0,2933.0,2494.0,upstream,oil,8450,TX,False
United States,USA,"IR_2012-2020_tile_-105,30,-90,45_feature_415_source_0",8452,32.61781593,-101.9993813,0.004662971,0.007912788,1959.902439,180.1585081,0.01535183,163,,,,,,2847.0,2395.0,upstream,oil,8452,TX,False
United States,USA,"IR_2012-2020_tile_-105,30,-90,45_feature_1452_source_0",8453,31.62966719,-102.2884165,0.212773083,0.578496948,1759.404908,161.8540067,0.092799254,527,7777.0,2997.0,3308.0,2976.0,,2688.0,,upstream,oil,8453,TX,False
United States,USA,"IR_2012-2020_tile_-105,30,-90,45_feature_695_source_1",8455,32.2915152,-101.6484925,0.036258356,0.052363145,1973.668033,145.5497227,0.043657218,316,,,,3278.0,2292.0,3043.0,2609.0,upstream,oil,8455,TX,False
United States,USA,"IR_2012-2020_tile_-105,30,-90,45_feature_1307_source_4",8456,31.76272665,-103.6996638,0.031724912,0.056636737,1870.395833,179.9880482,0.04678485,175,6759.0,2393.0,2566.0,2164.0,1437.0,1894.0,,upstream,oil,8456,TX,True
United States,USA,"IR_2012-2020_tile_-105,30,-90,45_feature_1525_source_0",8457,31.5846242,-101.6749474,0.17091518,0.36945098,1842.604768,126.2399405,0.10008294,1044,,3192.0,3570.0,3265.0,2282.0,3026.0,2588.0,upstream,oil,8457,TX,False
United States,USA,"IR_2012-2020_tile_-105,30,-90,45_feature_666_source_1",8458,32.33223228,-102.218295,0.022278497,0.040648995,1861.894737,180.6353975,0.032149461,122,7840.0,,,,,,,upstream,oil,8458,TX,False
United States,USA,"IR_2012-2020_tile_-105,30,-90,45_feature_1757_source_1",8459,31.32737437,-103.025419,0.04541092,0.08540067,1811.212121,153.3439194,0.0475382,339,,2825.0,3114.0,2786.0,,2509.0,2116.0,upstream,oil,8459,TX,False
United States,USA,"IR_2012-2020_tile_-105,30,-90,45_feature_1552_source_2",8460,31.5675664,-103.8210202,0.11848536,0.30122373,1836.7,147.6500123,0.08723467,625,6636.0,2294.0,2475.0,2071.0,1362.0,1794.0,1533.0,upstream,oil,8460,TX,True
United States,USA,"IR_2012-2020_tile_-105,30,-90,45_feature_1889_source_1",8461,31.15810674,-103.5137464,0.01598392,0.04492798,1799.313953,171.9218834,0.02749881,280,,,,,1630.0,2152.0,1843.0,upstream,oil,8461,TX,False
United States,USA,"IR_2012-2020_tile_-105,30,-90,45_feature_1053_source_0",8464,31.99632431,-103.6549747,0.0497446,0.06829657,1877.989796,173.3833487,0.062144,404,6801.0,2425.0,2626.0,2221.0,,,,upstream,oil,8464,TX,True
United States,USA,"IR_2012-2020_tile_-105,30,-90,45_feature_666_source_0",8465,32.3363656,-102.2326377,0.02624854,0.056651222,1805.142857,144.2264376,0.037011208,145,,,,,,,,upstream,oil,8465,TX,False
United States,USA,"IR_2012-2020_tile_-105,30,-90,45_feature_1584_source_1",8466,31.5483669,-102.1245891,0.016834749,0.022833216,1930.977143,180.1912937,0.022214654,230,7952.0,3081.0,3386.0,,,,2332.0,upstream,oil,8466,TX,False
United States,USA,"IR_2012-2020_tile_-105,30,-90,45_feature_1802_source_3",8468,31.26836802,-103.0194657,0.05095176,0.10308665,1860.069686,180.3219209,0.04890611,433,,,,2781.0,1890.0,2513.0,,upstream,oil,8468,TX,False
United States,USA,"IR_2012-2020_tile_-105,30,-90,45_feature_1198_source_0",8469,31.8668475,-104.0607283,0.06989239,0.117317775,1864.014599,135.4137744,0.058730166,311,6394.0,2076.0,2246.0,1817.0,,,,upstream,oil,8469,TX,True
United States,USA,"IR_2012-2020_tile_-105,30,-90,45_feature_1182_source_1",8472,31.91154586,-102.9638012,0.006678658,0.012343531,1913.415094,154.2171263,0.018426938,223,,,,,,,2140.0,upstream,oil,8472,TX,False
United States,USA,"IR_2012-2020_tile_-105,30,-90,45_feature_1417_source_1",8475,31.72347311,-103.7149217,0.031752761,0.058568976,1903.082569,169.1432338,0.060456371,385,6748.0,2380.0,2567.0,2165.0,1417.0,1869.0,,upstream,oil,8475,TX,True
United States,USA,"IR_2012-2020_tile_-105,30,-90,45_feature_1996_source_1",8476,31.03549748,-101.1316424,0.11069946,0.22700436,1840.435897,124.4131003,0.04208445,349,,3311.0,3756.0,3464.0,2430.0,3233.0,2771.0,upstream,oil,8476,TX,False
United States,USA,"IR_2012-2020_tile_-105,30,-90,45_feature_1204_source_0",8477,31.86172429,-101.8845605,0.14577522,0.3373956,1830.609856,128.5190473,0.05334182,640,,,,,2189.0,2903.0,2461.0,upstream,oil,8477,TX,False
United States,USA,"IR_2012-2020_tile_-105,30,-90,45_feature_1809_source_2",8478,31.26521314,-103.057999,0.012099467,0.024548304,1835.159664,166.1277216,0.025356146,224,,,,2760.0,,2485.0,2092.0,upstream,oil,8478,TX,False
United States,USA,"IR_2012-2020_tile_-105,30,-90,45_feature_1347_source_5",8480,31.73912769,-103.5973171,0.13729414,0.31805341,1838.129252,169.6236439,0.05519054,217,6887.0,2490.0,2695.0,2298.0,1544.0,2037.0,,upstream,oil,8480,TX,True
United States,USA,"IR_2012-2020_tile_-105,30,-90,45_feature_1080_source_1",8483,31.96327398,-103.2916549,0.090345733,0.173748908,1926.583721,144.7589856,0.091290555,622,,,3007.0,2646.0,1779.0,2363.0,2012.0,upstream,oil,8483,TX,False
United States,USA,"IR_2012-2020_tile_-105,30,-90,45_feature_1602_source_2",8484,31.5018113,-102.6400038,0.64962293,1.02554986,1832.674641,131.5758835,0.09945491,837,7604.0,2934.0,3238.0,2908.0,1980.0,2631.0,2216.0,upstream,oil,8484,TX,False
United States,USA,"IR_2012-2020_tile_-105,30,-90,45_feature_1664_source_0",8485,31.44980073,-101.7139225,0.031484406,0.065978644,1865.045045,179.0863392,0.027823513,182,,3177.0,3547.0,3241.0,2265.0,3004.0,2562.0,upstream,oil,8485,TX,False
United States,USA,"IR_2012-2020_tile_-105,30,-90,45_feature_1310_source_1",8486,31.79620585,-103.5133824,0.178394508,0.43559933,1801.391753,152.8813674,0.13346208,610,7021.0,2577.0,2805.0,,,,,upstream,oil,8486,TX,True
United States,USA,"IR_2012-2020_tile_-105,30,-90,45_feature_1561_source_0",8487,31.5376865,-104.0004894,0.026781279,0.031915517,1972.568182,174.952805,0.037531554,227,,,2303.0,1877.0,,,,upstream,oil,8487,TX,True
United States,USA,"IR_2012-2020_tile_-105,30,-90,45_feature_1452_source_1",8488,31.64061703,-102.3089866,0.07458071,0.17170837,1866.469388,154.9386781,0.04527591,325,7768.0,2994.0,3304.0,2973.0,,2685.0,2259.0,upstream,oil,8488,TX,False
United States,USA,"IR_2012-2020_tile_-105,30,-90,45_feature_1330_source_0",8491,31.7314845,-102.9923007,0.016379254,0.028230412,1933.0,130.7283751,0.029506681,235,7416.0,2830.0,3124.0,2796.0,1904.0,2528.0,,upstream,oil,8491,TX,False
United States,USA,"IR_2012-2020_tile_-105,30,-90,45_feature_1728_source_0",8492,31.36603152,-103.293278,0.270119791,0.573319113,1824.27451,95.49819389,0.03720613,336,,,,,1775.0,2368.0,2016.0,upstream,oil,8492,TX,False
United States,USA,"IR_2012-2020_tile_-105,30,-90,45_feature_541_source_0",8494,32.41334329,-102.7155709,0.008875677,0.014342815,1899.857143,174.6211643,0.018959467,119,7533.0,2896.0,,2867.0,,,,upstream,oil,8494,TX,False
United States,USA,"IR_2012-2020_tile_-105,30,-90,45_feature_1131_source_5",8495,31.92797742,-103.660919,0.05042658,0.09233802,1941.685714,175.131206,0.06179664,209,6781.0,2413.0,2623.0,2216.0,,,,upstream,oil,8495,TX,True
United States,USA,"IR_2012-2020_tile_-105,30,-90,45_feature_1177_source_0",8499,31.88683663,-101.843305,0.2181574,0.3901284,1836.699605,130.2649803,0.0608954,617,,,,3185.0,2204.0,2923.0,2480.0,upstream,oil,8499,TX,False
United States,USA,"IR_2012-2020_tile_-105,30,-90,45_feature_947_source_1",8500,32.06795507,-102.1240316,0.013804753,0.030045141,1797.1,191.5115923,0.018701345,201,7951.0,,,,2073.0,2764.0,2330.0,upstream,oil,8500,TX,False
United States,USA,"IR_2012-2020_tile_-105,30,-90,45_feature_1577_source_0",8502,31.51052347,-101.510216,0.02754631,0.047868133,1861.638614,157.5751058,0.024666256,263,,,,3356.0,2353.0,3117.0,2673.0,upstream,oil,8502,TX,False
United States,USA,"IR_2012-2020_tile_-105,30,-90,45_feature_692_source_3",8503,32.30194784,-101.4091212,0.04806701,0.10929912,1759.447489,140.4126363,0.0243717,271,,,,,,,2718.0,upstream,oil,8503,TX,False
United States,USA,"IR_2012-2020_tile_-105,30,-90,45_feature_1747_source_0",8504,31.34896135,-101.4020545,0.0597076,0.1035163,1852.867987,138.7961765,0.03300161,390,,,,,2389.0,3170.0,2719.0,upstream,oil,8504,TX,False
United States,USA,"IR_2012-2020_tile_-105,30,-90,45_feature_1247_source_1",8505,31.82089457,-104.3488236,0.010202611,0.015854354,1878.280702,150.1368679,0.014501871,186,,,,,,,1228.0,upstream,oil,8505,TX,True
United States,USA,"IR_2012-2020_tile_-105,30,-90,45_feature_1491_source_8",8508,31.59223609,-103.6913253,0.18977965,0.52954549,1802.898496,141.2340384,0.05679949,394,,,2591.0,2189.0,,1897.0,1638.0,upstream,oil,8508,TX,True
United States,USA,"IR_2012-2020_tile_-105,30,-90,45_feature_1966_source_0",8509,31.09586191,-103.3884637,0.019882925,0.035487394,1892.481752,131.1266787,0.028271665,248,,2695.0,,2563.0,1730.0,2292.0,1950.0,upstream,oil,8509,TX,False
United States,USA,"IR_2012-2020_tile_-105,30,-90,45_feature_1633_source_0",8510,31.5074782,-102.1836679,0.013924925,0.022740068,1867.291262,167.5779854,0.016440083,193,7882.0,3048.0,3349.0,3003.0,,,2304.0,upstream,oil,8510,TX,False
United States,USA,"IR_2012-2020_tile_-105,30,-90,45_feature_764_source_4",8514,32.28130244,-101.8186549,0.063536174,0.121188965,1868.306122,143.3923836,0.064794672,249,8077.0,,3512.0,,,,,upstream,oil,8514,TX,False
United States,USA,"IR_2012-2020_tile_-105,30,-90,45_feature_857_source_0",8515,32.15042913,-102.9000616,0.022339306,0.036845882,1949.777778,185.9010755,0.039940636,174,7447.0,2854.0,3152.0,,,,,upstream,oil,8515,TX,False
United States,USA,"IR_2012-2020_tile_-105,30,-90,45_feature_864_source_0",8517,32.14405214,-102.8119645,0.346977731,0.81610392,1775.056206,132.2969714,0.13007246,653,7476.0,2875.0,3175.0,2838.0,,2581.0,,upstream,oil,8517,TX,False
United States,USA,"IR_2012-2020_tile_-105,30,-90,45_feature_1309_source_0",8518,31.78228163,-104.1709237,0.083096075,0.195792945,1804.916129,130.1206862,0.055532008,310,6284.0,1999.0,2163.0,1728.0,,,,upstream,oil,8518,TX,True
United States,USA,"IR_2012-2020_tile_-105,30,-90,45_feature_1217_source_0",8519,31.83766729,-102.0327547,0.03674976,0.05913176,1925.808917,161.3447918,0.049412707,320,8001.0,3106.0,3431.0,3087.0,2127.0,2831.0,2385.0,upstream,oil,8519,TX,False
United States,USA,"IR_2012-2020_tile_-105,30,-90,45_feature_1831_source_1",8520,31.25195216,-103.1358592,0.037413043,0.08027302,1870.821739,152.5826033,0.029430191,312,,,,,1844.0,2453.0,,upstream,oil,8520,TX,False
United States,USA,"IR_2012-2020_tile_-105,30,-90,45_feature_1608_source_0",8522,31.49994395,-101.6132686,0.012788563,0.02512519,1859.617021,157.289752,0.01688721,132,,,3583.0,3296.0,,,,upstream,oil,8522,TX,False
United States,USA,"IR_2012-2020_tile_-105,30,-90,45_feature_1158_source_0",8523,31.88841887,-101.596811,0.020157657,0.041619447,1834.4,162.6177018,0.025617831,227,,,,3311.0,2316.0,3072.0,2632.0,upstream,oil,8523,TX,False
United States,USA,"IR_2012-2020_tile_-105,30,-90,45_feature_691_source_1",8525,32.30933574,-101.5075023,0.014457103,0.024803439,1903.514286,167.2181418,0.025294085,250,,,,,2354.0,3119.0,2672.0,upstream,oil,8525,TX,False
United States,USA,"IR_2012-2020_tile_-105,30,-90,45_feature_1610_source_0",8528,31.49802179,-103.530331,0.26504627,0.63937946,1856.855501,138.5067638,0.11567714,909,,2557.0,2779.0,2415.0,1616.0,2132.0,1827.0,upstream,oil,8528,TX,True
United States,USA,"IR_2012-2020_tile_-105,30,-90,45_feature_486_source_3",8529,32.499753,-101.6157851,0.01584077,0.02599044,1937.833333,162.7207048,0.02873494,126,,,,,,,2622.0,upstream,oil,8529,TX,False
United States,USA,"IR_2012-2020_tile_-105,30,-90,45_feature_1097_source_0",8530,31.96938395,-102.064351,0.116066079,1.24058103,1909.176829,171.93394,0.02997837,264,,,,3073.0,2104.0,2801.0,,upstream,oil,8530,TX,False
United States,USA,"IR_2012-2020_tile_-105,30,-90,45_feature_1472_source_1",8531,31.62594391,-104.0180214,0.230286686,0.544776707,1810.243137,125.0334375,0.047192438,305,,,2294.0,1861.0,1206.0,1609.0,1372.0,upstream,oil,8531,TX,True
United States,USA,"IR_2012-2020_tile_-105,30,-90,45_feature_1438_source_0",8532,31.64300106,-103.9376667,0.08190357,0.20898064,1803.016241,138.416575,0.05145615,579,6522.0,2181.0,2367.0,1942.0,1270.0,1684.0,1433.0,upstream,oil,8532,TX,True
United States,USA,"IR_2012-2020_tile_-105,30,-90,45_feature_1634_source_0",8535,31.47422858,-103.6877296,0.015313384,0.023398466,1921.45,165.9575674,0.0182788,162,,,2594.0,2192.0,,1898.0,1631.0,upstream,oil,8535,TX,True
United States,USA,"IR_2012-2020_tile_-105,30,-90,45_feature_1782_source_0",8536,31.29881378,-101.8964482,0.02963007,0.06357334,1904.64375,154.8513944,0.028395147,246,8049.0,3143.0,3487.0,3168.0,2185.0,2897.0,2453.0,upstream,oil,8536,TX,False
United States,USA,"IR_2012-2020_tile_-105,30,-90,45_feature_1971_source_0",8537,31.04011466,-103.7247858,0.027593482,0.070732973,1761.072874,196.6787459,0.047885189,515,,,,,1407.0,1857.0,1587.0,upstream,oil,8537,TX,False
United States,USA,"IR_2012-2020_tile_-105,30,-90,45_feature_1150_source_0",8539,31.90888895,-103.538984,0.086448346,0.18385829,1857.861538,160.1981827,0.035824046,335,,,2762.0,,1610.0,2122.0,1815.0,upstream,oil,8539,TX,True
United States,USA,"IR_2012-2020_tile_-105,30,-90,45_feature_1012_source_0",8540,32.02627938,-101.7343065,0.01105312,0.01992337,1837.521008,169.1042068,0.02280706,240,,,,,2251.0,2984.0,2547.0,upstream,oil,8540,TX,False
United States,USA,"IR_2012-2020_tile_-105,30,-90,45_feature_1804_source_1",8544,31.28947814,-103.4169175,0.039629011,0.031324449,1906.763158,147.1054821,0.036841838,156,7154.0,2673.0,2917.0,2535.0,,,,upstream,oil,8544,TX,False
United States,USA,"IR_2012-2020_tile_-105,30,-90,45_feature_1549_source_0",8545,31.53853938,-103.9097048,0.02220034,0.03314983,1887.792793,157.6912891,0.02959739,178,,,2400.0,1976.0,,,,upstream,oil,8545,TX,True
United States,USA,"IR_2012-2020_tile_-105,30,-90,45_feature_535_source_0",8547,32.42848068,-101.8492893,0.0258326,0.06348453,1836.585714,167.1669106,0.02295034,288,,,,3184.0,2202.0,2917.0,2471.0,upstream,oil,8547,TX,False
United States,USA,"IR_2012-2020_tile_-105,30,-90,45_feature_990_source_1",8548,32.06259841,-102.6907203,0.159279215,0.344192967,1810.310734,146.7469267,0.089542204,467,7560.0,2908.0,3216.0,2883.0,1968.0,2614.0,,upstream,oil,8548,TX,False
United States,USA,"IR_2012-2020_tile_-105,30,-90,45_feature_1291_source_1",8549,31.77328173,-103.941137,0.09854101,0.19322641,1876.362745,187.7714918,0.0943175,265,6531.0,2192.0,2379.0,1950.0,1274.0,1688.0,,upstream,oil,8549,TX,True
United States,USA,"IR_2012-2020_tile_-105,30,-90,45_feature_1490_source_1",8553,31.59622393,-103.7969259,0.024323944,0.039707783,1831.87931,162.2596979,0.027421788,263,6657.0,,,2099.0,,,1547.0,upstream,oil,8553,TX,True
United States,USA,"IR_2012-2020_tile_-105,30,-90,45_feature_565_source_3",8554,32.41242323,-102.2045937,0.127019213,0.21436834,1909.5,130.6018679,0.068815989,693,7859.0,3026.0,,2995.0,2034.0,2712.0,2294.0,upstream,oil,8554,TX,False
United States,USA,"IR_2012-2020_tile_-105,30,-90,45_feature_1840_source_0",8555,31.21631378,-103.3406598,0.01496717,0.0376231,1832.488764,193.2469526,0.0248836,298,,,,,,2334.0,1984.0,upstream,oil,8555,TX,False
United States,USA,"IR_2012-2020_tile_-105,30,-90,45_feature_1866_source_1",8556,31.19915347,-103.5051689,0.038181694,0.074549271,1862.311475,176.3249181,0.03664466,293,7029.0,2584.0,2820.0,,1649.0,2164.0,1858.0,upstream,oil,8556,TX,False
United States,USA,"IR_2012-2020_tile_-105,30,-90,45_feature_1780_source_0",8559,31.33172577,-103.2216027,0.06163034,0.109935562,1850.506944,92.69843554,0.017478011,170,7338.0,,,2687.0,1811.0,2410.0,,upstream,oil,8559,TX,False
United States,USA,"IR_2012-2020_tile_-105,30,-90,45_feature_1041_source_0",8560,32.01436164,-102.3414427,0.23536212,0.47608991,1875.194707,135.864236,0.171440204,975,7741.0,2987.0,3294.0,2964.0,2015.0,2679.0,2253.0,upstream,oil,8560,TX,False
United States,USA,"IR_2012-2020_tile_-105,30,-90,45_feature_1086_source_0",8561,31.95424918,-104.1165176,0.08328988,0.18285961,1844.785714,148.1737896,0.08495825,501,6346.0,2043.0,2202.0,1764.0,,1520.0,1295.0,upstream,oil,8561,TX,True
United States,USA,"IR_2012-2020_tile_-105,30,-90,45_feature_1004_source_0",8563,32.04230359,-101.7560293,0.02642752,0.04993235,1876.966667,143.4492903,0.022762978,259,,,3532.0,3226.0,,2972.0,2533.0,upstream,oil,8563,TX,False
United States,USA,"IR_2012-2020_tile_-105,30,-90,45_feature_813_source_1",8564,32.19043968,-102.0062148,0.61130225,1.4464186,1753.046875,112.8778626,0.0288098,464,,3112.0,3444.0,3109.0,2144.0,2843.0,2392.0,upstream,oil,8564,TX,False
United States,USA,"IR_2012-2020_tile_-105,30,-90,45_feature_1817_source_1",8566,31.24463067,-103.0097303,0.00724461,0.01616981,1839.892473,208.4604324,0.01618479,183,,,,2787.0,1896.0,2519.0,2122.0,upstream,oil,8566,TX,False
United States,USA,"IR_2012-2020_tile_-105,30,-90,45_feature_513_source_0",8567,32.45412774,-101.2999274,0.01921358,0.03795246,1887.828283,164.7800211,0.0305961,285,,,,,,3208.0,2749.0,upstream,oil,8567,TX,False
United States,USA,"IR_2012-2020_tile_-105,30,-90,45_feature_609_source_2",8568,32.36309792,-101.5289651,0.062040739,0.092689856,1953.860627,147.9235421,0.056370223,381,,,,3348.0,2348.0,3109.0,2666.0,upstream,oil,8568,TX,False
United States,USA,"IR_2012-2020_tile_-105,30,-90,45_feature_1648_source_2",8569,31.44775252,-103.1364134,0.016494427,0.029455119,1904.737705,162.1874448,0.025645936,210,,,,2728.0,,,,upstream,oil,8569,TX,False
United States,USA,"IR_2012-2020_tile_-105,30,-90,45_feature_1150_source_3",8570,31.93988083,-103.5509309,0.381802031,0.94319339,1798.238024,131.6040784,0.092732145,794,6963.0,2528.0,2762.0,2381.0,1593.0,2109.0,1803.0,upstream,oil,8570,TX,True
United States,USA,"IR_2012-2020_tile_-105,30,-90,45_feature_589_source_2",8572,32.39158884,-101.6481657,0.193873169,0.419760808,1784.016854,131.7043623,0.055709807,671,,,3572.0,3277.0,2291.0,3042.0,2606.0,upstream,oil,8572,TX,False
United States,USA,"IR_2012-2020_tile_-105,30,-90,45_feature_736_source_1",8573,32.25579006,-101.707268,0.01548268,0.04433726,1856.679104,199.9660643,0.02281902,227,,,,3248.0,,3011.0,2571.0,upstream,oil,8573,TX,False
United States,USA,"IR_2012-2020_tile_-105,30,-90,45_feature_1460_source_0",8575,31.64211651,-103.5138705,0.041912025,0.086961404,1842.802326,146.9021047,0.050281637,200,7023.0,,2818.0,,,,,upstream,oil,8575,TX,True
United States,USA,"IR_2012-2020_tile_-105,30,-90,45_feature_1256_source_0",8576,31.80542903,-104.1534466,0.02926021,0.055913529,1839.870504,126.4278356,0.048894024,337,6296.0,2005.0,2172.0,,1112.0,1490.0,1271.0,upstream,oil,8576,TX,True
United States,USA,"IR_2012-2020_tile_-105,30,-90,45_feature_1151_source_0",8578,31.91143641,-102.0759111,0.094615802,0.18178114,1834.922261,147.9529374,0.04861787,399,7980.0,3095.0,3402.0,3064.0,2095.0,2793.0,2353.0,upstream,oil,8578,TX,False
United States,USA,"IR_2012-2020_tile_-105,30,-90,45_feature_1687_source_1",8579,31.42362962,-103.0887014,0.018454342,0.034784609,1858.788732,155.464494,0.022188447,101,,,3095.0,2753.0,,,,upstream,oil,8579,TX,False
United States,USA,"IR_2012-2020_tile_-105,30,-90,45_feature_289_source_0",8581,33.0512835,-102.9075797,0.02510208,0.0531858,1855.491582,159.280434,0.02107201,446,,,,,1927.0,2562.0,2158.0,upstream,oil,8581,TX,False
United States,USA,"IR_2012-2020_tile_-105,30,-90,45_feature_1984_source_0",8583,31.03737455,-101.2876531,0.096079197,0.18108293,1858.476868,158.2912099,0.071943274,424,8406.0,,3735.0,3440.0,2414.0,3212.0,2754.0,upstream,oil,8583,TX,False
United States,USA,"IR_2012-2020_tile_-105,30,-90,45_feature_606_source_1",8584,32.37068113,-101.4550796,0.04825033,0.10474488,1838.204545,131.2591384,0.03421962,428,,,,3377.0,2370.0,3142.0,2689.0,upstream,oil,8584,TX,False
United States,USA,"IR_2012-2020_tile_-105,30,-90,45_feature_844_source_0",8586,32.18369548,-101.4707792,0.062147601,0.140237744,1862.639889,148.9976592,0.042801446,491,,,3665.0,3370.0,2361.0,3133.0,2682.0,upstream,oil,8586,TX,False
United States,USA,"IR_2012-2020_tile_-105,30,-90,45_feature_1083_source_4",8587,31.98702882,-103.7703103,0.041429639,0.069929122,1877.207207,174.0311724,0.03645516,245,,2343.0,2514.0,2122.0,,,,upstream,oil,8587,TX,True
United States,USA,"IR_2012-2020_tile_-105,30,-90,45_feature_1644_source_1",8589,31.49314211,-102.6594979,0.049427037,0.10295506,1902.982609,167.4473821,0.04811565,219,7590.0,,3230.0,,,,2205.0,upstream,oil,8589,TX,False
United States,USA,"IR_2012-2020_tile_-105,30,-90,45_feature_1623_source_0",8590,31.4803765,-103.3611174,0.019744677,0.040057899,1889.285714,166.5137326,0.023747217,129,,,2967.0,2588.0,,2319.0,1971.0,upstream,oil,8590,TX,True
United States,USA,"IR_2012-2020_tile_-105,30,-90,45_feature_1793_source_0",8591,31.28756903,-103.6747534,0.06703692,0.130073628,1802.97,148.5202818,0.045000876,505,,,2608.0,,,1928.0,1644.0,upstream,oil,8591,TX,False
United States,USA,"IR_2012-2020_tile_-105,30,-90,45_feature_1959_source_0",8592,31.07924063,-102.9208509,0.059704048,0.13952384,1860.067416,139.1694705,0.036438026,241,,,,,1926.0,2560.0,,upstream,oil,8592,TX,False
United States,USA,"IR_2012-2020_tile_-105,30,-90,45_feature_787_source_0",8593,32.22378082,-101.7586505,0.034837902,0.064998431,1875.74902,170.9007043,0.04646936,436,,,,3224.0,,2971.0,2532.0,upstream,oil,8593,TX,False
United States,USA,"IR_2012-2020_tile_-105,30,-90,45_feature_1391_source_0",8597,31.67550755,-102.0297273,0.05076597,0.11399995,1879.492308,120.1510105,0.03149205,211,,,3421.0,3092.0,2121.0,2822.0,2382.0,upstream,oil,8597,TX,False
United States,USA,"IR_2012-2020_tile_-105,30,-90,45_feature_730_source_0",8598,32.27670159,-101.5446083,0.053280219,0.102164092,1845.646209,97.85809605,0.025742353,336,,,3618.0,3342.0,2343.0,3101.0,,upstream,oil,8598,TX,False
United States,USA,"IR_2012-2020_tile_-105,30,-90,45_feature_1950_source_0",8599,31.079961,-103.1154078,0.026773146,0.055211896,1845.096491,174.7109126,0.020459841,301,,,,,1852.0,2462.0,,upstream,oil,8599,TX,False
United States,USA,"IR_2012-2020_tile_-105,30,-90,45_feature_262_source_0",8601,33.25461876,-102.8722345,0.001411968,0.002004018,1984.470588,115.3221154,0.011103951,111,,,,2830.0,,,,upstream,oil,8601,TX,False
United States,USA,"IR_2012-2020_tile_-105,30,-90,45_feature_1297_source_1",8602,31.79899056,-102.0054847,0.16093216,0.2959849,1875.232604,132.1163096,0.06335128,667,,,,3108.0,2145.0,2845.0,2393.0,upstream,oil,8602,TX,False
United States,USA,"IR_2012-2020_tile_-105,30,-90,45_feature_1683_source_0",8603,31.41530247,-101.7396263,0.030612442,0.049735339,1909.645161,182.3933623,0.039849884,336,8111.0,,3537.0,3230.0,2252.0,2986.0,2544.0,upstream,oil,8603,TX,False
United States,USA,"IR_2012-2020_tile_-105,30,-90,45_feature_1284_source_0",8604,31.78716934,-104.3717597,0.028427881,0.04739246,1876.429825,133.7191984,0.031016638,309,,,2074.0,1664.0,1053.0,1417.0,,upstream,oil,8604,TX,True
United States,USA,"IR_2012-2020_tile_-105,30,-90,45_feature_1218_source_2",8608,31.92467286,-104.0204739,0.25055027,0.693486,1811.733871,176.7871013,0.17355282,981,6440.0,2110.0,2285.0,1860.0,1205.0,1619.0,1382.0,upstream,oil,8608,TX,True
United States,USA,"IR_2012-2020_tile_-105,30,-90,45_feature_1092_source_1",8609,31.94345236,-103.0518736,0.24055258,0.76177738,1879.403846,163.7694901,0.06903627,205,7401.0,2816.0,3106.0,2763.0,1872.0,2488.0,2096.0,upstream,oil,8609,TX,False
United States,USA,"IR_2012-2020_tile_-105,30,-90,45_feature_1578_source_0",8612,31.51924511,-103.7731158,0.09160381,0.16373207,1891.461735,112.1367995,0.03440231,445,,,,2117.0,1382.0,1824.0,1555.0,upstream,oil,8612,TX,True
United States,USA,"IR_2012-2020_tile_-105,30,-90,45_feature_695_source_0",8613,32.29862706,-101.6286086,0.056821382,0.111841427,1813.449102,141.0014507,0.041983456,439,8160.0,,,3287.0,2302.0,3054.0,,upstream,oil,8613,TX,False
United States,USA,"IR_2012-2020_tile_-105,30,-90,45_feature_1530_source_0",8614,31.564824,-101.6183988,0.188455453,0.431677427,1792.141818,103.5661487,0.048659901,362,8171.0,3206.0,3581.0,3293.0,2308.0,3059.0,,upstream,oil,8614,TX,False
United States,USA,"IR_2012-2020_tile_-105,30,-90,45_feature_1017_source_0",8615,32.01215156,-101.7073167,0.0154951,0.02787357,1909.42623,170.9229007,0.03916015,293,,,,,2270.0,3013.0,2573.0,upstream,oil,8615,TX,False
United States,USA,"IR_2012-2020_tile_-105,30,-90,45_feature_1354_source_3",8617,31.73710353,-104.2278244,0.126641543,0.229302357,1869.0,132.5004127,0.074905398,355,6238.0,1977.0,,1700.0,,,,upstream,oil,8617,TX,True
United States,USA,"IR_2012-2020_tile_-105,30,-90,45_feature_714_source_0",8619,32.27496679,-102.1227907,0.019067034,0.040059577,1860.567568,216.282478,0.030589133,193,,,3383.0,3043.0,,2762.0,,upstream,oil,8619,TX,False
United States,USA,"IR_2012-2020_tile_-105,30,-90,45_feature_1205_source_0",8620,31.86784044,-101.6582018,0.012162574,0.02528213,1822.535354,143.400077,0.01735707,181,,,3569.0,3273.0,,3035.0,2597.0,upstream,oil,8620,TX,False
United States,USA,"IR_2012-2020_tile_-105,30,-90,45_feature_1643_source_0",8621,31.48035056,-101.8346054,0.6324379,1.33645935,1818.939002,113.4609054,0.055951025,739,,,3506.0,3188.0,2206.0,2925.0,2485.0,upstream,oil,8621,TX,False
United States,USA,"IR_2012-2020_tile_-105,30,-90,45_feature_1166_source_0",8622,31.91051957,-101.7802164,0.158166241,0.290443498,1894.038095,127.8798362,0.064237014,761,8095.0,3163.0,,3215.0,2236.0,2961.0,2522.0,upstream,oil,8622,TX,False
United States,USA,"IR_2012-2020_tile_-105,30,-90,45_feature_883_source_0",8624,32.13579016,-101.563832,0.007475375,0.01105445,1997.09434,165.0510229,0.013100335,163,,,,,,,2648.0,upstream,oil,8624,TX,False
United States,USA,"IR_2012-2020_tile_-105,30,-90,45_feature_587_source_0",8625,32.3726508,-101.8359127,0.074977628,0.158476033,1858.121212,182.6808178,0.076837908,788,,,3501.0,3187.0,2205.0,2924.0,2481.0,upstream,oil,8625,TX,False
United States,USA,"IR_2012-2020_tile_-105,30,-90,45_feature_1151_source_1",8626,31.89195051,-102.0736349,0.016929378,0.030512639,1921.12,168.3384654,0.026560222,161,,3096.0,3403.0,3065.0,2101.0,2794.0,,upstream,oil,8626,TX,False
United States,USA,"IR_2012-2020_tile_-105,30,-90,45_feature_1777_source_0",8627,31.29498245,-102.9985221,0.04645767,0.0821324,1832.30117,163.6615212,0.0360802,448,,,,2791.0,1899.0,2523.0,,upstream,oil,8627,TX,False
United States,USA,"IR_2012-2020_tile_-105,30,-90,45_feature_1891_source_0",8629,31.17589898,-101.3216632,0.030593576,0.075276799,1940.023529,151.6271467,0.039723557,367,,,3729.0,3433.0,,3202.0,2744.0,upstream,oil,8629,TX,False
United States,USA,"IR_2012-2020_tile_-105,30,-90,45_feature_1476_source_1",8630,31.61429198,-101.9154072,0.020718186,0.045231711,1798.505208,172.1723639,0.034273307,373,,,,3155.0,,,2446.0,upstream,oil,8630,TX,False
United States,USA,"IR_2012-2020_tile_-105,30,-90,45_feature_1671_source_2",8631,31.44761068,-103.5207695,0.040544298,0.085937686,1847.20354,91.34338202,0.020565418,127,,,2807.0,,,2158.0,1836.0,upstream,oil,8631,TX,True
United States,USA,"IR_2012-2020_tile_-105,30,-90,45_feature_1169_source_0",8632,31.87851696,-103.029027,0.020601985,0.030901832,1949.072727,154.5988186,0.037186429,206,7410.0,2824.0,3113.0,2779.0,,,,upstream,oil,8632,TX,False
United States,USA,"IR_2012-2020_tile_-105,30,-90,45_feature_1418_source_2",8633,31.68555827,-103.2715713,0.013764152,0.026099599,1872.058824,189.413896,0.02316756,197,7306.0,,,2663.0,1790.0,2384.0,2027.0,upstream,oil,8633,TX,False
United States,USA,"IR_2012-2020_tile_-105,30,-90,45_feature_1742_source_0",8634,31.33688549,-103.5697283,0.054723129,0.106551182,1853.449367,166.9848226,0.045862421,291,,2512.0,2724.0,2350.0,1576.0,2080.0,,upstream,oil,8634,TX,True
United States,USA,"IR_2012-2020_tile_-105,30,-90,45_feature_1703_source_0",8635,31.39232705,-103.5422655,0.010470122,0.017504078,1912.513514,150.2057367,0.02153094,162,,2542.0,2763.0,2396.0,,,,upstream,oil,8635,TX,True
United States,USA,"IR_2012-2020_tile_-105,30,-90,45_feature_644_source_1",8636,32.317947,-102.0717991,0.154907178,0.291249983,1843.767986,153.8903718,0.092458498,850,,,3406.0,3070.0,2097.0,2791.0,,upstream,oil,8636,TX,False
United States,USA,"IR_2012-2020_tile_-105,30,-90,45_feature_1701_source_0",8638,31.38440982,-103.7905276,0.06576272,0.14229922,1827.046961,126.3009888,0.03878994,456,,,,,1374.0,1810.0,1549.0,upstream,oil,8638,TX,True
United States,USA,"IR_2012-2020_tile_-105,30,-90,45_feature_1068_source_0",8639,31.99105477,-102.2171805,0.083605906,0.153393097,1831.030675,138.1952217,0.036701224,420,7825.0,,3332.0,,,2707.0,2291.0,upstream,oil,8639,TX,False
United States,USA,"IR_2012-2020_tile_-105,30,-90,45_feature_1235_source_0",8641,31.85046925,-102.6037614,0.029550051,0.047193993,1913.403727,154.9213938,0.034849497,256,7629.0,2943.0,3251.0,2926.0,1990.0,2641.0,,upstream,oil,8641,TX,False
United States,USA,"IR_2012-2020_tile_-105,30,-90,45_feature_1781_source_2",8643,31.30534984,-103.2842087,0.036676958,0.061997997,1865.558824,105.5561159,0.014640062,207,,,,,,2375.0,2021.0,upstream,oil,8643,TX,False
United States,USA,"IR_2012-2020_tile_-105,30,-90,45_feature_1917_source_1",8644,31.12270564,-101.034111,0.035955109,0.052587727,1955.735849,151.5787548,0.049478416,185,,,,3473.0,,,,upstream,oil,8644,TX,False
United States,USA,"IR_2012-2020_tile_-105,30,-90,45_feature_369_source_0",8646,32.67755387,-101.0718975,0.016216547,0.032411529,1888.434783,214.1922797,0.035435314,168,8487.0,3320.0,,,2439.0,3241.0,,upstream,oil,8646,TX,False
United States,USA,"IR_2012-2020_tile_-105,30,-90,45_feature_1036_source_1",8648,31.99516202,-102.0276054,0.0645341,0.17144916,1794.967742,146.9402136,0.0324094,305,,,,3091.0,2126.0,2827.0,2384.0,upstream,oil,8648,TX,False
United States,USA,"IR_2012-2020_tile_-105,30,-90,45_feature_1487_source_1",8651,31.59899256,-103.0193959,0.007491755,0.012896165,1905.397849,165.1602767,0.01402132,147,,,,2780.0,1892.0,2515.0,2120.0,upstream,oil,8651,TX,False
United States,USA,"IR_2012-2020_tile_-105,30,-90,45_feature_1347_source_6",8652,31.71947556,-103.5877687,0.050839679,0.094869674,1864.903226,187.936821,0.06941183,448,6887.0,2490.0,2710.0,,,2043.0,1757.0,upstream,oil,8652,TX,True
United States,USA,"IR_2012-2020_tile_-105,30,-90,45_feature_1332_source_0",8653,31.73906656,-101.6525759,0.041400175,0.07383418,1903.210526,129.2839365,0.029700387,304,,,,3275.0,,,,upstream,oil,8653,TX,False
United States,USA,"IR_2012-2020_tile_-105,30,-90,45_feature_1588_source_0",8654,31.51023557,-101.3349244,0.0807709,0.18472027,1863.402516,155.6009094,0.06937191,528,8383.0,3284.0,,3432.0,2405.0,3198.0,2743.0,upstream,oil,8654,TX,False
United States,USA,"IR_2012-2020_tile_-105,30,-90,45_feature_1525_source_2",8658,31.58130698,-101.6528155,0.164439524,0.304741263,1819.176039,126.7172056,0.065100415,505,,,3570.0,3276.0,,,,upstream,oil,8658,TX,False
United States,USA,"IR_2012-2020_tile_-105,30,-90,45_feature_1275_source_1",8659,31.80502831,-103.2366766,0.19349211,0.5242479,1854.689516,135.0455582,0.03172804,340,,,,2681.0,1806.0,2400.0,2037.0,upstream,oil,8659,TX,False
United States,USA,"IR_2012-2020_tile_-105,30,-90,45_feature_1889_source_0",8660,31.15026644,-103.4894512,0.065565458,0.12251799,1816.421053,154.2298456,0.043866464,401,7069.0,2594.0,2842.0,,1655.0,2182.0,,upstream,oil,8660,TX,False
United States,USA,"IR_2012-2020_tile_-105,30,-90,45_feature_516_source_1",8661,32.45949726,-101.8589483,0.008875165,0.019852811,1884.773438,152.0214939,0.00816055,175,,,,,,,2468.0,upstream,oil,8661,TX,False
United States,USA,"IR_2012-2020_tile_-105,30,-90,45_feature_1874_source_0",8662,31.18027253,-101.1743217,0.17314365,0.38080699,1803.275093,147.6965849,0.08799768,414,8455.0,3308.0,,3457.0,,,,upstream,oil,8662,TX,False
United States,USA,"IR_2012-2020_tile_-105,30,-90,45_feature_1084_source_0",8663,31.95574453,-101.6909596,0.010775534,0.017602134,1934.069767,148.1131553,0.028891622,155,8135.0,3189.0,3553.0,3257.0,,,,upstream,oil,8663,TX,False
United States,USA,"IR_2012-2020_tile_-105,30,-90,45_feature_1687_source_0",8664,31.43616022,-103.1057268,0.052452566,0.099186883,1852.799127,150.5754429,0.046704843,356,,,3084.0,2737.0,1853.0,2463.0,,upstream,oil,8664,TX,False
United States,USA,"IR_2012-2020_tile_-105,30,-90,45_feature_1367_source_2",8665,31.7063031,-104.0857052,0.02247078,0.03366569,1951.1,150.48784,0.031457938,133,6366.0,2055.0,2229.0,,,,,upstream,oil,8665,TX,True
United States,USA,"IR_2012-2020_tile_-105,30,-90,45_feature_872_source_0",8666,32.16176501,-101.3409694,0.00721617,0.0125061,1961.068627,160.3791011,0.0152542,137,,,,,2402.0,3193.0,,upstream,oil,8666,TX,False
United States,USA,"IR_2012-2020_tile_-105,30,-90,45_feature_1453_source_1",8669,31.64139145,-102.0470854,0.04613511,0.08732912,1877.871111,167.5654865,0.06263721,331,7993.0,3100.0,3417.0,3078.0,2110.0,2809.0,2366.0,upstream,oil,8669,TX,False
United States,USA,"IR_2012-2020_tile_-105,30,-90,45_feature_1368_source_2",8670,31.74007423,-101.9938419,0.05918776,0.1293067,1879.894161,163.059793,0.06702689,466,8011.0,3116.0,3449.0,3115.0,2151.0,2853.0,,upstream,oil,8670,TX,False
United States,USA,"IR_2012-2020_tile_-105,30,-90,45_feature_1494_source_0",8672,31.58162865,-104.0292338,0.107639461,0.201055843,1882.753086,151.9377131,0.073410402,484,,2101.0,2273.0,1850.0,1196.0,1600.0,1363.0,upstream,oil,8672,TX,True
United States,USA,"IR_2012-2020_tile_-105,30,-90,45_feature_1013_source_0",8673,32.03121268,-102.1728814,0.074180697,0.1760131,1809.423729,147.1293912,0.058713119,357,7891.0,,,,,2727.0,,upstream,oil,8673,TX,False
United States,USA,"IR_2012-2020_tile_-105,30,-90,45_feature_1490_source_3",8674,31.5783404,-103.8008051,0.07049833,0.13824635,1822.684729,150.0920214,0.04647757,337,6657.0,,2501.0,2090.0,1371.0,1808.0,1546.0,upstream,oil,8674,TX,True
United States,USA,"IR_2012-2020_tile_-105,30,-90,45_feature_1166_source_1",8676,31.88774273,-101.7926575,0.050389027,0.085847323,1880.172308,154.3667197,0.039392797,465,,,,,,2951.0,2512.0,upstream,oil,8676,TX,False
United States,USA,"IR_2012-2020_tile_-105,30,-90,45_feature_1342_source_1",8677,31.72950132,-103.8078257,0.03889315,0.1317673,1752.757143,172.0394004,0.02961761,300,,,2485.0,2084.0,1366.0,1803.0,1540.0,upstream,oil,8677,TX,True
United States,USA,"IR_2012-2020_tile_-105,30,-90,45_feature_1785_source_0",8680,31.29048872,-101.8129181,0.011180111,0.026585272,1825.672131,194.3883827,0.015077585,189,,,,,,,2501.0,upstream,oil,8680,TX,False
United States,USA,"IR_2012-2020_tile_-105,30,-90,45_feature_1322_source_0",8681,31.75142937,-102.9278393,0.025199208,0.038592521,1949.126984,177.6956103,0.044505693,225,7441.0,2849.0,3147.0,,,,,upstream,oil,8681,TX,False
United States,USA,"IR_2012-2020_tile_-105,30,-90,45_feature_1354_source_1",8682,31.72857959,-104.2651591,0.03432678,0.06626057,1838.83,149.1518726,0.021080405,135,,1967.0,,,1066.0,1435.0,,upstream,oil,8682,TX,True
United States,USA,"IR_2012-2020_tile_-105,30,-90,45_feature_2003_source_0",8685,31.01016265,-103.7343759,0.198656528,0.453813287,1788.319865,135.1989258,0.087597958,474,,2371.0,2555.0,,,,,upstream,oil,8685,TX,False
United States,USA,"IR_2012-2020_tile_-105,30,-90,45_feature_1218_source_0",8686,31.93575974,-104.0321666,0.065605427,0.127423391,1858.178484,164.9706796,0.055003902,509,6440.0,2110.0,,,,1592.0,1360.0,upstream,oil,8686,TX,True
United States,USA,"IR_2012-2020_tile_-105,30,-90,45_feature_1490_source_0",8687,31.61876277,-103.825728,0.056503705,0.096518851,1905.146341,147.731006,0.045990963,240,6644.0,2297.0,2470.0,2065.0,,,,upstream,oil,8687,TX,True
United States,USA,"IR_2012-2020_tile_-105,30,-90,45_feature_1431_source_0",8688,31.63611682,-102.3383146,0.037727553,0.091875154,1862.03937,168.4566535,0.031370341,207,7749.0,,3299.0,2969.0,2016.0,2680.0,,upstream,oil,8688,TX,False
United States,USA,"IR_2012-2020_tile_-105,30,-90,45_feature_1160_source_1",8690,31.88140656,-102.718049,0.01264857,0.022046402,1941.652174,187.0855672,0.025915055,155,7536.0,2898.0,3205.0,2868.0,,,,upstream,oil,8690,TX,False
United States,USA,"IR_2012-2020_tile_-105,30,-90,45_feature_539_source_2",8692,32.42522535,-101.3457289,0.021275171,0.040713847,1915.731801,153.4585599,0.028534981,431,,,,3425.0,2401.0,3192.0,2740.0,upstream,oil,8692,TX,False
United States,USA,"IR_2012-2020_tile_-105,30,-90,45_feature_1954_source_0",8693,31.08138904,-101.2495948,0.05274644,0.1097891,1887.111111,163.654457,0.04400694,231,8424.0,,3744.0,3444.0,,3221.0,2761.0,upstream,oil,8693,TX,False
United States,USA,"IR_2012-2020_tile_-105,30,-90,45_feature_1757_source_3",8695,31.34110427,-103.0561503,0.02837525,0.07333601,1786.132867,179.8633995,0.03121267,247,,,3096.0,2762.0,,2493.0,2091.0,upstream,oil,8695,TX,False
United States,USA,"IR_2012-2020_tile_-105,30,-90,45_feature_1623_source_2",8699,31.50625321,-103.3609034,0.01084274,0.020750904,1940.947917,187.0895157,0.026048753,247,7230.0,,,2587.0,,2318.0,1970.0,upstream,oil,8699,TX,True
United States,USA,"IR_2012-2020_tile_-105,30,-90,45_feature_1671_source_1",8703,31.43886554,-103.512524,0.07437496,0.204561233,1848.740072,166.9403067,0.05347464,488,,,2807.0,2440.0,1636.0,2158.0,1836.0,upstream,oil,8703,TX,True
United States,USA,"IR_2012-2020_tile_-105,30,-90,45_feature_1259_source_1",8704,31.84838881,-103.2511406,0.01774404,0.032705734,1955.715736,145.5016542,0.018380012,236,,,,,1800.0,2393.0,,upstream,oil,8704,TX,False
United States,USA,"IR_2012-2020_tile_-105,30,-90,45_feature_1308_source_0",8706,31.7821296,-103.573473,0.23941585,0.48377795,1803.523585,92.92578907,0.047309067,256,6917.0,2502.0,2721.0,,,,,upstream,oil,8706,TX,True
United States,USA,"IR_2012-2020_tile_-105,30,-90,45_feature_1279_source_0",8708,31.79368233,-101.7469547,0.12023702,0.23005888,1858.895722,121.0970457,0.044918,479,,,,,2248.0,2979.0,2538.0,upstream,oil,8708,TX,False
United States,USA,"IR_2012-2020_tile_-105,30,-90,45_feature_1342_source_0",8709,31.72416157,-103.8272195,0.006219806,0.011069291,1940.375,202.2114843,0.012683267,110,6641.0,2282.0,2485.0,,,,,upstream,oil,8709,TX,True
United States,USA,"IR_2012-2020_tile_-105,30,-90,45_feature_1455_source_0",8710,31.61238567,-104.1329756,0.017443689,0.03351828,1856.752475,170.1199871,0.02482255,283,,,,1751.0,1123.0,1504.0,1283.0,upstream,oil,8710,TX,True
United States,USA,"IR_2012-2020_tile_-105,30,-90,45_feature_1547_source_1",8714,31.5669661,-103.1053852,0.010313361,0.018182461,1897.711111,179.2139779,0.022533096,164,,,,2736.0,,,2079.0,upstream,oil,8714,TX,False
United States,USA,"IR_2012-2020_tile_-105,30,-90,45_feature_1771_source_1",8716,31.31173364,-103.710383,0.053217599,0.104329087,1882.857143,179.5927365,0.062681331,415,6751.0,2384.0,2578.0,2166.0,1428.0,1871.0,1599.0,upstream,oil,8716,TX,True
United States,USA,"IR_2012-2020_tile_-105,30,-90,45_feature_1867_source_0",8717,31.20307635,-101.2549296,0.1137737,0.2366381,1819.817416,119.6221712,0.03068298,439,,,,,2419.0,3218.0,2757.0,upstream,oil,8717,TX,False
United States,USA,"IR_2012-2020_tile_-105,30,-90,45_feature_1970_source_2",8718,31.06452599,-103.4652742,0.035228965,0.055006324,1868.9375,188.5154068,0.040148538,313,7100.0,2619.0,2853.0,2492.0,,2214.0,1893.0,upstream,oil,8718,TX,False
United States,USA,"IR_2012-2020_tile_-105,30,-90,45_feature_1673_source_3",8719,31.4400666,-103.4357158,0.14394322,0.285566115,1801.957831,111.3490308,0.062418214,236,7128.0,2647.0,2902.0,,,,,upstream,oil,8719,TX,True
United States,USA,"IR_2012-2020_tile_-105,30,-90,45_feature_1227_source_1",8720,31.87098839,-103.8571271,0.187220166,0.42967954,1798.491579,155.9876292,0.15990774,1383,6609.0,2260.0,2445.0,2028.0,1331.0,1752.0,1495.0,upstream,oil,8720,TX,True
United States,USA,"IR_2012-2020_tile_-105,30,-90,45_feature_1648_source_1",8723,31.44495227,-103.151537,0.005154997,0.00936659,1900.488889,196.7242427,0.010902581,112,,,,,,2445.0,2066.0,upstream,oil,8723,TX,False
United States,USA,"IR_2012-2020_tile_-105,30,-90,45_feature_1122_source_3",8724,31.93755831,-102.6153719,0.21433196,0.5428969,1814.750567,165.5224571,0.14205331,875,7621.0,2939.0,3248.0,2921.0,1987.0,2636.0,2220.0,upstream,oil,8724,TX,False
United States,USA,"IR_2012-2020_tile_-105,30,-90,45_feature_1987_source_0",8726,31.04726569,-103.543538,0.024666159,0.044023097,1889.271739,136.122715,0.0251495,181,,,,2391.0,,,,upstream,oil,8726,TX,False
United States,USA,"IR_2012-2020_tile_-105,30,-90,45_feature_1905_source_0",8728,31.1626514,-103.6064925,0.007708293,0.01357128,2011.578125,208.5513879,0.015229321,125,,,,,,2026.0,,upstream,oil,8728,TX,False
United States,USA,"IR_2012-2020_tile_-105,30,-90,45_feature_1801_source_0",8730,31.26986995,-103.7255947,0.03904556,0.07734914,1864.006645,137.4662506,0.034641955,388,,,,2157.0,,1856.0,1586.0,upstream,oil,8730,TX,False
United States,USA,"IR_2012-2020_tile_-105,30,-90,45_feature_849_source_1",8731,32.17453947,-102.5027184,0.030415237,0.05907515,1888.945946,143.2587804,0.03534512,220,7673.0,2967.0,3275.0,2945.0,2003.0,2661.0,2240.0,upstream,oil,8731,TX,False
United States,USA,"IR_2012-2020_tile_-105,30,-90,45_feature_1441_source_2",8732,31.6393223,-103.6628328,0.037780346,0.075620382,1848.747788,188.5224174,0.073384237,564,,2423.0,2618.0,2218.0,,1956.0,1654.0,upstream,oil,8732,TX,True
United States,USA,"IR_2012-2020_tile_-105,30,-90,45_feature_572_source_1",8733,32.39952633,-101.7141734,0.0746768,0.1589708,1829.276158,165.3799438,0.0783962,853,,,,3245.0,2263.0,3000.0,2564.0,upstream,oil,8733,TX,False
United States,USA,"IR_2012-2020_tile_-105,30,-90,45_feature_846_source_0",8734,32.16615925,-102.1022477,0.017107999,0.024734168,1917.503937,161.0139073,0.021376698,200,,,,3051.0,2082.0,2776.0,2342.0,upstream,oil,8734,TX,False
United States,USA,"IR_2012-2020_tile_-105,30,-90,45_feature_1065_source_0",8735,31.96761753,-103.4916588,0.030975248,0.053913661,1886.965517,176.5666784,0.034224453,159,7084.0,2591.0,2856.0,2460.0,,,,upstream,oil,8735,TX,True
United States,USA,"IR_2012-2020_tile_-105,30,-90,45_feature_1159_source_0",8737,31.89696595,-104.1178943,0.020708557,0.044504722,1868.110497,166.0499125,0.03653881,349,6335.0,2025.0,2194.0,1761.0,1136.0,1521.0,,upstream,oil,8737,TX,True
United States,USA,"IR_2012-2020_tile_-105,30,-90,45_feature_774_source_2",8738,32.24874175,-101.5807349,0.05998763,0.14341772,1808.155844,138.6598487,0.04785924,422,,,3601.0,3323.0,2322.0,3078.0,2641.0,upstream,oil,8738,TX,False
United States,USA,"IR_2012-2020_tile_-105,30,-90,45_feature_1700_source_1",8739,31.39110549,-103.2828894,0.046992949,0.11950336,1836.870588,130.3601607,0.01984421,221,,,,,1786.0,2374.0,2020.0,upstream,oil,8739,TX,False
United States,USA,"IR_2012-2020_tile_-105,30,-90,45_feature_935_source_1",8740,32.09146915,-101.775473,0.052213796,0.101899673,1869.662069,125.9395707,0.018237386,162,,,,,,,2521.0,upstream,oil,8740,TX,False
United States,USA,"IR_2012-2020_tile_-105,30,-90,45_feature_1727_source_7",8746,31.39891711,-103.6575445,0.04749744,0.05758887,1911.399225,169.0708521,0.04436996,320,,,2637.0,2224.0,1474.0,1947.0,1678.0,upstream,oil,8746,TX,True
United States,USA,"IR_2012-2020_tile_-105,30,-90,45_feature_1153_source_0",8748,31.90463739,-103.4415894,0.04001212,0.074322614,1849.772727,152.9077059,0.041613171,172,,2645.0,,,,,,upstream,oil,8748,TX,True
United States,USA,"IR_2012-2020_tile_-105,30,-90,45_feature_1956_source_0",8750,31.08849418,-101.3450142,0.046761176,0.126714675,1846.483871,160.7544453,0.053215242,242,8378.0,,,3427.0,,,,upstream,oil,8750,TX,False
United States,USA,"IR_2012-2020_tile_-105,30,-90,45_feature_1759_source_3",8754,31.31919398,-103.6575601,0.01636451,0.03160405,1881.222222,153.996172,0.01886496,179,,,,2226.0,,,1668.0,upstream,oil,8754,TX,True
United States,USA,"IR_2012-2020_tile_-105,30,-90,45_feature_997_source_0",8756,32.0427835,-101.9713638,0.026833345,0.051345518,1898.739645,144.1101761,0.025606125,273,,,,3133.0,,,,upstream,oil,8756,TX,False
United States,USA,"IR_2012-2020_tile_-105,30,-90,45_feature_1615_source_1",8757,31.49818777,-103.1431628,0.047607159,0.089507014,1844.05036,110.540225,0.018593999,163,,,,,1840.0,2448.0,2071.0,upstream,oil,8757,TX,False
United States,USA,"IR_2012-2020_tile_-105,30,-90,45_feature_1854_source_0",8758,31.20220045,-101.3390894,0.15463139,0.30685734,1859.428973,123.8538007,0.09177049,911,,,3726.0,3428.0,2406.0,3199.0,2742.0,upstream,oil,8758,TX,False
United States,USA,"IR_2012-2020_tile_-105,30,-90,45_feature_1202_source_0",8759,31.84608897,-102.2776536,0.011473979,0.017901648,1899.490196,156.437593,0.018650882,140,7786.0,,3310.0,,2021.0,2690.0,,upstream,oil,8759,TX,False
United States,USA,"IR_2012-2020_tile_-105,30,-90,45_feature_896_source_2",8760,32.13000435,-102.7193169,0.135903877,0.291061385,1796.981481,99.4865505,0.02923192,189,7540.0,,3203.0,2864.0,1959.0,2606.0,,upstream,oil,8760,TX,False
United States,USA,"IR_2012-2020_tile_-105,30,-90,45_feature_1917_source_0",8761,31.12250254,-101.0171183,0.01787436,0.029829713,1912.253333,162.8518421,0.022530694,147,,,,3475.0,2442.0,3245.0,,upstream,oil,8761,TX,False
United States,USA,"IR_2012-2020_tile_-105,30,-90,45_feature_1118_source_1",8764,31.94459176,-102.2631299,0.021200549,0.034394101,1903.703704,137.2607183,0.029333466,135,7794.0,,,,,,,upstream,oil,8764,TX,False
United States,USA,"IR_2012-2020_tile_-105,30,-90,45_feature_1658_source_1",8767,31.44393333,-103.6652758,0.042330361,0.087370861,1865.9375,191.9712721,0.053027593,259,6799.0,2424.0,2615.0,2214.0,,,,upstream,oil,8767,TX,True
United States,USA,"IR_2012-2020_tile_-105,30,-90,45_feature_1634_source_1",8768,31.47572844,-103.6733338,0.0216073,0.03958631,1872.075472,148.3139008,0.01782328,196,,,,2209.0,1461.0,1927.0,1649.0,upstream,oil,8768,TX,True
United States,USA,"IR_2012-2020_tile_-105,30,-90,45_feature_463_source_0",8769,32.5383226,-101.40709,0.028046008,0.050406861,1934.551155,164.7905257,0.044738269,417,,,,3400.0,2386.0,3168.0,,upstream,oil,8769,TX,False
United States,USA,"IR_2012-2020_tile_-105,30,-90,45_feature_1759_source_2",8770,31.33688335,-103.6415594,0.029304787,0.0506775,1908.843902,168.9883097,0.037320874,287,,,,2245.0,,1960.0,1680.0,upstream,oil,8770,TX,True
United States,USA,"IR_2012-2020_tile_-105,30,-90,45_feature_1804_source_0",8771,31.28319958,-103.4263815,0.050213056,0.137242371,1868.784483,156.7521548,0.039366308,213,7154.0,,,2528.0,,,,upstream,oil,8771,TX,False
United States,USA,"IR_2012-2020_tile_-105,30,-90,45_feature_1276_source_0",8772,31.78595748,-103.4192467,0.02170023,0.0448285,1855.049505,195.1174501,0.05626088,376,7159.0,2664.0,2919.0,2530.0,,2269.0,,upstream,oil,8772,TX,True
United States,USA,"IR_2012-2020_tile_-105,30,-90,45_feature_714_source_1",8773,32.27427821,-102.1429011,0.011561202,0.021784065,1889.304878,126.9443597,0.016319473,155,,3068.0,3373.0,3028.0,,2747.0,2321.0,upstream,oil,8773,TX,False
United States,USA,"IR_2012-2020_tile_-105,30,-90,45_feature_1315_source_2",8774,31.75052489,-103.4103551,0.051204068,0.100237624,1898.395522,141.3573865,0.030538653,200,,2679.0,2925.0,2548.0,,,1937.0,upstream,oil,8774,TX,True
United States,USA,"IR_2012-2020_tile_-105,30,-90,45_feature_1098_source_2",8776,31.94305362,-103.9811562,0.033751067,0.072029564,1804.534884,180.0730922,0.039279693,226,,2142.0,2325.0,1898.0,,,1401.0,upstream,oil,8776,TX,True
United States,USA,"IR_2012-2020_tile_-105,30,-90,45_feature_1059_source_0",8777,31.97127445,-104.09148,0.186313704,0.360903365,1852.96463,126.4974945,0.11355809,563,6363.0,2052.0,2222.0,1775.0,,,,upstream,oil,8777,TX,True
United States,USA,"IR_2012-2020_tile_-105,30,-90,45_feature_746_source_0",8778,32.23853277,-102.0467232,0.04770051,0.1197508,1814.606897,158.452573,0.02955832,376,,,,,2108.0,2811.0,2368.0,upstream,oil,8778,TX,False
United States,USA,"IR_2012-2020_tile_-105,30,-90,45_feature_1463_source_0",8779,31.65611731,-102.1105684,0.034389606,0.06025953,1866.672727,127.0203116,0.027796563,221,,,3388.0,3050.0,2080.0,2773.0,,upstream,oil,8779,TX,False
United States,USA,"IR_2012-2020_tile_-105,30,-90,45_feature_1455_source_1",8780,31.62464141,-104.1555977,0.07418365,0.12597148,1824.77821,147.3262923,0.03748029,323,,,2173.0,1737.0,1108.0,1486.0,1268.0,upstream,oil,8780,TX,True
United States,USA,"IR_2012-2020_tile_-105,30,-90,45_feature_482_source_0",8783,32.48656041,-102.1406186,0.057117241,0.14800589,1807.90099,148.9608231,0.03082508,283,,,,,2063.0,2752.0,2322.0,upstream,oil,8783,TX,False
United States,USA,"IR_2012-2020_tile_-105,30,-90,45_feature_1699_source_1",8784,31.38740258,-103.6892742,0.00690768,0.015511383,1834.53012,181.0063127,0.0133247,166,,,,,,,1626.0,upstream,oil,8784,TX,True
United States,USA,"IR_2012-2020_tile_-105,30,-90,45_feature_515_source_0",8785,32.44164367,-102.1854405,0.014084663,0.024126816,1862.085714,141.6023348,0.033111362,188,7873.0,3046.0,,,2042.0,2719.0,,upstream,oil,8785,TX,False
United States,USA,"IR_2012-2020_tile_-105,30,-90,45_feature_1196_source_0",8786,31.87620149,-102.5419468,0.006117466,0.009555694,1971.984127,158.4026908,0.01098151,128,,,,,,2656.0,2235.0,upstream,oil,8786,TX,False
United States,USA,"IR_2012-2020_tile_-105,30,-90,45_feature_284_source_0",8789,33.07983788,-102.7358783,0.045453394,0.14576421,1743.0,197.2381037,0.016086694,115,,,3196.0,2861.0,,,,upstream,oil,8789,TX,False
United States,USA,"IR_2012-2020_tile_-105,30,-90,45_feature_1367_source_0",8791,31.70657055,-104.0506331,0.015860482,0.020439308,1901.048193,176.7149978,0.024307976,236,,,,,,1579.0,1349.0,upstream,oil,8791,TX,True
United States,USA,"IR_2012-2020_tile_-105,30,-90,45_feature_1527_source_1",8794,31.57410838,-103.1977972,0.02579244,0.047528479,1882.375723,157.5949036,0.028272565,261,,,,2700.0,1816.0,2417.0,,upstream,oil,8794,TX,False
United States,USA,"IR_2012-2020_tile_-105,30,-90,45_feature_1758_source_0",8797,31.32420417,-102.5609548,0.028190789,0.06066683,1769.846154,193.4969076,0.03723248,164,7656.0,2959.0,3268.0,,,,,upstream,oil,8797,TX,False
United States,USA,"IR_2012-2020_tile_-105,30,-90,45_feature_1809_source_3",8798,31.25492209,-103.0693059,0.04532812,0.153427786,1769.012422,146.4691258,0.029974952,252,,,,,1864.0,2478.0,2089.0,upstream,oil,8798,TX,False
United States,USA,"IR_2012-2020_tile_-105,30,-90,45_feature_1100_source_0",8799,31.97175285,-102.1596801,0.014614678,0.022170923,1889.321739,193.4974013,0.018394341,183,7905.0,3057.0,3360.0,,2054.0,2735.0,2314.0,upstream,oil,8799,TX,False
United States,USA,"IR_2012-2020_tile_-105,30,-90,45_feature_1675_source_0",8800,31.44361948,-103.6046239,0.057165557,0.102157786,1913.09396,109.5043036,0.038510121,410,6874.0,2475.0,,2303.0,1533.0,2023.0,1740.0,upstream,oil,8800,TX,True
United States,USA,"IR_2012-2020_tile_-105,30,-90,45_feature_1148_source_0",8801,31.90004278,-101.7335635,0.022730516,0.034638951,1929.882353,137.9129659,0.032567841,124,8113.0,3173.0,,,,,,upstream,oil,8801,TX,False
United States,USA,"IR_2012-2020_tile_-105,30,-90,45_feature_1046_source_0",8802,31.98426931,-104.213482,0.09337201,0.181383628,1875.809249,150.8751868,0.074913736,352,6250.0,1988.0,2139.0,,1083.0,1459.0,,upstream,oil,8802,TX,True
United States,USA,"IR_2012-2020_tile_-105,30,-90,45_feature_1242_source_1",8803,31.82223984,-104.2198018,0.030882215,0.062937294,1916.913242,155.9737326,0.044513567,427,6237.0,,,1701.0,1075.0,1453.0,1254.0,upstream,oil,8803,TX,True
United States,USA,"IR_2012-2020_tile_-105,30,-90,45_feature_1605_source_0",8804,31.48800542,-101.665462,0.031569734,0.05491843,1854.917808,152.992054,0.01766295,168,,,3566.0,3270.0,,3032.0,2594.0,upstream,oil,8804,TX,False
United States,USA,"IR_2012-2020_tile_-105,30,-90,45_feature_1432_source_0",8807,31.65449367,-102.1948705,0.02920495,0.07199993,1856.865979,165.147521,0.0273722,169,,3042.0,3345.0,2998.0,2038.0,2716.0,2299.0,upstream,oil,8807,TX,False
United States,USA,"IR_2012-2020_tile_-105,30,-90,45_feature_2011_source_1",8808,31.00087499,-102.8322339,0.012263919,0.023867801,1874.5,137.7243809,0.011821992,121,,,,,1936.0,2574.0,,upstream,oil,8808,TX,False
United States,USA,"IR_2012-2020_tile_-105,30,-90,45_feature_464_source_2",8809,32.51864529,-101.5794718,0.009685566,0.017189684,1969.207547,203.7584918,0.035437927,215,,,,3314.0,,,,upstream,oil,8809,TX,False
United States,USA,"IR_2012-2020_tile_-105,30,-90,45_feature_1763_source_0",8811,31.32242992,-103.0628272,0.055260091,0.165906219,1782.445378,166.9127331,0.037378626,228,,2812.0,3097.0,2757.0,,,,upstream,oil,8811,TX,False
United States,USA,"IR_2012-2020_tile_-105,30,-90,45_feature_989_source_0",8812,32.05118656,-102.7360586,0.01411731,0.030234921,1844.692308,215.7753941,0.024210245,136,7522.0,2889.0,3197.0,2857.0,1955.0,2601.0,,upstream,oil,8812,TX,False
United States,USA,"IR_2012-2020_tile_-105,30,-90,45_feature_1487_source_0",8813,31.58486063,-103.014935,0.009290599,0.016541492,1897.75,155.2123143,0.012038061,124,,,,,1893.0,2516.0,,upstream,oil,8813,TX,False
United States,USA,"IR_2012-2020_tile_-105,30,-90,45_feature_538_source_0",8818,32.43799717,-101.4887255,0.132431477,0.231301467,1890.189824,151.5533503,0.1456945,1362,,,,3361.0,2358.0,3124.0,2676.0,upstream,oil,8818,TX,False
United States,USA,"IR_2012-2020_tile_-105,30,-90,45_feature_1424_source_0",8821,31.65356722,-103.7796645,0.060257174,0.106995946,1839.143443,163.8589705,0.057533308,406,6691.0,2329.0,,2116.0,,1828.0,1563.0,upstream,oil,8821,TX,True
United States,USA,"IR_2012-2020_tile_-105,30,-90,45_feature_811_source_1",8822,32.19168048,-102.4877235,0.057552797,0.090172502,1917.502703,135.0668353,0.04066542,305,7678.0,2969.0,3278.0,2947.0,2005.0,2666.0,,upstream,oil,8822,TX,False
United States,USA,"IR_2012-2020_tile_-105,30,-90,45_feature_1996_source_0",8823,31.02054215,-101.1444559,0.07700256,0.11672075,1907.094276,143.4982298,0.06149625,429,8463.0,3310.0,3755.0,3462.0,2429.0,3232.0,2770.0,upstream,oil,8823,TX,False
United States,USA,"IR_2012-2020_tile_-105,30,-90,45_feature_1336_source_1",8824,31.73365433,-103.6627229,0.63562781,1.48042705,1792.95045,118.2038841,0.19945066,984,6797.0,2420.0,2628.0,2222.0,,1939.0,,upstream,oil,8824,TX,True
United States,USA,"IR_2012-2020_tile_-105,30,-90,45_feature_337_source_1",8825,32.76630368,-102.8204166,0.011170881,0.020218009,1881.526316,167.4933992,0.025446727,106,7468.0,,,,,,,upstream,oil,8825,TX,False
United States,USA,"IR_2012-2020_tile_-105,30,-90,45_feature_621_source_0",8826,32.35372722,-101.8027185,0.014679966,0.02843985,1861.786765,156.4094085,0.01448336,223,,,,3200.0,2221.0,2941.0,2506.0,upstream,oil,8826,TX,False
United States,USA,"IR_2012-2020_tile_-105,30,-90,45_feature_1759_source_5",8830,31.34833316,-103.6796355,0.16905347,0.29679381,1897.591241,148.9352358,0.14481521,946,6789.0,2403.0,2609.0,,1453.0,1917.0,1639.0,upstream,oil,8830,TX,True
United States,USA,"IR_2012-2020_tile_-105,30,-90,45_feature_1341_source_0",8831,31.75064382,-101.7102066,0.098290325,0.171169397,1847.145199,159.161481,0.053122247,510,8125.0,,,3250.0,2264.0,3006.0,,upstream,oil,8831,TX,False
United States,USA,"IR_2012-2020_tile_-105,30,-90,45_feature_1746_source_0",8832,31.37641499,-101.4359241,0.005558163,0.00843014,1984.91954,167.6320696,0.01250841,143,,,,,,3149.0,2698.0,upstream,oil,8832,TX,False
United States,USA,"IR_2012-2020_tile_-105,30,-90,45_feature_1693_source_0",8833,31.40231564,-103.4632023,0.078930359,0.140489768,1896.325581,135.8000361,0.074782771,385,7098.0,2626.0,2878.0,2498.0,,,,upstream,oil,8833,TX,True
United States,USA,"IR_2012-2020_tile_-105,30,-90,45_feature_539_source_0",8834,32.42592837,-101.3625932,0.014011352,0.02538138,1913.7625,159.1547395,0.0276097,175,,,3713.0,3419.0,,3185.0,,upstream,oil,8834,TX,False
United States,USA,"IR_2012-2020_tile_-105,30,-90,45_feature_1174_source_0",8835,31.88202191,-103.41901,0.005373885,0.008998549,1990.555556,167.358527,0.016439545,143,,,,2529.0,,,,upstream,oil,8835,TX,True
United States,USA,"IR_2012-2020_tile_-105,30,-90,45_feature_467_source_0",8836,32.51286581,-102.6089509,0.004963456,0.010187074,1914.066667,203.7218583,0.01594238,88,,,3245.0,2923.0,,,,upstream,oil,8836,TX,False
United States,USA,"IR_2012-2020_tile_-105,30,-90,45_feature_1435_source_0",8837,31.64278924,-103.8007292,0.02872706,0.06004104,1937.613924,146.7338814,0.028791155,218,,2304.0,2481.0,2094.0,1370.0,1807.0,,upstream,oil,8837,TX,True
United States,USA,"IR_2012-2020_tile_-105,30,-90,45_feature_1297_source_0",8838,31.81304422,-102.0249825,0.047822049,0.09610173,1886.756303,151.5526348,0.051937841,237,,,3424.0,3099.0,2130.0,2820.0,2376.0,upstream,oil,8838,TX,False
United States,USA,"IR_2012-2020_tile_-105,30,-90,45_feature_537_source_0",8839,32.45961233,-101.7831067,0.027755809,0.04695532,1903.420849,168.8381273,0.033741594,326,,,,3211.0,2230.0,2954.0,2514.0,upstream,oil,8839,TX,False
United States,USA,"IR_2012-2020_tile_-105,30,-90,45_feature_870_source_0",8840,32.16545109,-102.2245753,1.045251632,2.391917258,1724.106024,116.7929621,0.102379314,541,7826.0,,,,,,,upstream,oil,8840,TX,False
United States,USA,"IR_2012-2020_tile_-105,30,-90,45_feature_266_source_0",8842,33.22110563,-101.2922531,0.002755569,0.004963329,1937.95,218.0262542,0.013274852,91,,,,,,3210.0,2751.0,upstream,oil,8842,TX,False
United States,USA,"IR_2012-2020_tile_-105,30,-90,45_feature_538_source_2",8844,32.46148169,-101.5033943,0.045943629,0.088322881,1893.868852,109.1490897,0.019436421,224,,,,3357.0,2355.0,3122.0,2675.0,upstream,oil,8844,TX,False
United States,USA,"IR_2012-2020_tile_-105,30,-90,45_feature_1865_source_1",8846,31.16321929,-102.9916989,0.004629918,0.00973241,1823.057692,229.4341211,0.009353811,115,,,,,,,,upstream,oil,8846,TX,False
United States,USA,"IR_2012-2020_tile_-105,30,-90,45_feature_1491_source_2",8847,31.60865556,-103.6224301,0.022643128,0.054098591,1849.176471,175.5823036,0.030173604,203,,,2644.0,2273.0,,1982.0,,upstream,oil,8847,TX,True
United States,USA,"IR_2012-2020_tile_-105,30,-90,45_feature_1392_source_0",8848,31.67127186,-103.7658191,0.011107826,0.034539513,1831.139344,190.9653782,0.02524332,246,6697.0,,,,1388.0,1827.0,1562.0,upstream,oil,8848,TX,True
United States,USA,"IR_2012-2020_tile_-105,30,-90,45_feature_1080_source_3",8849,31.97678786,-103.2907991,0.12198738,0.24272392,1877.138577,138.3026392,0.10154736,1005,,,3007.0,2656.0,1777.0,2363.0,2012.0,upstream,oil,8849,TX,False
United States,USA,"IR_2012-2020_tile_-105,30,-90,45_feature_1167_source_0",8851,31.88022318,-104.2227155,0.015337613,0.02594275,1910.32967,144.6026807,0.018985611,155,6246.0,,,,,,1252.0,upstream,oil,8851,TX,True
United States,USA,"IR_2012-2020_tile_-105,30,-90,45_feature_1386_source_2",8853,31.68857366,-103.5019407,0.044162739,0.083896579,1827.9375,166.8203445,0.053592378,232,7049.0,2585.0,2824.0,2473.0,,,,upstream,oil,8853,TX,True
United States,USA,"IR_2012-2020_tile_-105,30,-90,45_feature_1244_source_4",8854,31.85873254,-101.7630535,0.04386726,0.09937108,1862.744186,175.6941175,0.0444492,170,,,3526.0,3217.0,,2962.0,2524.0,upstream,oil,8854,TX,False
United States,USA,"IR_2012-2020_tile_-105,30,-90,45_feature_637_source_1",8855,32.3425514,-101.6405052,0.06153712,0.0909152,1972.142308,135.0264039,0.03498195,344,,,,,2297.0,3049.0,2612.0,upstream,oil,8855,TX,False
United States,USA,"IR_2012-2020_tile_-105,30,-90,45_feature_1331_source_0",8856,31.72715331,-102.6479756,0.007061694,0.01312608,1933.914286,184.8450117,0.018312033,136,,,,,,,2207.0,upstream,oil,8856,TX,False
United States,USA,"IR_2012-2020_tile_-105,30,-90,45_feature_660_source_0",8857,32.31926211,-101.7307745,0.006816236,0.008831596,1950.45,175.5550514,0.008079358,201,,,,,,,2548.0,upstream,oil,8857,TX,False
United States,USA,"IR_2012-2020_tile_-105,30,-90,45_feature_1292_source_0",8858,31.78501063,-103.2629341,0.048124198,0.049138846,1921.988764,119.2944453,0.034348871,327,,,,2667.0,1795.0,2388.0,,upstream,oil,8858,TX,False
United States,USA,"IR_2012-2020_tile_-105,30,-90,45_feature_1037_source_4",8862,31.98602939,-104.0314871,0.067830826,0.15260712,1866.259542,165.1093826,0.05209908,230,6421.0,2094.0,2271.0,1842.0,,,,upstream,oil,8862,TX,True
United States,USA,"IR_2012-2020_tile_-105,30,-90,45_feature_1355_source_0",8863,31.72254618,-102.0757289,0.054550412,0.119319896,1883.543478,163.7310723,0.05946607,419,7977.0,3098.0,3400.0,3066.0,2099.0,2795.0,2354.0,upstream,oil,8863,TX,False
United States,USA,"IR_2012-2020_tile_-105,30,-90,45_feature_1141_source_1",8864,31.93519625,-103.7605606,0.032617049,0.062115021,1861.48,86.91825432,0.026964793,179,,,2520.0,2124.0,,,,upstream,oil,8864,TX,True
United States,USA,"IR_2012-2020_tile_-105,30,-90,45_feature_1354_source_4",8865,31.71456773,-104.2170826,0.014124596,0.02833885,1859.344444,188.0543752,0.02638426,195,,,2131.0,1704.0,1079.0,1456.0,,upstream,oil,8865,TX,True
United States,USA,"IR_2012-2020_tile_-105,30,-90,45_feature_1992_source_3",8866,31.00525701,-103.5571953,0.013413997,0.027719062,1863.160494,143.9000817,0.021899968,273,,,,,,2101.0,1797.0,upstream,oil,8866,TX,False
United States,USA,"IR_2012-2020_tile_-105,30,-90,45_feature_1568_source_3",8867,31.53390423,-102.6926755,0.012950918,0.02161365,1914.654321,183.9823637,0.019546076,131,,,,,1966.0,2610.0,2186.0,upstream,oil,8867,TX,False
United States,USA,"IR_2012-2020_tile_-105,30,-90,45_feature_1138_source_1",8869,31.92428003,-103.2601142,0.0275526,0.0598756,1883.605096,131.0647119,0.01621887,191,,,,,,2386.0,2029.0,upstream,oil,8869,TX,False
United States,USA,"IR_2012-2020_tile_-105,30,-90,45_feature_1163_source_1",8871,31.89859334,-103.6139558,0.005541116,0.009529439,1932.7,147.4093281,0.014672559,144,,,,,1521.0,2010.0,,upstream,oil,8871,TX,True
United States,USA,"IR_2012-2020_tile_-105,30,-90,45_feature_1257_source_4",8872,31.80965275,-104.0782621,0.061847291,0.115054674,1884.698864,161.5335076,0.050073392,263,,2077.0,,1799.0,,,,upstream,oil,8872,TX,True
United States,USA,"IR_2012-2020_tile_-105,30,-90,45_feature_506_source_1",8876,32.44286931,-101.636525,0.04376524,0.08403525,1864.662162,144.4251679,0.04546362,237,,,3577.0,3288.0,,,2614.0,upstream,oil,8876,TX,False
United States,USA,"IR_2012-2020_tile_-105,30,-90,45_feature_730_source_2",8878,32.28283793,-101.5228456,0.048678708,0.09511009,1870.29148,107.1469812,0.028709942,278,,,3627.0,3350.0,2349.0,3111.0,,upstream,oil,8878,TX,False
United States,USA,"IR_2012-2020_tile_-105,30,-90,45_feature_1929_source_0",8880,31.11349798,-103.0167309,0.033744791,0.087586305,1801.028571,141.2219096,0.025635161,277,,,,2784.0,1894.0,2517.0,,upstream,oil,8880,TX,False
United States,USA,"IR_2012-2020_tile_-105,30,-90,45_feature_1706_source_1",8884,31.38008989,-103.482769,0.016341951,0.03111898,1875.826087,130.4398086,0.01671961,208,,,,,1658.0,2185.0,,upstream,oil,8884,TX,True
United States,USA,"IR_2012-2020_tile_-105,30,-90,45_feature_589_source_0",8885,32.37108519,-101.6552925,0.103390376,0.25520564,1831.937037,137.1837093,0.03287231,353,,,3568.0,3274.0,2290.0,3038.0,2600.0,upstream,oil,8885,TX,False
United States,USA,"IR_2012-2020_tile_-105,30,-90,45_feature_1679_source_0",8887,31.41712744,-101.9216271,0.005875045,0.01142478,1832.779412,162.1673832,0.01268571,134,,,3480.0,,,2885.0,2442.0,upstream,oil,8887,TX,False
United States,USA,"IR_2012-2020_tile_-105,30,-90,45_feature_1118_source_0",8888,31.93310226,-102.250777,0.039103129,0.05893691,1828.085366,183.7776494,0.037458105,209,7802.0,3007.0,3317.0,,,,,upstream,oil,8888,TX,False
United States,USA,"IR_2012-2020_tile_-105,30,-90,45_feature_1992_source_8",8890,31.03890611,-103.6132086,0.008625602,0.013807901,1980.653846,162.2461194,0.013755623,160,,,,,,,1728.0,upstream,oil,8890,TX,False
United States,USA,"IR_2012-2020_tile_-105,30,-90,45_feature_1464_source_0",8891,31.61133049,-101.8061689,0.067681082,0.111465424,1896.908815,109.4251248,0.030726859,394,,,,,2224.0,2944.0,2505.0,upstream,oil,8891,TX,False
United States,USA,"IR_2012-2020_tile_-105,30,-90,45_feature_1214_source_0",8893,31.85352349,-104.0917097,0.020184458,0.034387283,1939.913793,155.7561406,0.032147512,129,6354.0,2063.0,,1795.0,,,,upstream,oil,8893,TX,True
United States,USA,"IR_2012-2020_tile_-105,30,-90,45_feature_612_source_0",8894,32.41133507,-102.1466818,0.08465237,0.1645867,1871.43949,110.1539072,0.03873681,378,,,3368.0,3025.0,2056.0,2741.0,2317.0,upstream,oil,8894,TX,False
United States,USA,"IR_2012-2020_tile_-105,30,-90,45_feature_1043_source_0",8895,31.98405851,-104.342424,0.033443253,0.05876163,1878.859375,140.5072137,0.032685011,130,6196.0,1945.0,2077.0,,,,,upstream,oil,8895,TX,True
United States,USA,"IR_2012-2020_tile_-105,30,-90,45_feature_1760_source_2",8897,31.3454674,-103.4799461,0.027079818,0.053016009,1906.423358,153.4184547,0.024096221,229,7099.0,,2850.0,2474.0,1666.0,2195.0,1878.0,upstream,oil,8897,TX,True
United States,USA,"IR_2012-2020_tile_-105,30,-90,45_feature_1308_source_1",8900,31.79720849,-103.5568817,0.070275634,0.144952406,1840.363905,174.1776642,0.06302035,599,6916.0,,2747.0,2362.0,,2104.0,1794.0,upstream,oil,8900,TX,True
United States,USA,"IR_2012-2020_tile_-105,30,-90,45_feature_1162_source_1",8904,31.8704925,-103.7014072,0.016840351,0.030615787,1825.604651,128.0835736,0.037175343,115,,2395.0,2570.0,2169.0,1434.0,1892.0,,upstream,oil,8904,TX,True
United States,USA,"IR_2012-2020_tile_-105,30,-90,45_feature_1117_source_1",8907,31.94268513,-102.5848038,0.028728567,0.04703769,1930.589744,131.5389614,0.03724389,131,7642.0,2953.0,3262.0,2933.0,1995.0,2648.0,,upstream,oil,8907,TX,False
United States,USA,"IR_2012-2020_tile_-105,30,-90,45_feature_1457_source_0",8908,31.62247204,-103.725223,0.054944554,0.11185248,1877.887608,187.0751565,0.061589419,558,6755.0,,2561.0,2162.0,1410.0,1855.0,1584.0,upstream,oil,8908,TX,True
United States,USA,"IR_2012-2020_tile_-105,30,-90,45_feature_1372_source_0",8909,31.700683,-102.3566862,0.056423868,0.154681466,1789.373913,158.0927334,0.047064527,251,7735.0,,3290.0,,,,,upstream,oil,8909,TX,False
United States,USA,"IR_2012-2020_tile_-105,30,-90,45_feature_912_source_0",8910,32.14593808,-101.6925288,0.028093063,0.041633561,1966.764228,83.74604287,0.027667403,166,,,3550.0,3256.0,,3019.0,,upstream,oil,8910,TX,False
United States,USA,"IR_2012-2020_tile_-105,30,-90,45_feature_821_source_0",8911,32.17240655,-101.7331454,0.02473125,0.051424424,1875.87,146.9329544,0.0284819,203,,,3538.0,3234.0,,,2549.0,upstream,oil,8911,TX,False
United States,USA,"IR_2012-2020_tile_-105,30,-90,45_feature_554_source_1",8913,32.4306226,-101.5497277,0.022707603,0.04359729,1892.026144,148.7218287,0.038394386,210,,,,3341.0,2341.0,3099.0,,upstream,oil,8913,TX,False
United States,USA,"IR_2012-2020_tile_-105,30,-90,45_feature_1594_source_1",8914,31.50718388,-101.7152995,0.013231488,0.024522817,1892.40678,145.9500865,0.016423086,133,,,3546.0,3246.0,2262.0,3003.0,,upstream,oil,8914,TX,False
United States,USA,"IR_2012-2020_tile_-105,30,-90,45_feature_1297_source_2",8916,31.80579305,-102.0316825,0.12248716,0.24473829,1887.687414,146.6341,0.10127583,1085,,3108.0,3424.0,3088.0,2120.0,2820.0,2376.0,upstream,oil,8916,TX,False
United States,USA,"IR_2012-2020_tile_-105,30,-90,45_feature_1011_source_0",8919,32.01862432,-101.8002125,0.01615308,0.031873326,1871.446809,142.960711,0.016861095,193,,,,3202.0,2223.0,2945.0,,upstream,oil,8919,TX,False
United States,USA,"IR_2012-2020_tile_-105,30,-90,45_feature_1174_source_2",8920,31.89108351,-103.3752181,0.01038929,0.016850562,1934.1,116.1577519,0.018866788,68,,2691.0,2942.0,2561.0,,,,upstream,oil,8920,TX,True
United States,USA,"IR_2012-2020_tile_-105,30,-90,45_feature_1086_source_3",8922,31.94088492,-104.1003241,0.259305039,0.50961038,1841.897368,113.5391307,0.097740564,500,6346.0,2043.0,2217.0,1776.0,,,,upstream,oil,8922,TX,True
United States,USA,"IR_2012-2020_tile_-105,30,-90,45_feature_644_source_0",8925,32.34398571,-102.0971114,0.076745773,0.150804179,1912.360731,131.646675,0.049184169,541,,,,,2085.0,2779.0,,upstream,oil,8925,TX,False
United States,USA,"IR_2012-2020_tile_-105,30,-90,45_feature_1820_source_1",8926,31.27642623,-103.5707757,0.05441827,0.0954689,1892.272,156.2462864,0.05333846,475,,,2722.0,2344.0,1577.0,2081.0,1778.0,upstream,oil,8926,TX,False
United States,USA,"IR_2012-2020_tile_-105,30,-90,45_feature_1441_source_3",8928,31.6345187,-103.6335954,0.09553028,0.1871285,1847.615658,143.2222036,0.05492512,466,,,2656.0,2257.0,1499.0,1981.0,1691.0,upstream,oil,8928,TX,True
United States,USA,"IR_2012-2020_tile_-105,30,-90,45_feature_1555_source_2",8929,31.56603261,-102.9716824,0.014798917,0.03264324,1876.009615,168.0059806,0.017123155,141,7426.0,2838.0,,2806.0,1911.0,2537.0,2135.0,upstream,oil,8929,TX,False
United States,USA,"IR_2012-2020_tile_-105,30,-90,45_feature_1096_source_2",8930,31.95523689,-103.2662961,0.0658868,0.1115629,1909.78209,175.7434451,0.0984508,513,,,,2664.0,1798.0,2391.0,2033.0,upstream,oil,8930,TX,False
United States,USA,"IR_2012-2020_tile_-105,30,-90,45_feature_616_source_1",8934,32.35439384,-101.9545218,0.083913514,0.169462016,1931.555858,124.5512556,0.065927531,572,,,3468.0,3141.0,2163.0,2868.0,2420.0,upstream,oil,8934,TX,False
United States,USA,"IR_2012-2020_tile_-105,30,-90,45_feature_595_source_2",8936,32.39467159,-102.0140117,0.080614527,0.175256706,1806.435146,152.3434342,0.031994664,315,,,,,2134.0,2834.0,2388.0,upstream,oil,8936,TX,False
United States,USA,"IR_2012-2020_tile_-105,30,-90,45_feature_1468_source_1",8937,31.60802933,-103.7752444,0.009882149,0.017510237,1903.846154,170.6876798,0.018648953,96,6692.0,2330.0,,,,,,upstream,oil,8937,TX,True
United States,USA,"IR_2012-2020_tile_-105,30,-90,45_feature_1999_source_0",8938,31.01554178,-103.2966844,0.016301306,0.027888978,1879.230769,217.9997014,0.023166162,121,7284.0,2745.0,3008.0,,,,,upstream,oil,8938,TX,False
United States,USA,"IR_2012-2020_tile_-105,30,-90,45_feature_1602_source_0",8939,31.51692401,-102.6105564,0.04101084,0.068317667,1884.368421,139.1095958,0.048428576,389,7625.0,2941.0,,,,,2221.0,upstream,oil,8939,TX,False
United States,USA,"IR_2012-2020_tile_-105,30,-90,45_feature_1680_source_0",8940,31.42144026,-103.583057,0.012802365,0.023271838,1869.711111,166.6652163,0.024826905,195,,2495.0,2712.0,,1559.0,2057.0,1764.0,upstream,oil,8940,TX,True
United States,USA,"IR_2012-2020_tile_-105,30,-90,45_feature_637_source_0",8941,32.36182252,-101.6153092,0.147905131,0.3551796,1840.586854,140.8877561,0.049459063,536,,,,,2307.0,3061.0,2623.0,upstream,oil,8941,TX,False
United States,USA,"IR_2012-2020_tile_-105,30,-90,45_feature_605_source_0",8942,32.37573617,-101.9106573,0.066910455,0.172274463,1811.047904,153.876333,0.056261188,308,8043.0,3135.0,3481.0,3160.0,,2891.0,2448.0,upstream,oil,8942,TX,False
United States,USA,"IR_2012-2020_tile_-105,30,-90,45_feature_1083_source_0",8943,31.95780078,-103.7259544,0.14012974,0.30061833,1861.783699,134.9015672,0.0687264,465,,,2558.0,2152.0,1404.0,1852.0,1577.0,upstream,oil,8943,TX,True
United States,USA,"IR_2012-2020_tile_-105,30,-90,45_feature_1362_source_0",8944,31.7087331,-102.1632957,0.047422636,0.11536997,1834.575,137.140783,0.033506169,233,,,,3015.0,2046.0,2736.0,,upstream,oil,8944,TX,False
United States,USA,"IR_2012-2020_tile_-105,30,-90,45_feature_1433_source_0",8945,31.64483275,-101.7670573,3.0435828,7.222402,1784.85504,110.577499,0.13960053,1178,8096.0,3169.0,3529.0,3223.0,2241.0,2967.0,2528.0,upstream,oil,8945,TX,False
United States,USA,"IR_2012-2020_tile_-105,30,-90,45_feature_1244_source_0",8946,31.85191618,-101.8034626,0.376317896,0.789501901,1829.058419,146.2105765,0.056277345,499,8088.0,,3520.0,3204.0,2227.0,2946.0,2504.0,upstream,oil,8946,TX,False
United States,USA,"IR_2012-2020_tile_-105,30,-90,45_feature_1749_source_0",8947,31.3537358,-102.1091298,0.0409141,0.0880291,1863.25,143.3411577,0.023569,284,,,,,2081.0,2774.0,,upstream,oil,8947,TX,False
United States,USA,"IR_2012-2020_tile_-105,30,-90,45_feature_540_source_0",8948,32.42161864,-102.820851,0.032480899,0.055505171,1954.045455,127.7643346,0.045291456,156,7469.0,2873.0,3173.0,2836.0,,,,upstream,oil,8948,TX,False
United States,USA,"IR_2012-2020_tile_-105,30,-90,45_feature_1987_source_2",8949,31.06142524,-103.535923,0.017955654,0.031834676,1888.222222,158.6811112,0.018523952,237,,,,,,2128.0,1819.0,upstream,oil,8949,TX,False
United States,USA,"IR_2012-2020_tile_-105,30,-90,45_feature_454_source_2",8950,32.5427825,-101.5420469,0.030921743,0.041065592,1889.290698,183.4592788,0.05260161,431,,,3616.0,3343.0,2344.0,3103.0,2659.0,upstream,oil,8950,TX,False
United States,USA,"IR_2012-2020_tile_-105,30,-90,45_feature_1417_source_2",8951,31.70435789,-103.7377563,0.067094136,0.159481217,1806.5,134.9715547,0.042126217,244,,2364.0,2546.0,2150.0,1402.0,1848.0,1581.0,upstream,oil,8951,TX,True
United States,USA,"IR_2012-2020_tile_-105,30,-90,45_feature_1383_source_1",8952,31.71915149,-103.6116304,0.027501656,0.050917562,1926.752809,187.2733555,0.025610474,168,6857.0,2463.0,2677.0,2287.0,1530.0,2018.0,,upstream,oil,8952,TX,True
United States,USA,"IR_2012-2020_tile_-105,30,-90,45_feature_702_source_0",8954,32.28368289,-101.7074204,0.015901237,0.030316479,1876.811111,218.3194344,0.017431246,146,8124.0,,,,2269.0,3010.0,,upstream,oil,8954,TX,False
United States,USA,"IR_2012-2020_tile_-105,30,-90,45_feature_764_source_3",8955,32.27034047,-101.768702,0.04714741,0.11874673,1817.508197,177.3035854,0.04019112,336,,,,,2240.0,2965.0,2526.0,upstream,oil,8955,TX,False
United States,USA,"IR_2012-2020_tile_-105,30,-90,45_feature_1036_source_0",8957,32.00932814,-102.0013286,0.01615097,0.028617595,1905.833333,137.4281486,0.021041954,140,,3113.0,,3111.0,,,,upstream,oil,8957,TX,False
United States,USA,"IR_2012-2020_tile_-105,30,-90,45_feature_1653_source_0",8958,31.4428718,-102.4599834,0.060913464,0.15567105,1741.621795,176.9915376,0.028845751,254,7686.0,2975.0,3282.0,2951.0,,2672.0,2247.0,upstream,oil,8958,TX,False
United States,USA,"IR_2012-2020_tile_-105,30,-90,45_feature_1493_source_0",8959,31.58896336,-104.2571519,0.0628204,0.138632,1812.192308,138.0564041,0.0334356,179,,,2112.0,,,,,upstream,oil,8959,TX,True
United States,USA,"IR_2012-2020_tile_-105,30,-90,45_feature_609_source_3",8960,32.35070203,-101.4940492,0.038262036,0.0630897,1886.911348,141.5511684,0.03142104,336,,,3653.0,3360.0,2356.0,3123.0,,upstream,oil,8960,TX,False
United States,USA,"IR_2012-2020_tile_-105,30,-90,45_feature_618_source_0",8961,32.35917068,-101.8749896,0.070926783,0.123760684,1882.594828,144.2728086,0.045283065,449,,,,3173.0,2192.0,2907.0,,upstream,oil,8961,TX,False
United States,USA,"IR_2012-2020_tile_-105,30,-90,45_feature_616_source_2",8962,32.37134549,-101.9471587,0.072378704,0.14211727,1933.88361,154.5390456,0.074168108,617,,,3467.0,3146.0,2168.0,2874.0,2424.0,upstream,oil,8962,TX,False
United States,USA,"IR_2012-2020_tile_-105,30,-90,45_feature_1309_source_4",8963,31.75903004,-104.2024312,0.049611236,0.075303391,1887.153846,148.1329165,0.037820566,179,6258.0,1986.0,2141.0,,,,,upstream,oil,8963,TX,True
United States,USA,"IR_2012-2020_tile_-105,30,-90,45_feature_497_source_0",8964,32.44001527,-101.732426,0.028277439,0.05908821,1817.273224,131.2732173,0.02562573,280,,,,3232.0,2253.0,2987.0,,upstream,oil,8964,TX,False
United States,USA,"IR_2012-2020_tile_-105,30,-90,45_feature_1727_source_8",8965,31.40153823,-103.6399423,0.02077152,0.033670865,1862.676692,165.2825582,0.026692458,180,,,,2238.0,,1972.0,1686.0,upstream,oil,8965,TX,True
United States,USA,"IR_2012-2020_tile_-105,30,-90,45_feature_1525_source_1",8966,31.55934264,-101.6434669,0.082397389,0.182037725,1803.894309,102.9440856,0.031507342,281,,3201.0,3573.0,3281.0,2295.0,3045.0,,upstream,oil,8966,TX,False
United States,USA,"IR_2012-2020_tile_-105,30,-90,45_feature_953_source_0",8968,32.07109321,-102.0462106,0.006788692,0.01742899,1798.092784,179.9741724,0.012968309,159,,,,3076.0,2109.0,2808.0,2369.0,upstream,oil,8968,TX,False
United States,USA,"IR_2012-2020_tile_-105,30,-90,45_feature_1903_source_0",8970,31.14768253,-103.0226441,0.014514427,0.02710638,1865.841837,164.0242655,0.02111694,243,,,,2782.0,,2510.0,2117.0,upstream,oil,8970,TX,False
United States,USA,"IR_2012-2020_tile_-105,30,-90,45_feature_404_source_0",8972,32.63894051,-102.7871886,0.002996753,0.005137718,1934.533333,132.7749307,0.009758696,101,,,,,1945.0,2588.0,,upstream,oil,8972,TX,False
United States,USA,"IR_2012-2020_tile_-105,30,-90,45_feature_1016_source_1",8973,31.99999527,-103.7268772,0.030704039,0.055656648,1937.608,159.5564299,0.047777479,287,6730.0,2368.0,2552.0,,,1841.0,1575.0,upstream,oil,8973,TX,True
United States,USA,"IR_2012-2020_tile_-105,30,-90,45_feature_1673_source_2",8974,31.42043722,-103.4371766,0.050404306,0.088889938,1895.455556,157.7350212,0.066876398,279,7135.0,2651.0,,2516.0,,,,upstream,oil,8974,TX,True
United States,USA,"IR_2012-2020_tile_-105,30,-90,45_feature_1764_source_0",8979,31.31570101,-101.6145494,0.026486662,0.043897896,1921.42236,178.2748119,0.04121214,285,8167.0,3210.0,3584.0,3294.0,2310.0,3062.0,,upstream,oil,8979,TX,False
United States,USA,"IR_2012-2020_tile_-105,30,-90,45_feature_1251_source_3",8980,31.84784813,-103.4821439,0.029625186,0.054518822,1920.924242,144.0592587,0.028442923,94,,2598.0,2849.0,2472.0,,,,upstream,oil,8980,TX,True
United States,USA,"IR_2012-2020_tile_-105,30,-90,45_feature_508_source_0",8981,32.46078965,-101.5494402,0.037196852,0.059256252,1897.935673,150.1823121,0.043812815,291,,,3613.0,3337.0,,3096.0,2656.0,upstream,oil,8981,TX,False
United States,USA,"IR_2012-2020_tile_-105,30,-90,45_feature_1770_source_0",8984,31.29896543,-101.1840293,0.04624282,0.10416517,1816.40796,114.1687358,0.025491271,242,,,,3456.0,2426.0,3228.0,,upstream,oil,8984,TX,False
United States,USA,"IR_2012-2020_tile_-105,30,-90,45_feature_1533_source_0",8988,31.56698928,-101.384825,0.04144366,0.1078335,1844.108434,171.5489799,0.05202165,408,,,3703.0,3411.0,2393.0,3177.0,2724.0,upstream,oil,8988,TX,False
United States,USA,"IR_2012-2020_tile_-105,30,-90,45_feature_1568_source_0",8990,31.52743601,-102.7049368,0.03827712,0.069116988,1847.795322,145.7304617,0.029981408,215,,,,,,2610.0,2186.0,upstream,oil,8990,TX,False
United States,USA,"IR_2012-2020_tile_-105,30,-90,45_feature_1664_source_2",8991,31.44371317,-101.740554,0.026917989,0.038786751,1879.451613,184.8610356,0.012328409,131,8117.0,3177.0,,,,2982.0,2543.0,upstream,oil,8991,TX,False
United States,USA,"IR_2012-2020_tile_-105,30,-90,45_feature_729_source_0",8992,32.27377678,-102.6852011,0.03730506,0.089672142,1853.397163,168.6580274,0.031674174,233,7562.0,2909.0,,2884.0,1970.0,2616.0,,upstream,oil,8992,TX,False
United States,USA,"IR_2012-2020_tile_-105,30,-90,45_feature_1336_source_0",8995,31.75035867,-103.6618966,0.128007883,0.32913423,1857.082734,150.3022027,0.087799875,453,6808.0,2419.0,2628.0,2222.0,1473.0,1945.0,1660.0,upstream,oil,8995,TX,True
United States,USA,"IR_2012-2020_tile_-105,30,-90,45_feature_1569_source_1",8996,31.53038781,-102.0694595,0.016518297,0.027886,1909.403226,140.24914,0.016501397,170,,3102.0,,3071.0,2103.0,2798.0,,upstream,oil,8996,TX,False
United States,USA,"IR_2012-2020_tile_-105,30,-90,45_feature_1259_source_4",8997,31.80978068,-103.2832679,0.030626663,0.060918117,1855.175325,169.9307396,0.033215733,231,,,,2657.0,1784.0,2371.0,,upstream,oil,8997,TX,False
United States,USA,"IR_2012-2020_tile_-105,30,-90,45_feature_1503_source_0",8998,31.57807315,-103.7237642,0.172084929,0.414453486,1786.692308,144.6033908,0.075800239,382,6744.0,2376.0,2560.0,,,,,upstream,oil,8998,TX,True
United States,USA,"IR_2012-2020_tile_-105,30,-90,45_feature_595_source_1",8999,32.37444567,-102.01327,0.094342832,0.25338384,1830.746082,169.3643698,0.070814216,482,8005.0,3110.0,3434.0,3101.0,2135.0,2835.0,,upstream,oil,8999,TX,False
United States,USA,"IR_2012-2020_tile_-105,30,-90,45_feature_626_source_1",9000,32.35407795,-102.2546928,0.041090736,0.122136623,1799.913907,170.8706935,0.036516993,274,,3005.0,3316.0,,2024.0,2694.0,2269.0,upstream,oil,9000,TX,False
United States,USA,"IR_2012-2020_tile_-105,30,-90,45_feature_637_source_2",9006,32.34857515,-101.6233937,0.088685227,0.172651336,1971.849624,127.7818569,0.051568925,400,,,,3289.0,2305.0,3061.0,,upstream,oil,9006,TX,False
United States,USA,"IR_2012-2020_tile_-105,30,-90,45_feature_1775_source_1",9009,31.3132509,-103.6371696,0.06407903,0.12110584,1792.479798,111.3765888,0.0262585,256,,,,2251.0,,1974.0,1687.0,upstream,oil,9009,TX,True
United States,USA,"IR_2012-2020_tile_-105,30,-90,45_feature_717_source_0",9011,32.27854951,-102.0502891,0.028553639,0.065914802,1868.63522,163.4621654,0.017849908,218,,,,,2106.0,2806.0,,upstream,oil,9011,TX,False
United States,USA,"IR_2012-2020_tile_-105,30,-90,45_feature_600_source_0",9012,32.36304346,-102.1288982,0.06305344,0.10915865,1899.280156,126.9042936,0.033710773,361,,,,,2071.0,2761.0,2329.0,upstream,oil,9012,TX,False
United States,USA,"IR_2012-2020_tile_-105,30,-90,45_feature_947_source_0",9013,32.08098031,-102.116705,0.020271696,0.044328547,1821.505618,151.2106295,0.015796054,121,7951.0,,,,,2768.0,2335.0,upstream,oil,9013,TX,False
United States,USA,"IR_2012-2020_tile_-105,30,-90,45_feature_1465_source_0",9014,31.62464718,-103.8704915,0.128895018,0.30469871,1867.566154,175.7057315,0.04485249,433,,,,2017.0,1322.0,1742.0,1482.0,upstream,oil,9014,TX,True
United States,USA,"IR_2012-2020_tile_-105,30,-90,45_feature_1080_source_0",9017,31.94956942,-103.2967968,0.05772631,0.0948494,1872.725352,136.415642,0.0609293,389,7276.0,,3002.0,2647.0,1764.0,2350.0,1999.0,upstream,oil,9017,TX,False
United States,USA,"IR_2012-2020_tile_-105,30,-90,45_feature_1347_source_3",9018,31.75979348,-103.6030673,0.086058309,0.175942117,1817.930233,135.7659972,0.073056339,266,6872.0,2472.0,2680.0,,,,,upstream,oil,9018,TX,True
United States,USA,"IR_2012-2020_tile_-105,30,-90,45_feature_1171_source_0",9020,31.87817707,-104.3101002,0.02231343,0.051839453,1890.230263,162.1682229,0.022454313,279,,,2091.0,1676.0,1060.0,1427.0,1235.0,upstream,oil,9020,TX,True
United States,USA,"IR_2012-2020_tile_-105,30,-90,45_feature_856_source_1",9021,32.17577361,-101.7945245,0.06699946,0.13543115,1813.948529,122.2097594,0.01756193,163,,,,,,2949.0,2511.0,upstream,oil,9021,TX,False
United States,USA,"IR_2012-2020_tile_-105,30,-90,45_feature_1708_source_1",9022,31.39822699,-103.0858285,0.008373875,0.017007055,1845.75,188.3496729,0.013853576,125,,,3089.0,2751.0,1859.0,2471.0,,upstream,oil,9022,TX,False
United States,USA,"IR_2012-2020_tile_-105,30,-90,45_feature_997_source_1",9024,32.04728257,-101.953669,0.0754741,0.14201094,1807.357724,104.7076557,0.02621017,299,,,,3142.0,2165.0,2871.0,,upstream,oil,9024,TX,False
United States,USA,"IR_2012-2020_tile_-105,30,-90,45_feature_743_source_0",9025,32.28639675,-102.2261595,0.039210602,0.077295305,1793.71345,119.0560082,0.014724587,203,,,,2990.0,,2703.0,2283.0,upstream,oil,9025,TX,False
United States,USA,"IR_2012-2020_tile_-105,30,-90,45_feature_1474_source_2",9026,31.62834733,-102.2331304,0.04349333,0.11135387,1819.0,117.4294114,0.02488394,237,7819.0,3015.0,3324.0,2986.0,2029.0,2702.0,2282.0,upstream,oil,9026,TX,False
United States,USA,"IR_2012-2020_tile_-105,30,-90,45_feature_1144_source_3",9028,31.92509402,-103.481629,0.018786352,0.035357243,1916.357143,161.121785,0.017681261,185,7085.0,2597.0,,,1664.0,2189.0,1871.0,upstream,oil,9028,TX,True
United States,USA,"IR_2012-2020_tile_-105,30,-90,45_feature_1968_source_1",9030,31.08423828,-103.3049254,0.04528112,0.10961771,1833.611765,149.4198266,0.031282056,142,7280.0,2740.0,3000.0,2633.0,,,,upstream,oil,9030,TX,False
United States,USA,"IR_2012-2020_tile_-105,30,-90,45_feature_1257_source_2",9031,31.79775528,-104.0489776,0.029992855,0.043976065,1899.011429,146.5458676,0.03502327,232,,2077.0,,1832.0,,,,upstream,oil,9031,TX,True
United States,USA,"IR_2012-2020_tile_-105,30,-90,45_feature_1587_source_0",9033,31.53160428,-101.9965025,0.019628677,0.038934209,1828.864078,151.0272301,0.018154329,152,8008.0,3117.0,,3118.0,2152.0,2854.0,,upstream,oil,9033,TX,False
United States,USA,"IR_2012-2020_tile_-105,30,-90,45_feature_1308_source_2",9034,31.76548006,-103.567285,0.087204293,0.195819942,1844.1875,160.8135819,0.060979321,353,6917.0,2521.0,2721.0,,,2087.0,1783.0,upstream,oil,9034,TX,True
United States,USA,"IR_2012-2020_tile_-105,30,-90,45_feature_798_source_0",9035,32.22582912,-101.7227236,0.032635117,0.047310858,1918.819209,143.122448,0.032607148,244,,,,3242.0,2260.0,2999.0,2558.0,upstream,oil,9035,TX,False
United States,USA,"IR_2012-2020_tile_-105,30,-90,45_feature_574_source_0",9040,32.40474648,-101.3307643,0.012660046,0.022593882,1881.357143,213.281229,0.013333884,130,,,,,2407.0,3200.0,,upstream,oil,9040,TX,False
United States,USA,"IR_2012-2020_tile_-105,30,-90,45_feature_1733_source_0",9041,31.35947432,-101.6154221,0.041630765,0.069292788,1894.19403,152.7693842,0.039985206,184,8172.0,3207.0,,,,,,upstream,oil,9041,TX,False
United States,USA,"IR_2012-2020_tile_-105,30,-90,45_feature_1579_source_0",9046,31.54938717,-103.3440746,0.050653609,0.100739053,1925.121951,161.7976044,0.073050911,556,7238.0,2717.0,2978.0,2605.0,1755.0,2330.0,1982.0,upstream,oil,9046,TX,True
United States,USA,"IR_2012-2020_tile_-105,30,-90,45_feature_896_source_0",9047,32.11716407,-102.7124269,0.087386595,0.21297136,1795.325581,156.4075953,0.040477126,215,7540.0,2900.0,,2872.0,,,,upstream,oil,9047,TX,False
United States,USA,"IR_2012-2020_tile_-105,30,-90,45_feature_603_source_0",9050,32.37340921,-101.364557,0.00346007,0.006665649,1934.777778,159.6284652,0.01012682,97,,,,3420.0,,,,upstream,oil,9050,TX,False
United States,USA,"IR_2012-2020_tile_-105,30,-90,45_feature_1168_source_5",9052,31.9249405,-103.9616278,0.087768743,0.185805319,1795.168,121.778273,0.028257911,176,6498.0,2160.0,2343.0,,,,,upstream,oil,9052,TX,True
United States,USA,"IR_2012-2020_tile_-105,30,-90,45_feature_505_source_1",9053,32.46095587,-102.2159465,0.024141963,0.044199494,1858.064,141.0507281,0.017226558,151,,,,2994.0,2033.0,2709.0,2289.0,upstream,oil,9053,TX,False
United States,USA,"IR_2012-2020_tile_-105,30,-90,45_feature_1329_source_1",9055,31.73990997,-103.8663693,0.046474448,0.097703933,1830.470149,111.5291067,0.023191697,214,,2257.0,2441.0,,,1747.0,1486.0,upstream,oil,9055,TX,True
United States,USA,"IR_2012-2020_tile_-105,30,-90,45_feature_1855_source_2",9056,31.22067941,-103.6016515,0.026035618,0.062525311,1879.91573,170.5333625,0.029491314,287,,,,,,2025.0,1742.0,upstream,oil,9056,TX,False
United States,USA,"IR_2012-2020_tile_-105,30,-90,45_feature_1904_source_0",9057,31.15339752,-101.3418416,0.17961594,0.38331835,1809.973214,129.08901,0.05122353,307,8381.0,3282.0,3725.0,3429.0,2404.0,3196.0,,upstream,oil,9057,TX,False
United States,USA,"IR_2012-2020_tile_-105,30,-90,45_feature_889_source_0",9059,32.15972447,-102.5962185,0.083664931,0.173109075,1839.588761,166.5292521,0.097240299,1050,,,3260.0,2931.0,1993.0,2645.0,2224.0,upstream,oil,9059,TX,False
United States,USA,"IR_2012-2020_tile_-105,30,-90,45_feature_1673_source_1",9060,31.4510239,-103.4417377,0.221250575,0.44263765,1859.358839,125.4615668,0.134626046,609,7128.0,2647.0,2898.0,,,2251.0,,upstream,oil,9060,TX,True
United States,USA,"IR_2012-2020_tile_-105,30,-90,45_feature_929_source_0",9061,32.10212255,-102.1689838,0.036621953,0.06439689,1875.041667,156.4395461,0.042157795,160,,,,,,,,upstream,oil,9061,TX,False
United States,USA,"IR_2012-2020_tile_-105,30,-90,45_feature_1348_source_0",9062,31.75225695,-101.7822942,0.144893451,0.344646237,1816.22619,106.039621,0.048956574,434,8083.0,,3522.0,3212.0,2234.0,2959.0,,upstream,oil,9062,TX,False
United States,USA,"IR_2012-2020_tile_-105,30,-90,45_feature_1070_source_2",9064,31.9860669,-104.1680982,0.10624347,0.23661514,1864.175258,164.8593909,0.078481286,226,6295.0,2009.0,2166.0,1729.0,,,,upstream,oil,9064,TX,True
United States,USA,"IR_2012-2020_tile_-105,30,-90,45_feature_1034_source_1",9065,31.99973655,-104.1269202,0.070741915,0.167253986,1870.602564,182.4783506,0.086794425,635,6318.0,,2193.0,1748.0,,1505.0,1285.0,upstream,oil,9065,TX,True
United States,USA,"IR_2012-2020_tile_-105,30,-90,45_feature_1244_source_5",9066,31.85866139,-101.7922284,0.32680112,0.76025592,1808.978599,142.1381252,0.082705576,677,8088.0,3160.0,3520.0,3204.0,2227.0,2952.0,2518.0,upstream,oil,9066,TX,False
United States,USA,"IR_2012-2020_tile_-105,30,-90,45_feature_729_source_2",9067,32.2732415,-102.7106027,0.008208193,0.016264409,1905.884615,172.5724657,0.016075393,106,7538.0,,,2870.0,,,,upstream,oil,9067,TX,False
United States,USA,"IR_2012-2020_tile_-105,30,-90,45_feature_1070_source_1",9068,31.98413311,-104.1522604,0.218779207,0.519035634,1792.902736,132.9004345,0.106478834,555,6295.0,2009.0,2181.0,,,,,upstream,oil,9068,TX,True
United States,USA,"IR_2012-2020_tile_-105,30,-90,45_feature_612_source_4",9069,32.39513587,-102.1310844,0.06343302,0.09507123,1930.238095,137.5712017,0.04778101,499,7936.0,,,3038.0,2067.0,2758.0,2328.0,upstream,oil,9069,TX,False
United States,USA,"IR_2012-2020_tile_-105,30,-90,45_feature_1553_source_0",9070,31.54834737,-103.6575217,0.016853724,0.032939594,1826.452055,139.7781061,0.009577686,128,,,,,1482.0,1958.0,,upstream,oil,9070,TX,True
United States,USA,"IR_2012-2020_tile_-105,30,-90,45_feature_1235_source_1",9071,31.83412249,-102.6165971,0.017147016,0.032459791,1901.12782,167.6266175,0.023876389,217,,,,2918.0,1985.0,2637.0,,upstream,oil,9071,TX,False
United States,USA,"IR_2012-2020_tile_-105,30,-90,45_feature_1546_source_0",9072,31.53826243,-103.3052432,0.078874078,0.19433306,1813.733696,148.4054733,0.041183444,261,7277.0,,,,1769.0,2353.0,,upstream,oil,9072,TX,True
United States,USA,"IR_2012-2020_tile_-105,30,-90,45_feature_774_source_3",9073,32.2299421,-101.5964944,0.045428263,0.097827229,1875.292763,149.6290473,0.03827328,436,,,,3310.0,2314.0,3068.0,,upstream,oil,9073,TX,False
United States,USA,"IR_2012-2020_tile_-105,30,-90,45_feature_1329_source_6",9077,31.76530948,-103.8254211,0.0855235,0.16918351,1808.14554,177.4836432,0.08444022,353,6640.0,2289.0,2456.0,2063.0,1359.0,1789.0,1528.0,upstream,oil,9077,TX,True
United States,USA,"IR_2012-2020_tile_-105,30,-90,45_feature_764_source_5",9079,32.24581461,-101.8170795,0.024595871,0.04235383,1893.740385,180.4197027,0.028429316,159,,,,3197.0,,,2498.0,upstream,oil,9079,TX,False
United States,USA,"IR_2012-2020_tile_-105,30,-90,45_feature_1652_source_1",9082,31.46613209,-103.3312737,0.045258805,0.088446129,1934.082251,163.9567892,0.091452151,838,,,2983.0,2609.0,1759.0,2338.0,1988.0,upstream,oil,9082,TX,True
United States,USA,"IR_2012-2020_tile_-105,30,-90,45_feature_506_source_4",9083,32.46240344,-101.6044544,0.016157501,0.031989374,1949.348993,131.5433899,0.026761381,216,,,,3303.0,,,,upstream,oil,9083,TX,False
United States,USA,"IR_2012-2020_tile_-105,30,-90,45_feature_691_source_0",9084,32.29498253,-101.4929785,0.009097654,0.015806898,1909.323529,154.7685598,0.015651238,113,,,3654.0,3362.0,2357.0,3125.0,,upstream,oil,9084,TX,False
United States,USA,"IR_2012-2020_tile_-105,30,-90,45_feature_1375_source_2",9085,31.73849886,-103.9227637,0.034060653,0.055495874,1900.208178,157.3324133,0.03829658,355,,,,1953.0,1279.0,1693.0,,upstream,oil,9085,TX,True
United States,USA,"IR_2012-2020_tile_-105,30,-90,45_feature_1362_source_1",9086,31.70959283,-102.1761855,0.091064501,0.209080326,1820.857955,126.0304222,0.020532585,219,,,,3015.0,2046.0,2724.0,2308.0,upstream,oil,9086,TX,False
United States,USA,"IR_2012-2020_tile_-105,30,-90,45_feature_889_source_1",9087,32.14669833,-102.6102202,0.041414568,0.074287688,1902.881818,166.1094782,0.04547923,186,,2940.0,3247.0,2920.0,,,,upstream,oil,9087,TX,False
United States,USA,"IR_2012-2020_tile_-105,30,-90,45_feature_1144_source_2",9090,31.94334549,-103.4544482,0.0363939,0.09967005,1821.957746,187.9669162,0.03848456,176,7115.0,2632.0,2874.0,,,2231.0,1904.0,upstream,oil,9090,TX,True
United States,USA,"IR_2012-2020_tile_-105,30,-90,45_feature_1730_source_0",9091,31.36336858,-103.7280523,0.009819971,0.018037837,1877.298077,185.2951326,0.016002527,169,,,,,,1849.0,1585.0,upstream,oil,9091,TX,True
United States,USA,"IR_2012-2020_tile_-105,30,-90,45_feature_1079_source_6",9094,31.94379585,-103.848034,0.031066584,0.078068337,1889.434524,172.4106269,0.049849661,355,6615.0,2268.0,2447.0,2035.0,,,,upstream,oil,9094,TX,True
United States,USA,"IR_2012-2020_tile_-105,30,-90,45_feature_1633_source_1",9096,31.50004132,-102.1812709,0.024189966,0.04453451,1869.969697,147.2403693,0.02597896,88,7882.0,3048.0,3349.0,3003.0,,,2304.0,upstream,oil,9096,TX,False
United States,USA,"IR_2012-2020_tile_-105,30,-90,45_feature_1120_source_0",9097,31.93351783,-101.6649094,0.09580069,0.20398953,1831.713918,126.6781908,0.04175129,490,,,,3269.0,2287.0,3031.0,2593.0,upstream,oil,9097,TX,False
United States,USA,"IR_2012-2020_tile_-105,30,-90,45_feature_1425_source_1",9099,31.67348657,-101.9463926,0.068135506,0.139164565,1845.137778,136.2256743,0.048225221,285,,3131.0,3476.0,,2169.0,2875.0,2426.0,upstream,oil,9099,TX,False
United States,USA,"IR_2012-2020_tile_-105,30,-90,45_feature_1251_source_0",9100,31.86354988,-103.4799519,0.018302818,0.0389741,1926.685393,180.8975497,0.032831518,261,,,2858.0,,,2193.0,,upstream,oil,9100,TX,True
United States,USA,"IR_2012-2020_tile_-105,30,-90,45_feature_1039_source_0",9101,31.98457784,-104.0691288,0.085755671,0.18200962,1844.306306,141.1397488,0.033584401,250,,,2237.0,1805.0,1162.0,1559.0,,upstream,oil,9101,TX,True
United States,USA,"IR_2012-2020_tile_-105,30,-90,45_feature_1164_source_0",9102,31.87881674,-103.0641705,0.204240548,0.482711733,1810.751825,116.4107031,0.089124688,555,7397.0,2810.0,3098.0,2756.0,1865.0,2480.0,,upstream,oil,9102,TX,False
United States,USA,"IR_2012-2020_tile_-105,30,-90,45_feature_1748_source_0",9105,31.35174534,-103.1558244,0.032130542,0.063089907,1839.633136,155.3786986,0.024813137,231,,,3077.0,2719.0,1833.0,2440.0,2063.0,upstream,oil,9105,TX,False
United States,USA,"IR_2012-2020_tile_-105,30,-90,45_feature_1699_source_0",9106,31.40060368,-103.688587,0.06635133,0.1045676,1901.4,136.7817932,0.05891842,581,,,,2198.0,1444.0,1900.0,1625.0,upstream,oil,9106,TX,True
United States,USA,"IR_2012-2020_tile_-105,30,-90,45_feature_565_source_0",9107,32.41758664,-102.1856119,0.0286682,0.06378955,1912.709677,165.3640221,0.0450824,236,,3047.0,3346.0,3002.0,2044.0,2722.0,,upstream,oil,9107,TX,False
United States,USA,"IR_2012-2020_tile_-105,30,-90,45_feature_464_source_0",9108,32.52728116,-101.6038422,0.003969555,0.008236553,1873.255319,170.0733844,0.010757375,99,,,3591.0,3302.0,,,,upstream,oil,9108,TX,False
United States,USA,"IR_2012-2020_tile_-105,30,-90,45_feature_1897_source_0",9109,31.15042241,-101.022118,0.00528383,0.01036215,1892.27907,210.8535616,0.01268526,99,,,,3474.0,,,,upstream,oil,9109,TX,False
United States,USA,"IR_2012-2020_tile_-105,30,-90,45_feature_1910_source_0",9110,31.14851824,-101.2560268,0.1501893,0.3311218,1760.954545,117.1113407,0.05991653,244,,,,,,,,upstream,oil,9110,TX,False
United States,USA,"IR_2012-2020_tile_-105,30,-90,45_feature_1771_source_3",9112,31.32633374,-103.6899649,0.02532044,0.04435765,1944.288235,154.8694873,0.02590246,211,,,,,1441.0,1901.0,1627.0,upstream,oil,9112,TX,True
United States,USA,"IR_2012-2020_tile_-105,30,-90,45_feature_1462_source_1",9114,31.59797988,-102.9907707,0.027265903,0.042581783,1823.450331,125.7180536,0.017542258,177,7419.0,2833.0,,2797.0,1905.0,2529.0,2130.0,upstream,oil,9114,TX,False
United States,USA,"IR_2012-2020_tile_-105,30,-90,45_feature_1964_source_0",9115,31.08042337,-101.1367654,0.012390195,0.024300719,1834.963636,193.8829979,0.026226101,131,,,,3463.0,,,,upstream,oil,9115,TX,False
United States,USA,"IR_2012-2020_tile_-105,30,-90,45_feature_1520_source_0",9116,31.57343165,-101.5589208,0.04256298,0.0767665,1863.776042,118.2649605,0.02197967,272,,,,,2333.0,3092.0,2653.0,upstream,oil,9116,TX,False
United States,USA,"IR_2012-2020_tile_-105,30,-90,45_feature_1614_source_0",9118,31.4803727,-103.8313114,0.02046871,0.03727134,1856.357664,163.3343147,0.02107361,198,,,,,,1783.0,1522.0,upstream,oil,9118,TX,True
United States,USA,"IR_2012-2020_tile_-105,30,-90,45_feature_1022_source_2",9119,31.9994173,-103.9460785,0.024987482,0.05795545,1875.680851,173.7330866,0.03707875,398,,,,,,1670.0,1424.0,upstream,oil,9119,TX,True
United States,USA,"IR_2012-2020_tile_-105,30,-90,45_feature_828_source_0",9120,32.17853613,-102.2675148,0.376122853,0.82451425,1829.783476,107.912774,0.028859418,394,7787.0,,3311.0,,2022.0,2691.0,2262.0,upstream,oil,9120,TX,False
United States,USA,"IR_2012-2020_tile_-105,30,-90,45_feature_548_source_0",9121,32.43564987,-101.6855137,0.05804293,0.105135138,1809.240385,104.420608,0.022819028,132,,,,3267.0,,,2581.0,upstream,oil,9121,TX,False
United States,USA,"IR_2012-2020_tile_-105,30,-90,45_feature_1080_source_2",9122,31.97391826,-103.3210991,0.011677012,0.017849562,1953.390805,169.5152898,0.018295905,166,,,,,1760.0,2339.0,,upstream,oil,9122,TX,True
United States,USA,"IR_2012-2020_tile_-105,30,-90,45_feature_1928_source_0",9124,31.11167672,-103.5573011,0.013071981,0.023448266,1906.69697,155.2899995,0.033380555,335,,,,2365.0,1591.0,2100.0,1796.0,upstream,oil,9124,TX,False
United States,USA,"IR_2012-2020_tile_-105,30,-90,45_feature_1775_source_0",9125,31.30728034,-103.6250004,0.06569225,0.1074467,1919.425439,145.3373531,0.0384322,283,,,,2275.0,1513.0,1996.0,1687.0,upstream,oil,9125,TX,True
United States,USA,"IR_2012-2020_tile_-105,30,-90,45_feature_990_source_0",9127,32.04837759,-102.7099452,0.026018659,0.045924032,1917.66242,135.8508715,0.031230779,263,7541.0,2901.0,3207.0,2875.0,1962.0,2609.0,,upstream,oil,9127,TX,False
United States,USA,"IR_2012-2020_tile_-105,30,-90,45_feature_1897_source_1",9129,31.15125648,-101.0407938,0.015986188,0.02719396,1887.142857,155.5257706,0.018120576,101,,,3766.0,,2441.0,3244.0,,upstream,oil,9129,TX,False
United States,USA,"IR_2012-2020_tile_-105,30,-90,45_feature_699_source_0",9130,32.29635897,-102.0290985,0.031966511,0.06658164,1860.463277,132.1554471,0.022044068,252,,,,3090.0,2124.0,2825.0,,upstream,oil,9130,TX,False
United States,USA,"IR_2012-2020_tile_-105,30,-90,45_feature_1442_source_1",9131,31.65849924,-103.5431165,0.039258035,0.093068217,1874.019802,185.3127931,0.045218716,230,6955.0,,,2395.0,,,,upstream,oil,9131,TX,True
United States,USA,"IR_2012-2020_tile_-105,30,-90,45_feature_1176_source_0",9135,31.89114229,-102.1669895,0.134419263,0.29680086,1849.713636,137.0782616,0.046065259,294,7902.0,3052.0,3357.0,3010.0,2047.0,2730.0,2310.0,upstream,oil,9135,TX,False
United States,USA,"IR_2012-2020_tile_-105,30,-90,45_feature_670_source_1",9136,32.31110818,-101.8508031,0.031427782,0.071389087,1887.171975,176.8705374,0.035579582,256,8059.0,,,,2201.0,2916.0,2472.0,upstream,oil,9136,TX,False
United States,USA,"IR_2012-2020_tile_-105,30,-90,45_feature_1352_source_0",9140,31.73552956,-102.2807829,0.028993928,0.090143267,1785.203704,150.5128738,0.016747658,151,7781.0,3000.0,3309.0,,,2689.0,2261.0,upstream,oil,9140,TX,False
United States,USA,"IR_2012-2020_tile_-105,30,-90,45_feature_1499_source_0",9141,31.58364122,-101.8064811,0.139672714,0.28600791,1842.743772,108.0995414,0.053554363,680,,,,,2220.0,2940.0,2508.0,upstream,oil,9141,TX,False
United States,USA,"IR_2012-2020_tile_-105,30,-90,45_feature_1259_source_3",9142,31.8620073,-103.2511406,0.02810988,0.04077032,1910.166667,182.8442443,0.0388241,185,,2763.0,3032.0,2673.0,,,,upstream,oil,9142,TX,False
United States,USA,"IR_2012-2020_tile_-105,30,-90,45_feature_394_source_1",9143,32.66201477,-102.7782071,0.011286667,0.018396006,1891.888889,120.5251882,0.024260082,114,7494.0,,3184.0,,,,,upstream,oil,9143,TX,False
United States,USA,"IR_2012-2020_tile_-105,30,-90,45_feature_896_source_1",9144,32.10316228,-102.6946936,0.04895652,0.07844305,1888.435897,146.02332,0.0355993,228,7554.0,2906.0,3212.0,2878.0,1964.0,2611.0,,upstream,oil,9144,TX,False
United States,USA,"IR_2012-2020_tile_-105,30,-90,45_feature_1309_source_1",9145,31.78203401,-104.2017853,0.038981394,0.081715184,1844.266667,172.861666,0.026180737,140,6268.0,1992.0,2150.0,1713.0,,,,upstream,oil,9145,TX,True
United States,USA,"IR_2012-2020_tile_-105,30,-90,45_feature_1394_source_4",9146,31.68260766,-102.1167305,0.061674572,0.101625167,1858.059259,107.4007906,0.025881593,159,,3088.0,3395.0,3047.0,2076.0,2770.0,2338.0,upstream,oil,9146,TX,False
United States,USA,"IR_2012-2020_tile_-105,30,-90,45_feature_1605_source_1",9148,31.49300872,-101.6332972,0.01203862,0.0221274,1881.214286,167.8497111,0.010372405,85,,,,,,,,upstream,oil,9148,TX,False
United States,USA,"IR_2012-2020_tile_-105,30,-90,45_feature_1854_source_1",9149,31.21851227,-101.316313,0.012536046,0.022236358,1909.96,235.0873562,0.024340652,163,8396.0,,,,2412.0,3206.0,,upstream,oil,9149,TX,False
United States,USA,"IR_2012-2020_tile_-105,30,-90,45_feature_1712_source_0",9151,31.37910539,-101.3966544,0.007432365,0.014480147,1843.269231,138.8175498,0.009380701,73,,,,,,,2722.0,upstream,oil,9151,TX,False
United States,USA,"IR_2012-2020_tile_-105,30,-90,45_feature_620_source_0",9153,32.36322694,-102.4035219,0.019356981,0.028958048,1942.041667,150.6429219,0.03057006,141,7715.0,,,,,,,upstream,oil,9153,TX,False
United States,USA,"IR_2012-2020_tile_-105,30,-90,45_feature_1727_source_1",9154,31.37776934,-103.6072146,0.049363441,0.093412172,1856.913907,180.7093433,0.055194774,465,,2479.0,2693.0,,,2024.0,1731.0,upstream,oil,9154,TX,True
United States,USA,"IR_2012-2020_tile_-105,30,-90,45_feature_1840_source_2",9155,31.23036096,-103.3436284,0.015784425,0.0316753,1863.939394,181.7771873,0.026983164,218,7246.0,,,,,2332.0,1983.0,upstream,oil,9155,TX,False
United States,USA,"IR_2012-2020_tile_-105,30,-90,45_feature_1354_source_2",9158,31.73732855,-104.2744432,0.045172799,0.088155992,1848.309091,107.7342194,0.014424035,188,,,,,1066.0,1435.0,1240.0,upstream,oil,9158,TX,True
United States,USA,"IR_2012-2020_tile_-105,30,-90,45_feature_412_source_0",9161,32.62536756,-102.9747768,0.05589244,0.10655243,1912.891566,153.3071971,0.0777166,512,7425.0,2836.0,3132.0,2805.0,,,2134.0,upstream,oil,9161,TX,False
United States,USA,"IR_2012-2020_tile_-105,30,-90,45_feature_1844_source_0",9162,31.21437865,-103.8973164,0.408344775,0.83641832,1821.66899,128.9631332,0.065117659,362,,2220.0,2414.0,1991.0,,,,upstream,oil,9162,TX,False
United States,USA,"IR_2012-2020_tile_-105,30,-90,45_feature_1623_source_1",9163,31.4721853,-103.3747443,0.027448288,0.056037924,1864.338028,170.6431037,0.025415569,263,,,2967.0,2578.0,1741.0,2307.0,1963.0,upstream,oil,9163,TX,True
United States,USA,"IR_2012-2020_tile_-105,30,-90,45_feature_1571_source_0",9164,31.55444009,-101.3335787,0.068911654,0.13796754,1819.987805,168.2215977,0.072972895,519,8389.0,3283.0,3728.0,3431.0,2408.0,3201.0,,upstream,oil,9164,TX,False
United States,USA,"IR_2012-2020_tile_-105,30,-90,45_feature_1014_source_0",9165,32.01570109,-101.2786446,0.05669544,0.124337096,1824.168675,160.6427466,0.018394986,154,8412.0,3296.0,,3442.0,,3214.0,,upstream,oil,9165,TX,False
United States,USA,"IR_2012-2020_tile_-105,30,-90,45_feature_1531_source_0",9166,31.57285865,-103.8863524,0.018340611,0.04347622,1836.542056,158.98441,0.020732387,151,,2241.0,,,,1728.0,1474.0,upstream,oil,9166,TX,True
United States,USA,"IR_2012-2020_tile_-105,30,-90,45_feature_1333_source_0",9168,31.73410697,-104.1916789,0.108811518,0.21099438,1890.438235,144.7742228,0.07835032,476,6272.0,1994.0,2156.0,1714.0,1095.0,1468.0,1260.0,upstream,oil,9168,TX,True
United States,USA,"IR_2012-2020_tile_-105,30,-90,45_feature_644_source_2",9170,32.32709519,-102.091036,0.028153472,0.053801254,1943.132231,136.5011393,0.032683496,206,,,3396.0,3058.0,2089.0,2785.0,,upstream,oil,9170,TX,False
United States,USA,"IR_2012-2020_tile_-105,30,-90,45_feature_1875_source_0",9171,31.17089964,-103.2174876,0.022426774,0.04960094,1800.221519,143.4784253,0.01464921,179,,,,,1813.0,2413.0,,upstream,oil,9171,TX,False
United States,USA,"IR_2012-2020_tile_-105,30,-90,45_feature_822_source_0",9172,32.18363257,-101.5737834,0.025658835,0.050849931,1847.114943,200.4547374,0.020967831,126,,,3605.0,3325.0,2329.0,3088.0,2647.0,upstream,oil,9172,TX,False
United States,USA,"IR_2012-2020_tile_-105,30,-90,45_feature_1056_source_0",9175,31.98697075,-101.8099135,0.027269057,0.05427124,1848.304762,142.5104924,0.022862667,266,,,,,2218.0,2938.0,,upstream,oil,9175,TX,False
United States,USA,"IR_2012-2020_tile_-105,30,-90,45_feature_1046_source_1",9176,31.97216696,-104.2190361,0.028544298,0.048535155,1916.520408,171.5100538,0.029235404,174,6250.0,,2132.0,,1074.0,1451.0,,upstream,oil,9176,TX,True
United States,USA,"IR_2012-2020_tile_-105,30,-90,45_feature_1368_source_4",9178,31.73558209,-102.0092547,0.036907511,0.05205536,1878.413793,194.664731,0.040145224,269,8011.0,3116.0,,3115.0,2141.0,2840.0,2391.0,upstream,oil,9178,TX,False
United States,USA,"IR_2012-2020_tile_-105,30,-90,45_feature_1761_source_0",9179,31.32176949,-103.6006608,0.079541836,0.17978694,1817.361538,127.722536,0.04165272,188,,,2694.0,2312.0,,2019.0,1741.0,upstream,oil,9179,TX,True
United States,USA,"IR_2012-2020_tile_-105,30,-90,45_feature_539_source_3",9180,32.4243873,-101.3166394,0.02164605,0.03637009,1856.19837,151.7340218,0.03122594,499,,,,,,3203.0,2745.0,upstream,oil,9180,TX,False
United States,USA,"IR_2012-2020_tile_-105,30,-90,45_feature_479_source_3",9181,32.51084018,-101.5222351,0.001343881,0.002208236,1979.4,116.1384519,0.00725051,83,,,,,,,,upstream,oil,9181,TX,False
United States,USA,"IR_2012-2020_tile_-105,30,-90,45_feature_1150_source_4",9182,31.88961302,-103.5327336,0.02328998,0.04189801,1926.87156,174.3851638,0.02175323,171,,2566.0,2781.0,2417.0,,2131.0,1826.0,upstream,oil,9182,TX,True
United States,USA,"IR_2012-2020_tile_-105,30,-90,45_feature_573_source_3",9183,32.39189245,-101.5694184,0.017402757,0.03058471,1921.191489,146.7879696,0.03412724,253,,,3606.0,3327.0,2325.0,3083.0,,upstream,oil,9183,TX,False
United States,USA,"IR_2012-2020_tile_-105,30,-90,45_feature_1152_source_2",9185,31.91451861,-101.9267624,0.020280807,0.04339583,1923.09434,161.1113445,0.028150388,232,,,,,2176.0,2882.0,,upstream,oil,9185,TX,False
United States,USA,"IR_2012-2020_tile_-105,30,-90,45_feature_2012_source_0",9191,31.02253672,-101.1742629,0.088660935,0.143621941,1925.487973,164.6556409,0.086061399,508,8456.0,,3753.0,3458.0,2427.0,3229.0,2767.0,upstream,oil,9191,TX,False
United States,USA,"IR_2012-2020_tile_-105,30,-90,45_feature_1358_source_0",9194,31.72800907,-101.5471327,0.022659995,0.06025358,1800.46,167.4274223,0.021770353,197,,,,,2340.0,3102.0,,upstream,oil,9194,TX,False
United States,USA,"IR_2012-2020_tile_-105,30,-90,45_feature_1529_source_1",9195,31.55589042,-103.3931393,0.094407596,0.180237287,1881.466125,99.5922558,0.038797329,432,,,,,1728.0,2287.0,1945.0,upstream,oil,9195,TX,True
United States,USA,"IR_2012-2020_tile_-105,30,-90,45_feature_612_source_1",9197,32.3778413,-102.1661813,0.034294204,0.048068981,1992.230769,211.7677079,0.054050438,162,7900.0,,,,,,,upstream,oil,9197,TX,False
United States,USA,"IR_2012-2020_tile_-105,30,-90,45_feature_1310_source_2",9198,31.73656161,-103.5015455,0.012236638,0.023684185,1858.155039,162.1051649,0.025896652,248,,,2823.0,,1644.0,2170.0,1855.0,upstream,oil,9198,TX,True
United States,USA,"IR_2012-2020_tile_-105,30,-90,45_feature_960_source_0",9200,32.07177511,-101.6266516,0.013012466,0.022986258,1938.9,233.4058483,0.025289896,95,8165.0,,,,,,,upstream,oil,9200,TX,False
United States,USA,"IR_2012-2020_tile_-105,30,-90,45_feature_660_source_1",9201,32.32679736,-101.7165035,0.035820994,0.062632382,1835.873737,137.4738146,0.025965132,269,,,,,,3001.0,2557.0,upstream,oil,9201,TX,False
United States,USA,"IR_2012-2020_tile_-105,30,-90,45_feature_1906_source_0",9202,31.18436705,-103.5582582,0.038186402,0.067301029,1936.66369,166.1459216,0.038508849,474,6931.0,,,2364.0,1595.0,2106.0,1795.0,upstream,oil,9202,TX,False
United States,USA,"IR_2012-2020_tile_-105,30,-90,45_feature_1046_source_2",9204,31.96974822,-104.1968604,0.06855379,0.10228065,1867.568182,154.6739088,0.048578985,218,6264.0,,,,,,,upstream,oil,9204,TX,True
United States,USA,"IR_2012-2020_tile_-105,30,-90,45_feature_1613_source_1",9205,31.46538502,-101.4180493,0.006484389,0.011762864,1895.040816,141.6349085,0.015881556,78,,,,3396.0,2381.0,3162.0,,upstream,oil,9205,TX,False
United States,USA,"IR_2012-2020_tile_-105,30,-90,45_feature_1162_source_3",9210,31.89149128,-103.7542937,0.066581873,0.16532964,1860.064706,160.8255227,0.05190911,333,,2344.0,2527.0,2133.0,,,1569.0,upstream,oil,9210,TX,True
United States,USA,"IR_2012-2020_tile_-105,30,-90,45_feature_1282_source_2",9211,31.76673137,-103.4434905,0.030023091,0.06134543,1905.666667,174.2717887,0.05667225,501,,2643.0,2895.0,,1697.0,2249.0,1915.0,upstream,oil,9211,TX,True
United States,USA,"IR_2012-2020_tile_-105,30,-90,45_feature_1156_source_0",9212,31.8981405,-103.1405513,0.013811424,0.02584527,1879.035398,158.9981872,0.015972394,160,,,3076.0,2725.0,,2449.0,2069.0,upstream,oil,9212,TX,False
United States,USA,"IR_2012-2020_tile_-105,30,-90,45_feature_292_source_0",9214,33.02819327,-102.8264084,0.016264025,0.056693818,1613.821429,233.5254733,0.015072254,163,,2870.0,3168.0,,,2575.0,,upstream,oil,9214,TX,False
United States,USA,"IR_2012-2020_tile_-105,30,-90,45_feature_1818_source_0",9215,31.24146155,-101.1618068,0.029394151,0.053962929,1844.041667,145.6277301,0.020227472,148,,,3754.0,3461.0,,,,upstream,oil,9215,TX,False
United States,USA,"IR_2012-2020_tile_-105,30,-90,45_feature_557_source_0",9216,32.40064799,-102.8139233,0.012302088,0.019259767,1937.644068,165.3102643,0.027186738,142,7475.0,2874.0,3181.0,2837.0,1939.0,2579.0,,upstream,oil,9216,TX,False
United States,USA,"IR_2012-2020_tile_-105,30,-90,45_feature_1217_source_1",9217,31.84632066,-102.0196306,0.197872893,0.5454157,1813.13941,146.3989074,0.058894104,484,8003.0,3111.0,3431.0,,2127.0,2831.0,2385.0,upstream,oil,9217,TX,False
United States,USA,"IR_2012-2020_tile_-105,30,-90,45_feature_1947_source_0",9219,31.12051354,-102.9711618,0.010643056,0.022646446,1830.769231,170.188911,0.012510153,158,,,,,1913.0,2541.0,2138.0,upstream,oil,9219,TX,False
United States,USA,"IR_2012-2020_tile_-105,30,-90,45_feature_1927_source_1",9220,31.12031761,-103.6287095,0.009172355,0.016569983,1879.446602,178.6629265,0.024776685,208,,,,,1508.0,1985.0,,upstream,oil,9220,TX,False
United States,USA,"IR_2012-2020_tile_-105,30,-90,45_feature_497_source_3",9222,32.43981474,-101.7060318,0.089536482,0.16333017,1834.278571,130.3123209,0.042949378,511,,,,3251.0,2268.0,3009.0,2570.0,upstream,oil,9222,TX,False
United States,USA,"IR_2012-2020_tile_-105,30,-90,45_feature_1337_source_0",9223,31.75838255,-102.287362,0.049099238,0.10795416,1822.669565,146.3449601,0.019689669,155,7776.0,2998.0,3307.0,2975.0,2020.0,2687.0,,upstream,oil,9223,TX,False
United States,USA,"IR_2012-2020_tile_-105,30,-90,45_feature_1695_source_0",9224,31.40471101,-102.1668292,0.01685959,0.033456429,1916.84127,173.767287,0.02830979,232,7903.0,3055.0,3362.0,3017.0,,2729.0,2311.0,upstream,oil,9224,TX,False
United States,USA,"IR_2012-2020_tile_-105,30,-90,45_feature_1081_source_0",9225,31.95290836,-101.9572737,0.098193677,0.259983018,1879.48503,157.4365134,0.049408079,479,,,,,2166.0,2870.0,2421.0,upstream,oil,9225,TX,False
United States,USA,"IR_2012-2020_tile_-105,30,-90,45_feature_1548_source_0",9227,31.53510621,-102.1543197,0.021727138,0.04022251,1887.257143,105.8235754,0.017033019,153,7912.0,3062.0,,3021.0,2055.0,2740.0,,upstream,oil,9227,TX,False
United States,USA,"IR_2012-2020_tile_-105,30,-90,45_feature_1467_source_0",9228,31.6035864,-101.9662722,0.035910797,0.077498843,1834.110236,157.1434586,0.032083156,231,,,3460.0,3137.0,,,,upstream,oil,9228,TX,False
United States,USA,"IR_2012-2020_tile_-105,30,-90,45_feature_1454_source_0",9230,31.63875743,-101.6535864,0.181119567,0.455304611,1815.821429,155.7349061,0.018896568,277,,,,,,3041.0,2605.0,upstream,oil,9230,TX,False
United States,USA,"IR_2012-2020_tile_-105,30,-90,45_feature_1070_source_0",9232,31.97063976,-104.1740991,0.052422325,0.111238181,1784.59375,111.735698,0.029158048,78,6282.0,,,,,,,upstream,oil,9232,TX,True
United States,USA,"IR_2012-2020_tile_-105,30,-90,45_feature_1551_source_0",9234,31.54016002,-101.5056161,0.023615885,0.049161517,1881.109489,166.465826,0.01574744,205,,,,,,3120.0,2674.0,upstream,oil,9234,TX,False
United States,USA,"IR_2012-2020_tile_-105,30,-90,45_feature_1651_source_0",9235,31.4567603,-101.9008369,0.014357251,0.020857672,1933.507353,141.4790047,0.017715195,193,,,,3167.0,2184.0,2896.0,2452.0,upstream,oil,9235,TX,False
United States,USA,"IR_2012-2020_tile_-105,30,-90,45_feature_1442_source_0",9238,31.6777833,-103.546506,0.048204138,0.10881369,1773.289157,153.8942314,0.032783195,152,6954.0,,,,,,,upstream,oil,9238,TX,True
United States,USA,"IR_2012-2020_tile_-105,30,-90,45_feature_1679_source_1",9239,31.40016586,-101.9255302,0.006401294,0.010336412,1931.609756,141.9075408,0.011787813,77,,,,,,,2436.0,upstream,oil,9239,TX,False
United States,USA,"IR_2012-2020_tile_-105,30,-90,45_feature_1627_source_1",9240,31.48683274,-101.5410526,0.04264884,0.079274185,1844.19863,118.6202424,0.01229914,183,,,,,,3105.0,2661.0,upstream,oil,9240,TX,False
United States,USA,"IR_2012-2020_tile_-105,30,-90,45_feature_293_source_1",9241,33.00428742,-102.8740735,0.008132171,0.016100319,1836.5,202.1771088,0.021285369,127,7454.0,2860.0,,,,,,upstream,oil,9241,TX,False
United States,USA,"IR_2012-2020_tile_-105,30,-90,45_feature_1781_source_0",9242,31.31528672,-103.302839,0.040912935,0.061961758,1922.015789,165.1925026,0.058355757,367,7279.0,2739.0,,2640.0,1771.0,2354.0,2003.0,upstream,oil,9242,TX,True
United States,USA,"IR_2012-2020_tile_-105,30,-90,45_feature_1157_source_0",9243,31.8925857,-104.1879782,0.021438793,0.037986748,1913.650794,150.4339921,0.03582998,263,6271.0,,2159.0,1716.0,,,,upstream,oil,9243,TX,True
United States,USA,"IR_2012-2020_tile_-105,30,-90,45_feature_626_source_0",9245,32.36203252,-102.2343574,0.106298673,0.219838207,1872.293023,168.955733,0.12188215,596,7813.0,,3325.0,2984.0,,2701.0,2280.0,upstream,oil,9245,TX,False
United States,USA,"IR_2012-2020_tile_-105,30,-90,45_feature_1509_source_0",9247,31.57622211,-103.0765712,0.01577125,0.02679347,1903.447761,125.4290289,0.02244075,175,,,,2752.0,1862.0,2476.0,,upstream,oil,9247,TX,False
United States,USA,"IR_2012-2020_tile_-105,30,-90,45_feature_1169_source_2",9248,31.88546996,-103.0025649,0.021548166,0.032585153,1935.701493,186.3650738,0.034918854,218,,2829.0,3121.0,,,,,upstream,oil,9248,TX,False
United States,USA,"IR_2012-2020_tile_-105,30,-90,45_feature_1120_source_1",9250,31.92505024,-101.6418681,0.015369,0.02782882,1885.545455,184.1936055,0.0170858,168,,,,3280.0,2298.0,3050.0,,upstream,oil,9250,TX,False
United States,USA,"IR_2012-2020_tile_-105,30,-90,45_feature_850_source_0",9251,32.16748278,-102.0420202,0.023212793,0.039466138,1877.748634,167.9889477,0.03107002,283,,,3418.0,3079.0,2112.0,2815.0,2372.0,upstream,oil,9251,TX,False
United States,USA,"IR_2012-2020_tile_-105,30,-90,45_feature_1547_source_3",9253,31.59596467,-103.1122236,0.04402361,0.085519719,1869.774648,154.7201803,0.036674365,272,,,,2733.0,,,,upstream,oil,9253,TX,False
United States,USA,"IR_2012-2020_tile_-105,30,-90,45_feature_1319_source_0",9254,31.75747412,-104.1503658,0.036920603,0.057996847,1918.345992,121.4306009,0.023753294,285,6309.0,,,,1114.0,1492.0,,upstream,oil,9254,TX,True
United States,USA,"IR_2012-2020_tile_-105,30,-90,45_feature_1071_source_0",9256,31.96388274,-102.5999043,0.234776844,0.6306173,1821.102041,118.945808,0.030695946,254,7634.0,2946.0,3255.0,2927.0,1994.0,2646.0,2225.0,upstream,oil,9256,TX,False
United States,USA,"IR_2012-2020_tile_-105,30,-90,45_feature_412_source_1",9257,32.62705042,-102.9959272,0.014666434,0.023912412,1908.652174,104.9718839,0.021150108,93,7414.0,,3123.0,,,,,upstream,oil,9257,TX,False
United States,USA,"IR_2012-2020_tile_-105,30,-90,45_feature_1314_source_0",9258,31.76908612,-101.7319631,0.136345879,0.258517197,1916.83642,131.3871662,0.049942679,461,8116.0,3176.0,3539.0,3235.0,2254.0,2989.0,,upstream,oil,9258,TX,False
United States,USA,"IR_2012-2020_tile_-105,30,-90,45_feature_1532_source_0",9263,31.55875379,-102.4765923,0.004281075,0.006831096,1997.5625,156.7354334,0.0116391,82,,2972.0,3279.0,,,,,upstream,oil,9263,TX,False
United States,USA,"IR_2012-2020_tile_-105,30,-90,45_feature_497_source_2",9264,32.46904108,-101.7400178,0.044844747,0.111839606,1940.187919,127.1563731,0.030987709,183,,,,3237.0,,2980.0,2534.0,upstream,oil,9264,TX,False
United States,USA,"IR_2012-2020_tile_-105,30,-90,45_feature_1627_source_2",9265,31.50026968,-101.5536362,0.033507189,0.064890875,1826.564516,121.12099,0.015314163,164,,,,,2337.0,3093.0,2655.0,upstream,oil,9265,TX,False
United States,USA,"IR_2012-2020_tile_-105,30,-90,45_feature_548_source_2",9266,32.4182164,-101.6680837,0.059266251,0.129141101,1815.61039,132.9848628,0.02509815,305,,,,,2286.0,3030.0,2590.0,upstream,oil,9266,TX,False
United States,USA,"IR_2012-2020_tile_-105,30,-90,45_feature_537_source_2",9267,32.44297478,-101.806615,0.012621387,0.021274158,1828.541667,165.3922474,0.012845938,178,,,,,,,2499.0,upstream,oil,9267,TX,False
United States,USA,"IR_2012-2020_tile_-105,30,-90,45_feature_1101_source_0",9268,31.93853742,-102.1547842,0.009779244,0.016156358,1924.615385,193.0143631,0.016544064,83,7916.0,3064.0,3365.0,,,,,upstream,oil,9268,TX,False
United States,USA,"IR_2012-2020_tile_-105,30,-90,45_feature_1255_source_2",9271,31.82126965,-103.3438126,0.005697943,0.008233873,1961.727273,74.25519989,0.013790057,61,7240.0,2716.0,,,,,,upstream,oil,9271,TX,True
United States,USA,"IR_2012-2020_tile_-105,30,-90,45_feature_1211_source_0",9272,31.85611891,-103.5528503,0.061967347,0.108075918,1878.566667,141.4459104,0.027514785,210,6953.0,,,,,2103.0,1801.0,upstream,oil,9272,TX,True
United States,USA,"IR_2012-2020_tile_-105,30,-90,45_feature_1810_source_0",9273,31.26951541,-103.9754887,0.15119112,0.31985228,1827.139535,123.9666087,0.04615966,288,,2143.0,2335.0,,,1651.0,1407.0,upstream,oil,9273,TX,False
United States,USA,"IR_2012-2020_tile_-105,30,-90,45_feature_1760_source_0",9274,31.34127727,-103.4638604,0.032222435,0.068211632,1936.375,175.135123,0.042905108,230,7099.0,2618.0,2879.0,,,,,upstream,oil,9274,TX,True
United States,USA,"IR_2012-2020_tile_-105,30,-90,45_feature_1368_source_0",9277,31.72696302,-101.9689422,0.015962554,0.022162749,1964.664,167.687564,0.022891034,236,,3124.0,3459.0,3135.0,,2863.0,2412.0,upstream,oil,9277,TX,False
United States,USA,"IR_2012-2020_tile_-105,30,-90,45_feature_1993_source_1",9279,31.02998197,-101.0791299,0.018931558,0.032344554,1898.16129,138.5445303,0.017092324,73,,,3761.0,,2436.0,3238.0,,upstream,oil,9279,TX,False
United States,USA,"IR_2012-2020_tile_-105,30,-90,45_feature_1624_source_0",9282,31.4733111,-103.2980639,0.050762551,0.097389791,1852.7625,160.3909866,0.037712721,236,,,3004.0,2639.0,1774.0,2361.0,,upstream,oil,9282,TX,False
United States,USA,"IR_2012-2020_tile_-105,30,-90,45_feature_1973_source_1",9284,31.05328206,-103.101463,0.005419314,0.00999588,1895.803279,177.3743674,0.0102653,97,,,,,,,2081.0,upstream,oil,9284,TX,False
United States,USA,"IR_2012-2020_tile_-105,30,-90,45_feature_1988_source_3",9285,31.04235861,-103.4172937,0.014203774,0.023033337,1901.323529,117.8303168,0.019000949,83,7170.0,2675.0,2924.0,2532.0,,,,upstream,oil,9285,TX,False
United States,USA,"IR_2012-2020_tile_-105,30,-90,45_feature_1644_source_5",9286,31.52696103,-102.6406423,0.035502461,0.061419781,1898.953125,165.5029201,0.042334426,191,,2933.0,3235.0,2907.0,,,2214.0,upstream,oil,9286,TX,False
United States,USA,"IR_2012-2020_tile_-105,30,-90,45_feature_653_source_0",9287,32.31325972,-102.6139957,0.047602704,0.133584805,1775.264706,167.0200133,0.027542119,165,7624.0,,,,1986.0,2638.0,,upstream,oil,9287,TX,False
United States,USA,"IR_2012-2020_tile_-105,30,-90,45_feature_1610_source_1",9288,31.49225913,-103.4999576,0.01863693,0.05634553,1840.676647,165.5307656,0.0263785,278,,,,2449.0,1646.0,2176.0,1865.0,upstream,oil,9288,TX,True
United States,USA,"IR_2012-2020_tile_-105,30,-90,45_feature_1502_source_0",9290,31.58403063,-103.9222967,0.01923322,0.041554209,1818.65,195.133102,0.027779233,111,6537.0,2198.0,2383.0,,,,,upstream,oil,9290,TX,True
United States,USA,"IR_2012-2020_tile_-105,30,-90,45_feature_833_source_0",9291,32.18020777,-101.3876597,0.011441482,0.017722892,1937.391304,94.50591844,0.01536507,75,8349.0,3266.0,,3408.0,,,,upstream,oil,9291,TX,False
United States,USA,"IR_2012-2020_tile_-105,30,-90,45_feature_1221_source_0",9293,31.85494189,-103.3966797,0.009637717,0.02346703,1842.210526,267.6037092,0.012119381,118,,,2933.0,,,,,upstream,oil,9293,TX,True
United States,USA,"IR_2012-2020_tile_-105,30,-90,45_feature_647_source_0",9295,32.31772517,-101.5595221,0.017296569,0.028373388,1942.346154,181.1093364,0.021528751,177,,,3612.0,3335.0,2330.0,3089.0,,upstream,oil,9295,TX,False
United States,USA,"IR_2012-2020_tile_-105,30,-90,45_feature_2014_source_1",9296,31.00356195,-103.3632603,0.018500532,0.033925954,1858.875,193.5932834,0.0278933,127,7225.0,2709.0,2963.0,,,,,upstream,oil,9296,TX,False
United States,USA,"IR_2012-2020_tile_-105,30,-90,45_feature_388_source_0",9298,32.6633891,-101.6238036,0.015682139,0.042690637,1786.369231,219.7515079,0.018339174,121,8164.0,3205.0,,,2303.0,3056.0,,upstream,oil,9298,TX,False
United States,USA,"IR_2012-2020_tile_-105,30,-90,45_feature_1265_source_0",9299,31.79948321,-103.6279789,0.015231174,0.030992719,1898.674419,248.0778873,0.023982826,219,,,2666.0,,,1994.0,1703.0,upstream,oil,9299,TX,True
United States,USA,"IR_2012-2020_tile_-105,30,-90,45_feature_1491_source_5",9300,31.59504084,-103.6401169,0.013718523,0.022184419,1984.384615,172.7775531,0.0221641,94,,2443.0,2644.0,2244.0,,,,upstream,oil,9300,TX,True
United States,USA,"IR_2012-2020_tile_-105,30,-90,45_feature_1307_source_3",9304,31.76729701,-103.7427496,0.046052184,0.08110013,1868.424242,142.8349398,0.02461964,170,,2370.0,2566.0,,,1844.0,1576.0,upstream,oil,9304,TX,True
United States,USA,"IR_2012-2020_tile_-105,30,-90,45_feature_1644_source_6",9306,31.55292057,-102.6607153,0.020890516,0.049868878,1944.357143,152.9909461,0.033402304,241,7584.0,2923.0,,,1975.0,2623.0,2204.0,upstream,oil,9306,TX,False
United States,USA,"IR_2012-2020_tile_-105,30,-90,45_feature_1489_source_0",9307,31.5885172,-102.136402,0.0734267,0.10863333,1857.445415,147.5930994,0.02510414,287,,,,,,,2326.0,upstream,oil,9307,TX,False
United States,USA,"IR_2012-2020_tile_-105,30,-90,45_feature_1259_source_5",9310,31.79275852,-103.2810197,0.02032955,0.036713329,1917.156863,186.5024179,0.03507347,178,,,3018.0,2658.0,,,,upstream,oil,9310,TX,False
United States,USA,"IR_2012-2020_tile_-105,30,-90,45_feature_1394_source_1",9311,31.69911227,-102.0821297,0.046374991,0.107216088,1893.395522,166.9948171,0.03595475,186,,,3401.0,,,,2352.0,upstream,oil,9311,TX,False
United States,USA,"IR_2012-2020_tile_-105,30,-90,45_feature_1640_source_0",9312,31.47544001,-103.7766851,0.0284785,0.0653927,1826.194631,149.7174824,0.0155427,175,,,,,,1814.0,1553.0,upstream,oil,9312,TX,True
United States,USA,"IR_2012-2020_tile_-105,30,-90,45_feature_2011_source_0",9313,31.01357215,-102.8289145,0.01590107,0.0236768,1949.357143,162.0196669,0.0192958,76,,2869.0,3165.0,,,,,upstream,oil,9313,TX,False
United States,USA,"IR_2012-2020_tile_-105,30,-90,45_feature_1054_source_1",9314,31.98335632,-103.6147321,0.122112398,0.277253602,1784.922481,149.894982,0.095011426,220,6853.0,2462.0,2676.0,,,,,upstream,oil,9314,TX,True
United States,USA,"IR_2012-2020_tile_-105,30,-90,45_feature_296_source_0",9316,33.00115627,-102.8161888,0.10740045,0.35596022,1724.533333,175.0792559,0.05151088,255,7472.0,2872.0,3171.0,2835.0,1937.0,2576.0,,upstream,oil,9316,TX,False
United States,USA,"IR_2012-2020_tile_-105,30,-90,45_feature_1351_source_1",9320,31.74305115,-102.3396241,0.010373332,0.01005676,1911.763636,155.6081283,0.015589262,106,7743.0,2988.0,3295.0,2968.0,,,2255.0,upstream,oil,9320,TX,False
United States,USA,"IR_2012-2020_tile_-105,30,-90,45_feature_1958_source_0",9321,31.07226317,-103.6432418,0.035540266,0.077693602,1785.527094,119.322484,0.032914366,267,,,,,1497.0,1977.0,,upstream,oil,9321,TX,False
United States,USA,"IR_2012-2020_tile_-105,30,-90,45_feature_544_source_0",9322,32.4421674,-101.5990127,0.062075247,0.124550543,1919.729858,140.1641376,0.081349235,863,,,,3305.0,2313.0,3067.0,2628.0,upstream,oil,9322,TX,False
United States,USA,"IR_2012-2020_tile_-105,30,-90,45_feature_1717_source_1",9324,31.37371221,-101.5098378,0.013295386,0.023930994,1901.896907,117.3876725,0.01090971,129,,,3639.0,3353.0,,3121.0,,upstream,oil,9324,TX,False
United States,USA,"IR_2012-2020_tile_-105,30,-90,45_feature_1088_source_0",9326,31.96654311,-101.8275238,0.012133392,0.021804493,1932.934579,194.1127079,0.017609821,193,,,3509.0,,,2927.0,2488.0,upstream,oil,9326,TX,False
United States,USA,"IR_2012-2020_tile_-105,30,-90,45_feature_1392_source_1",9327,31.72860478,-103.7822145,0.02889521,0.051968138,1864.14,146.1054427,0.033607025,146,6685.0,2322.0,2507.0,,,,,upstream,oil,9327,TX,True
United States,USA,"IR_2012-2020_tile_-105,30,-90,45_feature_949_source_0",9329,32.08244975,-102.7237659,0.05728996,0.0956829,1876.051887,146.6082965,0.04033575,282,7531.0,2894.0,3200.0,2866.0,1958.0,2605.0,,upstream,oil,9329,TX,False
United States,USA,"IR_2012-2020_tile_-105,30,-90,45_feature_1355_source_1",9330,31.73150889,-102.0643392,0.041639312,0.093429602,1910.783784,171.472342,0.047183701,290,7989.0,3098.0,3410.0,,,2795.0,2359.0,upstream,oil,9330,TX,False
United States,USA,"IR_2012-2020_tile_-105,30,-90,45_feature_1948_source_0",9331,31.08580058,-101.2221072,0.026149038,0.055569953,1832.215686,125.8200261,0.027525164,141,8438.0,,,,,,,upstream,oil,9331,TX,False
United States,USA,"IR_2012-2020_tile_-105,30,-90,45_feature_1469_source_0",9334,31.6265786,-103.4987728,0.014450645,0.025141746,1939.911111,174.9967393,0.03419728,159,7064.0,,2825.0,2456.0,,,,upstream,oil,9334,TX,True
United States,USA,"IR_2012-2020_tile_-105,30,-90,45_feature_1845_source_0",9336,31.21988422,-102.9823514,0.004470039,0.007922375,1920.698113,195.4416947,0.012114782,127,,,,,,,,upstream,oil,9336,TX,False
United States,USA,"IR_2012-2020_tile_-105,30,-90,45_feature_1110_source_0",9337,31.95268349,-104.1782035,0.079697214,0.17868032,1886.297436,137.1352084,0.064289788,392,6278.0,1996.0,2160.0,1723.0,,,1263.0,upstream,oil,9337,TX,True
United States,USA,"IR_2012-2020_tile_-105,30,-90,45_feature_729_source_3",9338,32.26041972,-102.6996606,0.011157437,0.02745634,1731.142857,140.3306591,0.016690416,71,7549.0,,3209.0,,,,,upstream,oil,9338,TX,False
United States,USA,"IR_2012-2020_tile_-105,30,-90,45_feature_1318_source_0",9339,31.75653941,-102.1014791,0.015224446,0.02431884,1928.356322,146.5680162,0.013095141,128,7961.0,,,3053.0,2084.0,2777.0,,upstream,oil,9339,TX,False
United States,USA,"IR_2012-2020_tile_-105,30,-90,45_feature_1395_source_0",9341,31.69331302,-102.0186374,0.02576621,0.053161074,1891.986486,187.9950277,0.028738589,336,,,,,2132.0,2832.0,2387.0,upstream,oil,9341,TX,False
United States,USA,"IR_2012-2020_tile_-105,30,-90,45_feature_972_source_0",9342,32.06755882,-102.2501691,0.021421549,0.038281146,1823.733333,175.402952,0.035981699,145,,,,,,,,upstream,oil,9342,TX,False
United States,USA,"IR_2012-2020_tile_-105,30,-90,45_feature_637_source_3",9347,32.35142399,-101.5989436,0.026254752,0.049622126,1946.784483,173.6194216,0.027419978,179,8201.0,,,,,,2630.0,upstream,oil,9347,TX,False
United States,USA,"IR_2012-2020_tile_-105,30,-90,45_feature_481_source_1",9348,32.48433369,-101.3579643,0.107841409,0.241122279,1851.536585,181.0482482,0.056578152,120,8373.0,3280.0,3722.0,3424.0,2400.0,3190.0,2732.0,upstream,oil,9348,TX,False
United States,USA,"IR_2012-2020_tile_-105,30,-90,45_feature_1144_source_4",9349,31.95097944,-103.4324786,0.016506164,0.027746371,1898.95,153.3213863,0.023805995,99,7140.0,,,,,,,upstream,oil,9349,TX,True
United States,USA,"IR_2012-2020_tile_-105,30,-90,45_feature_1307_source_1",9350,31.78045679,-103.7442957,0.014978273,0.029190207,1839.060606,150.4874785,0.020683466,113,,2356.0,2534.0,,,,,upstream,oil,9350,TX,True
United States,USA,"IR_2012-2020_tile_-105,30,-90,45_feature_394_source_0",9353,32.67713607,-102.7941176,0.026698997,0.05255956,1882.25,169.6535598,0.044714245,220,7483.0,2876.0,3180.0,2842.0,,,,upstream,oil,9353,TX,False
United States,USA,"IR_2012-2020_tile_-105,30,-90,45_feature_1809_source_0",9354,31.28427757,-103.1047936,0.040463524,0.087270334,1926.046875,179.0043147,0.026007344,243,,2804.0,3086.0,2739.0,1856.0,2465.0,2080.0,upstream,oil,9354,TX,False
United States,USA,"IR_2012-2020_tile_-105,30,-90,45_feature_565_source_2",9355,32.39294012,-102.229781,0.031845096,0.05598293,1977.221477,134.4663749,0.028448687,215,,,,,,,2279.0,upstream,oil,9355,TX,False
United States,USA,"IR_2012-2020_tile_-105,30,-90,45_feature_609_source_0",9359,32.38190622,-101.5326857,0.0837065,0.16542032,1911.867679,129.1343692,0.06114466,603,,,3625.0,3346.0,2346.0,3107.0,2664.0,upstream,oil,9359,TX,False
United States,USA,"IR_2012-2020_tile_-105,30,-90,45_feature_1541_source_1",9361,31.54609353,-102.0177717,0.046840739,0.106158738,1834.658333,150.4605428,0.041725723,232,8004.0,3107.0,3433.0,3100.0,,,,upstream,oil,9361,TX,False
United States,USA,"IR_2012-2020_tile_-105,30,-90,45_feature_1866_source_0",9362,31.23029762,-103.4991617,0.002429505,0.004396395,1848.833333,165.4296594,0.011893284,115,,,,,,,,upstream,oil,9362,TX,False
United States,USA,"IR_2012-2020_tile_-105,30,-90,45_feature_811_source_0",9363,32.20964757,-102.4856966,0.05786095,0.12009341,1841.230769,149.9710318,0.04997582,438,,2968.0,3277.0,2946.0,2007.0,2665.0,2243.0,upstream,oil,9363,TX,False
United States,USA,"IR_2012-2020_tile_-105,30,-90,45_feature_581_source_0",9364,32.37912668,-102.8180051,0.080528629,0.223139769,1749.134021,125.9778764,0.024461011,159,7470.0,,,2839.0,,2577.0,2169.0,upstream,oil,9364,TX,False
United States,USA,"IR_2012-2020_tile_-105,30,-90,45_feature_1090_source_0",9365,31.95145689,-101.6338582,0.003573463,0.007647805,1892.089286,206.6246836,0.01028615,105,,,,,2301.0,3053.0,2618.0,upstream,oil,9365,TX,False
United States,USA,"IR_2012-2020_tile_-105,30,-90,45_feature_1298_source_0",9366,31.78887213,-104.3351892,0.00784971,0.01343849,1894.323529,186.3239937,0.00985171,98,,,2080.0,1670.0,,,,upstream,oil,9366,TX,True
United States,USA,"IR_2012-2020_tile_-105,30,-90,45_feature_1368_source_3",9367,31.72122119,-101.9861212,0.009881992,0.015903772,1928.898551,179.2678463,0.018557,134,,3119.0,3451.0,3122.0,,,2408.0,upstream,oil,9367,TX,False
United States,USA,"IR_2012-2020_tile_-105,30,-90,45_feature_1072_source_0",9368,31.96309573,-102.6284589,0.104937412,0.298988591,1764.418478,163.9693234,0.069217595,327,7613.0,,,2914.0,,,,upstream,oil,9368,TX,False
United States,USA,"IR_2012-2020_tile_-105,30,-90,45_feature_1174_source_1",9369,31.89412336,-103.4109812,0.012680158,0.024626975,1854.036585,122.1013618,0.00796106,99,,,,2539.0,,,,upstream,oil,9369,TX,True
United States,USA,"IR_2012-2020_tile_-105,30,-90,45_feature_994_source_0",9370,32.03115818,-102.0007786,0.026132474,0.045918422,1896.87037,159.4783216,0.027529435,146,,3115.0,,,,,,upstream,oil,9370,TX,False
United States,USA,"IR_2012-2020_tile_-105,30,-90,45_feature_1674_source_2",9372,31.42481857,-102.1834937,0.016213579,0.029612448,1973.071429,172.3727126,0.012519721,71,7883.0,,,,,,,upstream,oil,9372,TX,False
United States,USA,"IR_2012-2020_tile_-105,30,-90,45_feature_775_source_0",9374,32.23214267,-102.0853948,0.070177896,0.139944202,1915.666667,123.4838056,0.04157678,487,,,,,2094.0,2789.0,2350.0,upstream,oil,9374,TX,False
United States,USA,"IR_2012-2020_tile_-105,30,-90,45_feature_1878_source_0",9376,31.1889899,-103.1016016,0.02197753,0.0446251,1854.478261,155.8132577,0.02082309,155,,,3088.0,2740.0,,2466.0,2083.0,upstream,oil,9376,TX,False
United States,USA,"IR_2012-2020_tile_-105,30,-90,45_feature_1476_source_2",9380,31.65210943,-101.8947837,0.100207109,0.15127239,1856.777202,164.2504,0.092928524,405,8048.0,3142.0,3486.0,3162.0,2182.0,2893.0,,upstream,oil,9380,TX,False
United States,USA,"IR_2012-2020_tile_-105,30,-90,45_feature_1451_source_1",9384,31.66091494,-103.2133678,0.027584999,0.060321487,1877.968354,137.9266646,0.028092,235,,,3050.0,2693.0,1812.0,2411.0,,upstream,oil,9384,TX,False
United States,USA,"IR_2012-2020_tile_-105,30,-90,45_feature_502_source_1",9386,32.4654434,-101.9198964,0.01907642,0.03815058,1925.275109,180.4960132,0.03941077,450,,,,3153.0,2175.0,2886.0,2438.0,upstream,oil,9386,TX,False
United States,USA,"IR_2012-2020_tile_-105,30,-90,45_feature_1844_source_1",9389,31.21788949,-103.9124563,0.092778597,0.186508315,1829.641509,98.1975472,0.03557694,128,,2220.0,2414.0,,,,,upstream,oil,9389,TX,False
United States,USA,"IR_2012-2020_tile_-105,30,-90,45_feature_1144_source_1",9391,31.96945096,-103.4248816,0.028050079,0.044621581,1922.982759,139.8015208,0.042590644,208,,,2914.0,2527.0,,,,upstream,oil,9391,TX,True
United States,USA,"IR_2012-2020_tile_-105,30,-90,45_feature_1524_source_1",9392,31.58450872,-101.4298373,0.04213742,0.0714252,1896.725,179.1944108,0.03932731,258,8299.0,3254.0,3690.0,3387.0,2372.0,3152.0,2705.0,upstream,oil,9392,TX,False
United States,USA,"IR_2012-2020_tile_-105,30,-90,45_feature_1794_source_0",9393,31.28352673,-103.6204093,0.101144332,0.217076314,1871.975836,135.4389579,0.061711902,642,,,,2276.0,1519.0,2007.0,1714.0,upstream,oil,9393,TX,False
United States,USA,"IR_2012-2020_tile_-105,30,-90,45_feature_479_source_4",9394,32.50352659,-101.5474743,0.01978724,0.039647595,1902.718919,154.1374498,0.035561278,300,,,3617.0,3340.0,,,,upstream,oil,9394,TX,False
United States,USA,"IR_2012-2020_tile_-105,30,-90,45_feature_1203_source_1",9396,31.87315742,-102.1013469,0.016051723,0.031287044,1933.049383,178.1650574,0.024330764,166,7956.0,3087.0,3393.0,3052.0,,,,upstream,oil,9396,TX,False
United States,USA,"IR_2012-2020_tile_-105,30,-90,45_feature_1891_source_1",9397,31.17698224,-101.3539371,0.022830067,0.04010071,1951.289855,150.876771,0.03625658,313,,,,3423.0,2399.0,3189.0,2735.0,upstream,oil,9397,TX,False
United States,USA,"IR_2012-2020_tile_-105,30,-90,45_feature_949_source_1",9399,32.09630238,-102.7199201,0.03981066,0.094544129,1859.293103,182.9813924,0.037763352,210,7535.0,2897.0,3204.0,2865.0,,,,upstream,oil,9399,TX,False
United States,USA,"IR_2012-2020_tile_-105,30,-90,45_feature_1543_source_0",9400,31.56783902,-103.9686658,0.016407635,0.03138253,1882.388889,146.4464782,0.012557602,82,,2155.0,2345.0,1908.0,,1654.0,,upstream,oil,9400,TX,True
United States,USA,"IR_2012-2020_tile_-105,30,-90,45_feature_1417_source_4",9401,31.67185151,-103.704108,0.10674431,0.24010699,1837.594937,165.0651721,0.04902705,314,,2382.0,2576.0,2179.0,1426.0,1887.0,,upstream,oil,9401,TX,True
United States,USA,"IR_2012-2020_tile_-105,30,-90,45_feature_1727_source_3",9403,31.35893408,-103.6055441,0.05539291,0.09745725,1865.251337,144.9772098,0.0556781,271,,,2669.0,2304.0,,,,upstream,oil,9403,TX,True
United States,USA,"IR_2012-2020_tile_-105,30,-90,45_feature_1471_source_0",9404,31.60497233,-104.2254093,0.040225964,0.07163464,1835.5875,130.9894742,0.02716858,146,,,2128.0,,,,,upstream,oil,9404,TX,True
United States,USA,"IR_2012-2020_tile_-105,30,-90,45_feature_1717_source_0",9405,31.36493912,-101.5273883,0.015534398,0.031197762,1850.754386,141.3108159,0.018192424,117,8225.0,3230.0,3639.0,,,,,upstream,oil,9405,TX,False
United States,USA,"IR_2012-2020_tile_-105,30,-90,45_feature_1105_source_0",9407,31.92941096,-102.3249443,0.004193143,0.007251106,1939.618182,205.7446335,0.00801311,80,,,,,,2684.0,2257.0,upstream,oil,9407,TX,False
United States,USA,"IR_2012-2020_tile_-105,30,-90,45_feature_1282_source_1",9408,31.80496913,-103.4615963,0.008639064,0.012760981,1957.222222,227.0236296,0.021714573,100,,2622.0,2875.0,,,,,upstream,oil,9408,TX,True
United States,USA,"IR_2012-2020_tile_-105,30,-90,45_feature_1820_source_0",9409,31.2625699,-103.5742554,0.013709358,0.025996725,1884.28,132.5075656,0.010847271,113,,2514.0,2722.0,,,2071.0,,upstream,oil,9409,TX,False
United States,USA,"IR_2012-2020_tile_-105,30,-90,45_feature_1681_source_0",9412,31.4085615,-101.5703277,0.01198681,0.022726933,1838.447368,149.0838156,0.010094636,115,,,,,,,2645.0,upstream,oil,9412,TX,False
United States,USA,"IR_2012-2020_tile_-105,30,-90,45_feature_1543_source_1",9419,31.5684948,-103.951541,0.008628,0.01597219,1877.303571,182.4081882,0.011353683,92,,2155.0,2355.0,1927.0,1258.0,1668.0,,upstream,oil,9419,TX,True
United States,USA,"IR_2012-2020_tile_-105,30,-90,45_feature_1988_source_1",9421,31.06628193,-103.3915075,0.019672755,0.033772651,1855.016129,118.3321585,0.026102679,97,7186.0,,,2558.0,,2297.0,1951.0,upstream,oil,9421,TX,False
United States,USA,"IR_2012-2020_tile_-105,30,-90,45_feature_1760_source_1",9422,31.32616644,-103.4732432,0.018365524,0.034939881,1929.868421,178.2964963,0.025234684,127,7087.0,2610.0,2851.0,2480.0,,,,upstream,oil,9422,TX,True
United States,USA,"IR_2012-2020_tile_-105,30,-90,45_feature_1097_source_2",9423,31.97232407,-102.0280649,0.023330569,0.040647252,1891.559633,127.2933786,0.016366652,134,,,,,,2828.0,2381.0,upstream,oil,9423,TX,False
United States,USA,"IR_2012-2020_tile_-105,30,-90,45_feature_1941_source_1",9424,31.15863733,-103.1847445,0.013779564,0.032274939,1867.669065,165.5632805,0.018696812,220,,,,,1821.0,2425.0,,upstream,oil,9424,TX,False
United States,USA,"IR_2012-2020_tile_-105,30,-90,45_feature_1246_source_1",9425,31.83840261,-103.7345159,0.095864856,0.23235037,1860.610738,161.5672699,0.090311176,402,6731.0,2362.0,2553.0,2153.0,,,,upstream,oil,9425,TX,True
United States,USA,"IR_2012-2020_tile_-105,30,-90,45_feature_1260_source_0",9427,31.82985981,-103.5729633,0.060684928,0.122835958,1914.893617,150.0141886,0.051501693,357,,,2720.0,2347.0,,2076.0,1772.0,upstream,oil,9427,TX,True
United States,USA,"IR_2012-2020_tile_-105,30,-90,45_feature_925_source_1",9431,32.11365523,-101.7953509,0.05207155,0.10149491,1847.871166,131.5184163,0.03899048,214,,,3515.0,3201.0,,,2503.0,upstream,oil,9431,TX,False
United States,USA,"IR_2012-2020_tile_-105,30,-90,45_feature_1962_source_0",9433,31.0773912,-102.9908201,0.016638425,0.036871163,1852.920455,159.5497373,0.010215376,116,,,,,1909.0,2532.0,,upstream,oil,9433,TX,False
United States,USA,"IR_2012-2020_tile_-105,30,-90,45_feature_980_source_1",9435,32.06756629,-101.8656833,0.037686466,0.039902806,1793.413174,135.3886951,0.012731185,206,,,,,,,2465.0,upstream,oil,9435,TX,False
United States,USA,"IR_2012-2020_tile_-105,30,-90,45_feature_1719_source_0",9436,31.37336859,-102.9856495,0.029704131,0.05615359,1870.019231,163.6570629,0.028185654,131,7420.0,2835.0,3129.0,,,,,upstream,oil,9436,TX,False
United States,USA,"IR_2012-2020_tile_-105,30,-90,45_feature_611_source_0",9437,32.34651351,-101.697488,0.01394616,0.02862173,1841.758621,148.385872,0.01131473,146,,,,,2274.0,3016.0,2579.0,upstream,oil,9437,TX,False
United States,USA,"IR_2012-2020_tile_-105,30,-90,45_feature_1299_source_0",9439,31.77081858,-101.5713146,0.011976436,0.027702342,1811.93578,170.1321815,0.017301456,195,,,,3328.0,2327.0,3085.0,,upstream,oil,9439,TX,False
United States,USA,"IR_2012-2020_tile_-105,30,-90,45_feature_558_source_0",9440,32.40967114,-102.2581313,0.017927466,0.02954502,1882.636364,140.4073766,0.029561833,110,7795.0,3002.0,,2979.0,,,,upstream,oil,9440,TX,False
United States,USA,"IR_2012-2020_tile_-105,30,-90,45_feature_1462_source_0",9442,31.61659506,-102.9953759,0.071075535,0.142791896,1836.863309,139.4294748,0.020204972,201,,2832.0,,2792.0,1902.0,2525.0,2127.0,upstream,oil,9442,TX,False
United States,USA,"IR_2012-2020_tile_-105,30,-90,45_feature_486_source_0",9443,32.4915938,-101.6672837,0.051644167,0.098186647,1768.312102,105.9954844,0.02488585,193,,,,3266.0,2283.0,3027.0,,upstream,oil,9443,TX,False
United States,USA,"IR_2012-2020_tile_-105,30,-90,45_feature_1273_source_1",9448,31.79923729,-102.0591053,0.08830759,0.1667469,1859.192607,144.4081301,0.07958087,769,,,3409.0,3074.0,2105.0,2802.0,2360.0,upstream,oil,9448,TX,False
United States,USA,"IR_2012-2020_tile_-105,30,-90,45_feature_1472_source_4",9450,31.60305383,-104.033584,0.061243152,0.106035226,1879.676259,178.3828724,0.054077229,283,6425.0,2093.0,2270.0,1845.0,1190.0,1595.0,,upstream,oil,9450,TX,True
United States,USA,"IR_2012-2020_tile_-105,30,-90,45_feature_1708_source_2",9451,31.38465899,-103.0896893,0.041205754,0.075463129,1915.016484,156.0884673,0.040760235,299,,2806.0,3089.0,2744.0,,2469.0,2085.0,upstream,oil,9451,TX,False
United States,USA,"IR_2012-2020_tile_-105,30,-90,45_feature_569_source_1",9452,32.37834898,-102.740715,0.002353776,0.003659053,1922.307692,213.3294255,0.008843286,58,7516.0,,,,,,,upstream,oil,9452,TX,False
United States,USA,"IR_2012-2020_tile_-105,30,-90,45_feature_277_source_0",9453,33.1732483,-102.8944506,0.002079787,0.0037733,1974.307692,175.8431927,0.008659885,68,,,,,,,,upstream,oil,9453,TX,False
United States,USA,"IR_2012-2020_tile_-105,30,-90,45_feature_990_source_2",9454,32.04648286,-102.6791339,0.10913911,0.2571385,1873.241107,144.6831388,0.047230252,345,7569.0,2912.0,3221.0,2891.0,1973.0,2617.0,,upstream,oil,9454,TX,False
United States,USA,"IR_2012-2020_tile_-105,30,-90,45_feature_612_source_3",9455,32.3710425,-102.1937027,0.050152998,0.085665016,1934.516729,149.8865144,0.046675953,362,,,,,2039.0,2717.0,2297.0,upstream,oil,9455,TX,False
United States,USA,"IR_2012-2020_tile_-105,30,-90,45_feature_1659_source_0",9460,31.44779582,-103.1959525,0.027237409,0.05159048,1808.188976,172.1781138,0.030463145,192,,,,,1817.0,2418.0,,upstream,oil,9460,TX,False
United States,USA,"IR_2012-2020_tile_-105,30,-90,45_feature_730_source_1",9461,32.25617056,-101.5206418,0.004847172,0.008595943,1855.933333,244.8689808,0.014256172,124,,,,3352.0,,,,upstream,oil,9461,TX,False
United States,USA,"IR_2012-2020_tile_-105,30,-90,45_feature_1503_source_1",9463,31.5961568,-103.7191161,0.045634403,0.096998151,1859.011561,183.9950674,0.033754119,320,,,2562.0,,,,1598.0,upstream,oil,9463,TX,True
United States,USA,"IR_2012-2020_tile_-105,30,-90,45_feature_1115_source_1",9464,31.95559781,-101.7501291,0.136623554,0.236985307,1848.185512,146.351177,0.063335715,783,,,,3228.0,2247.0,2978.0,2536.0,upstream,oil,9464,TX,False
United States,USA,"IR_2012-2020_tile_-105,30,-90,45_feature_1871_source_0",9465,31.18183338,-101.8985707,0.0088217,0.0180928,1860.142857,254.1720051,0.013881943,70,8046.0,,,,,,,upstream,oil,9465,TX,False
United States,USA,"IR_2012-2020_tile_-105,30,-90,45_feature_1851_source_0",9466,31.21030314,-101.1996904,0.04049361,0.09782147,1777.370079,136.3588251,0.01203711,161,,,,,,3226.0,2765.0,upstream,oil,9466,TX,False
United States,USA,"IR_2012-2020_tile_-105,30,-90,45_feature_1449_source_0",9467,31.64390201,-103.4386628,0.028487075,0.056721774,1860.05,200.2214337,0.04648313,235,7132.0,2655.0,,2514.0,,,,upstream,oil,9467,TX,True
United States,USA,"IR_2012-2020_tile_-105,30,-90,45_feature_1087_source_0",9468,31.96916626,-102.2001592,0.029612938,0.053906409,1841.282609,144.7241248,0.033777108,179,7861.0,,3343.0,,2037.0,2715.0,2295.0,upstream,oil,9468,TX,False
United States,USA,"IR_2012-2020_tile_-105,30,-90,45_feature_1987_source_4",9470,31.09382138,-103.5130685,0.031545199,0.059485353,1829.705882,133.6305331,0.025824057,262,,,,2436.0,1637.0,2159.0,1844.0,upstream,oil,9470,TX,False
United States,USA,"IR_2012-2020_tile_-105,30,-90,45_feature_1419_source_0",9472,31.67840031,-102.1637083,0.036071044,0.063615323,1887.54,159.0049949,0.015263339,142,,3053.0,3358.0,3016.0,2049.0,2732.0,,upstream,oil,9472,TX,False
United States,USA,"IR_2012-2020_tile_-105,30,-90,45_feature_1052_source_0",9475,31.96764519,-103.6998706,0.04301036,0.07907941,1885.5625,173.0423246,0.04672814,202,6765.0,2379.0,2569.0,2181.0,,1891.0,,upstream,oil,9475,TX,True
United States,USA,"IR_2012-2020_tile_-105,30,-90,45_feature_897_source_0",9476,32.14317773,-101.2694079,0.0091264,0.016132546,1928.5,154.9180262,0.014798081,111,8415.0,3298.0,3740.0,3443.0,2418.0,3217.0,,upstream,oil,9476,TX,False
United States,USA,"IR_2012-2020_tile_-105,30,-90,45_feature_1568_source_1",9477,31.55625312,-102.7141778,0.045676193,0.099844717,1867.737374,141.3313979,0.04389307,420,7548.0,,,2874.0,1960.0,2607.0,2184.0,upstream,oil,9477,TX,False
United States,USA,"IR_2012-2020_tile_-105,30,-90,45_feature_1910_source_1",9479,31.12587811,-101.2586772,0.004832651,0.007613681,1913.472727,210.5647691,0.009132233,112,,,,,,,,upstream,oil,9479,TX,False
United States,USA,"IR_2012-2020_tile_-105,30,-90,45_feature_1780_source_4",9480,31.32001621,-103.2622303,0.063937209,0.15146788,1758.684211,159.5635008,0.036619928,187,7317.0,2760.0,3026.0,2670.0,,,,upstream,oil,9480,TX,False
United States,USA,"IR_2012-2020_tile_-105,30,-90,45_feature_1125_source_0",9482,31.928958,-103.4272196,0.040124892,0.053259304,1908.433333,178.4312161,0.055836195,322,7145.0,,2915.0,,1710.0,2262.0,1931.0,upstream,oil,9482,TX,True
United States,USA,"IR_2012-2020_tile_-105,30,-90,45_feature_1766_source_1",9484,31.34627967,-101.8224562,0.059606905,0.122528233,1890.411552,165.5391267,0.049113804,454,8084.0,,,,2211.0,2932.0,2492.0,upstream,oil,9484,TX,False
United States,USA,"IR_2012-2020_tile_-105,30,-90,45_feature_1532_source_1",9485,31.53671913,-102.4803008,0.002940796,0.004413701,1973.9375,124.0284588,0.00838225,65,7679.0,2970.0,,,,,,upstream,oil,9485,TX,False
United States,USA,"IR_2012-2020_tile_-105,30,-90,45_feature_1637_source_0",9486,31.4621403,-102.3481543,0.008532602,0.011874314,1983.0,61.88295403,0.018777788,78,7738.0,,,,,,,upstream,oil,9486,TX,False
United States,USA,"IR_2012-2020_tile_-105,30,-90,45_feature_1949_source_1",9487,31.10579938,-101.0999837,0.013988462,0.020257434,1934.27027,119.4507661,0.015961525,143,,,,3468.0,2432.0,3236.0,,upstream,oil,9487,TX,False
United States,USA,"IR_2012-2020_tile_-105,30,-90,45_feature_1609_source_0",9489,31.49017405,-103.5834633,0.01502065,0.02332003,1919.790909,154.8177871,0.01924705,164,,2492.0,,2333.0,1554.0,2051.0,1763.0,upstream,oil,9489,TX,True
United States,USA,"IR_2012-2020_tile_-105,30,-90,45_feature_1771_source_0",9491,31.32959276,-103.7234763,0.01719557,0.0271028,1895.113636,148.0194831,0.017218517,165,,,,,,1860.0,1591.0,upstream,oil,9491,TX,True
United States,USA,"IR_2012-2020_tile_-105,30,-90,45_feature_856_source_0",9496,32.17106235,-101.8127145,0.024018606,0.047532875,1845.307692,148.1930963,0.012121441,146,,,,,2217.0,2937.0,2500.0,upstream,oil,9496,TX,False
United States,USA,"IR_2012-2020_tile_-105,30,-90,45_feature_1847_source_0",9497,31.22949318,-103.0858874,0.019208386,0.03448036,1881.030303,156.12912,0.018426291,134,,,3092.0,2749.0,,,,upstream,oil,9497,TX,False
United States,USA,"IR_2012-2020_tile_-105,30,-90,45_feature_1672_source_2",9499,31.41554695,-103.5388297,0.009886437,0.015857599,1928.925,189.4298534,0.016365521,88,,,2770.0,2403.0,,,,upstream,oil,9499,TX,True
United States,USA,"IR_2012-2020_tile_-105,30,-90,45_feature_1183_source_0",9500,31.87926611,-101.9667523,0.084445345,0.177605852,1838.234375,117.5432091,0.02175034,313,,,,3134.0,2162.0,2867.0,2416.0,upstream,oil,9500,TX,False
United States,USA,"IR_2012-2020_tile_-105,30,-90,45_feature_1555_source_3",9503,31.58220689,-102.9613374,0.003721437,0.151862131,913.4545455,233.4848111,0.012232833,89,,,,,,,,industrial,powerplant,9503,TX,False
United States,USA,"IR_2012-2020_tile_-105,30,-90,45_feature_1994_source_1",9504,31.01973157,-102.8556446,0.023209757,0.048225751,1847.131783,122.2170125,0.011762194,152,,,,,1933.0,2570.0,,upstream,oil,9504,TX,False
United States,USA,"IR_2012-2020_tile_-105,30,-90,45_feature_1349_source_0",9505,31.73223396,-103.53864,0.027629688,0.051683078,1815.555556,115.8203696,0.035779367,101,6970.0,,2758.0,,,,,upstream,oil,9505,TX,True
United States,USA,"IR_2012-2020_tile_-105,30,-90,45_feature_909_source_0",9506,32.1164875,-102.1413761,0.011836108,0.01957351,1926.431373,184.2082427,0.024930571,130,,,3374.0,3035.0,,,,upstream,oil,9506,TX,False
United States,USA,"IR_2012-2020_tile_-105,30,-90,45_feature_463_source_3",9508,32.53576769,-101.4573389,0.013132979,0.031708626,1857.197531,165.1333109,0.04284242,389,,,3674.0,3376.0,2367.0,3138.0,,upstream,oil,9508,TX,False
United States,USA,"IR_2012-2020_tile_-105,30,-90,45_feature_1555_source_0",9511,31.57339021,-102.9932259,0.018386398,0.033723257,1891.106509,153.2126975,0.02136219,230,,,,,1906.0,2530.0,2128.0,upstream,oil,9511,TX,False
United States,USA,"IR_2012-2020_tile_-105,30,-90,45_feature_1792_source_0",9513,31.27709611,-101.4595588,0.013091705,0.022371346,1933.326316,157.9030643,0.019022175,148,8278.0,3246.0,,,,,2688.0,upstream,oil,9513,TX,False
United States,USA,"IR_2012-2020_tile_-105,30,-90,45_feature_1569_source_0",9514,31.53594524,-102.0551333,0.015001844,0.027825989,1947.152941,161.3101146,0.021172373,155,,3102.0,3411.0,,,2805.0,2363.0,upstream,oil,9514,TX,False
United States,USA,"IR_2012-2020_tile_-105,30,-90,45_feature_1726_source_0",9515,31.34723461,-102.1824941,0.014566185,0.031998286,1835.842105,198.7302491,0.019408201,98,,,,,,,,upstream,oil,9515,TX,False
United States,USA,"IR_2012-2020_tile_-105,30,-90,45_feature_1899_source_0",9516,31.14849698,-102.9932339,0.002386508,0.00523322,1898.171429,210.4708308,0.006949426,84,,,,,,,,upstream,oil,9516,TX,False
United States,USA,"IR_2012-2020_tile_-105,30,-90,45_feature_1645_source_0",9517,31.44844119,-103.397085,0.11290535,0.262554277,1818.676617,133.0338299,0.061147754,261,7192.0,2686.0,,,,,,upstream,oil,9517,TX,True
United States,USA,"IR_2012-2020_tile_-105,30,-90,45_feature_871_source_0",9518,32.14436204,-101.7771879,0.038129198,0.082795312,1784.773256,155.4059604,0.021023148,237,,,,3214.0,2237.0,2958.0,,upstream,oil,9518,TX,False
United States,USA,"IR_2012-2020_tile_-105,30,-90,45_feature_658_source_0",9520,32.32457147,-101.9843747,0.07322922,0.1441014,1860.66343,122.3376541,0.027733279,388,,,,3120.0,2155.0,2858.0,2405.0,upstream,oil,9520,TX,False
United States,USA,"IR_2012-2020_tile_-105,30,-90,45_feature_1555_source_1",9523,31.55255071,-102.9685606,0.012134632,0.02711007,1837.528571,179.9769605,0.014055724,103,7427.0,2838.0,,2807.0,,2539.0,2136.0,upstream,oil,9523,TX,False
United States,USA,"IR_2012-2020_tile_-105,30,-90,45_feature_1150_source_1",9524,31.91361324,-103.5056785,0.011275452,0.024218038,1876.175,167.9260086,0.021605884,128,,,,,,2160.0,1850.0,upstream,oil,9524,TX,True
United States,USA,"IR_2012-2020_tile_-105,30,-90,45_feature_1579_source_1",9525,31.57694103,-103.3598281,0.013223648,0.023440452,1889.557143,163.4736008,0.034539385,193,7229.0,,2960.0,2586.0,,,,upstream,oil,9525,TX,True
United States,USA,"IR_2012-2020_tile_-105,30,-90,45_feature_1250_source_0",9526,31.82057242,-103.7581143,0.03007632,0.04860618,1887.123377,170.3312025,0.04131875,228,6695.0,2340.0,2525.0,2127.0,1390.0,1831.0,1566.0,upstream,oil,9526,TX,True
United States,USA,"IR_2012-2020_tile_-105,30,-90,45_feature_616_source_0",9527,32.35193653,-101.9749734,0.013138583,0.018000574,1967.16092,147.3135583,0.01624772,130,,,,3131.0,,,,upstream,oil,9527,TX,False
United States,USA,"IR_2012-2020_tile_-105,30,-90,45_feature_672_source_1",9528,32.29680045,-101.7721753,0.01405846,0.02883681,1804.6,189.8539307,0.01244566,114,,,,,,2964.0,2525.0,upstream,oil,9528,TX,False
United States,USA,"IR_2012-2020_tile_-105,30,-90,45_feature_1126_source_0",9529,31.92323413,-104.2610738,0.041607947,0.082004464,1856.25,149.2474037,0.027226966,139,6215.0,1961.0,2107.0,,,,,upstream,oil,9529,TX,True
United States,USA,"IR_2012-2020_tile_-105,30,-90,45_feature_1887_source_0",9532,31.17623308,-103.3386648,0.03420947,0.05684195,1921.979592,120.3566395,0.01396384,169,,,,2607.0,1757.0,2335.0,,upstream,oil,9532,TX,False
United States,USA,"IR_2012-2020_tile_-105,30,-90,45_feature_1928_source_1",9534,31.11306119,-103.5795023,0.009048981,0.017558975,1885.083333,161.2608954,0.02068512,122,6895.0,2497.0,,,,,,upstream,oil,9534,TX,False
United States,USA,"IR_2012-2020_tile_-105,30,-90,45_feature_532_source_0",9536,32.42342674,-101.4129332,0.004692994,0.00657762,1927.515625,163.4932139,0.007643638,122,,,,,,,,upstream,oil,9536,TX,False
United States,USA,"IR_2012-2020_tile_-105,30,-90,45_feature_1765_source_0",9537,31.31744531,-103.346921,0.076330421,0.168940257,1842.898305,144.8808622,0.066574611,293,7242.0,2719.0,2977.0,2606.0,,,,upstream,oil,9537,TX,True
United States,USA,"IR_2012-2020_tile_-105,30,-90,45_feature_486_source_2",9538,32.47692426,-101.6805713,0.087492239,0.176085355,1833.686047,135.0128987,0.049402863,494,,,,3262.0,2279.0,3023.0,2584.0,upstream,oil,9538,TX,False
United States,USA,"IR_2012-2020_tile_-105,30,-90,45_feature_1821_source_0",9539,31.3224381,-103.3832083,0.125984413,0.321117477,1862.426667,151.1051296,0.084327554,361,7203.0,2694.0,,,,,1960.0,upstream,oil,9539,TX,True
United States,USA,"IR_2012-2020_tile_-105,30,-90,45_feature_831_source_0",9540,32.19369945,-102.7630455,0.051798881,0.123238261,1820.8,157.7768123,0.035839103,266,7499.0,2883.0,,2848.0,,2590.0,,upstream,oil,9540,TX,False
United States,USA,"IR_2012-2020_tile_-105,30,-90,45_feature_1618_source_0",9541,31.47586372,-103.2765324,0.029945896,0.064441518,1912.933333,212.5489643,0.032542619,96,,,,,,,,upstream,oil,9541,TX,False
United States,USA,"IR_2012-2020_tile_-105,30,-90,45_feature_1952_source_0",9547,31.07189714,-103.2241684,0.031760621,0.06982475,1797.008621,142.5921659,0.030956188,210,7339.0,2771.0,3048.0,2690.0,,,,upstream,oil,9547,TX,False
United States,USA,"IR_2012-2020_tile_-105,30,-90,45_feature_820_source_0",9548,32.18231434,-102.1954026,0.217273075,0.415206204,1860.123223,144.4818622,0.056042928,441,7866.0,3034.0,3342.0,2997.0,,,2298.0,upstream,oil,9548,TX,False
United States,USA,"IR_2012-2020_tile_-105,30,-90,45_feature_1288_source_0",9549,31.77748732,-101.9484641,0.009404372,0.021958704,1839.057971,159.1199424,0.014353306,141,,3128.0,,3144.0,,2872.0,2425.0,upstream,oil,9549,TX,False
United States,USA,"IR_2012-2020_tile_-105,30,-90,45_feature_1636_source_0",9550,31.48087609,-102.1133916,0.010614035,0.017748108,1924.465116,164.9661486,0.015973983,89,7959.0,3084.0,3389.0,3048.0,,,,upstream,oil,9550,TX,False
United States,USA,"IR_2012-2020_tile_-105,30,-90,45_feature_1381_source_0",9552,31.71468628,-101.9078355,0.155476801,0.266785842,1848.724609,123.5200054,0.082164611,634,8038.0,3141.0,3483.0,3164.0,2181.0,2892.0,,upstream,oil,9552,TX,False
United States,USA,"IR_2012-2020_tile_-105,30,-90,45_feature_1607_source_0",9554,31.51255416,-102.0923096,0.060229567,0.100331538,1873.0,115.2426179,0.033073352,284,7970.0,3091.0,3398.0,3060.0,2092.0,2788.0,2347.0,upstream,oil,9554,TX,False
United States,USA,"IR_2012-2020_tile_-105,30,-90,45_feature_1434_source_1",9556,31.67113367,-104.1899017,0.057215612,0.111443,1831.586826,135.7626604,0.031320402,266,,1991.0,2143.0,1708.0,1096.0,1473.0,1261.0,upstream,oil,9556,TX,True
United States,USA,"IR_2012-2020_tile_-105,30,-90,45_feature_1707_source_2",9557,31.4130609,-103.2238103,0.020197417,0.0524667,1772.651376,143.7400416,0.018641801,176,7356.0,,,,1809.0,2406.0,,upstream,oil,9557,TX,False
United States,USA,"IR_2012-2020_tile_-105,30,-90,45_feature_574_source_1",9562,32.39894441,-101.3118017,0.007358089,0.013814126,1869.628571,169.7182684,0.012768918,98,,,,,2411.0,3205.0,2747.0,upstream,oil,9562,TX,False
United States,USA,"IR_2012-2020_tile_-105,30,-90,45_feature_994_source_1",9564,32.05119582,-101.9973313,0.003835785,0.006980042,1880.55102,179.6394417,0.01000827,106,,,,,2150.0,2852.0,,upstream,oil,9564,TX,False
United States,USA,"IR_2012-2020_tile_-105,30,-90,45_feature_1201_source_0",9565,31.85615595,-101.7404069,0.030315404,0.051762002,1901.324324,130.3915905,0.019538676,154,,,3542.0,3229.0,2249.0,2981.0,2542.0,upstream,oil,9565,TX,False
United States,USA,"IR_2012-2020_tile_-105,30,-90,45_feature_1278_source_0",9567,31.78566209,-102.2476097,0.07942152,0.13115358,1855.226027,170.285609,0.03490186,267,7807.0,3008.0,3321.0,2981.0,,2696.0,2273.0,upstream,oil,9567,TX,False
United States,USA,"IR_2012-2020_tile_-105,30,-90,45_feature_1654_source_0",9568,31.44565366,-102.0440824,0.02460547,0.0480037,1872.315789,170.7059807,0.020744545,98,,,,,,,,upstream,oil,9568,TX,False
United States,USA,"IR_2012-2020_tile_-105,30,-90,45_feature_606_source_0",9571,32.37719101,-101.4774235,0.03528617,0.07715997,1850.130841,169.5533486,0.03392183,185,,3240.0,3662.0,3367.0,,3129.0,2680.0,upstream,oil,9571,TX,False
United States,USA,"IR_2012-2020_tile_-105,30,-90,45_feature_1706_source_0",9573,31.38557794,-103.4978111,0.010743517,0.017640131,1954.131579,206.2329637,0.016241024,129,7052.0,2586.0,2819.0,2461.0,,,,upstream,oil,9573,TX,True
United States,USA,"IR_2012-2020_tile_-105,30,-90,45_feature_1650_source_0",9575,31.45956986,-101.7593421,0.035598975,0.079128527,1891.381443,140.6308279,0.028074403,250,,,3533.0,3227.0,2244.0,2973.0,2530.0,upstream,oil,9575,TX,False
United States,USA,"IR_2012-2020_tile_-105,30,-90,45_feature_1419_source_1",9576,31.66061256,-102.1415198,0.22112272,0.5419035,1828.833333,181.7357582,0.05285717,490,7929.0,3072.0,3371.0,3031.0,2061.0,2749.0,2324.0,upstream,oil,9576,TX,False
United States,USA,"IR_2012-2020_tile_-105,30,-90,45_feature_928_source_0",9577,32.07867899,-102.2219515,0.011222572,0.018776465,1880.6,143.2897453,0.011259075,126,,,,,,,2285.0,upstream,oil,9577,TX,False
United States,USA,"IR_2012-2020_tile_-105,30,-90,45_feature_1451_source_0",9578,31.64350653,-103.2054874,0.058828256,0.129690887,1853.76699,145.9823572,0.055341133,330,,2777.0,3055.0,2697.0,,,,upstream,oil,9578,TX,False
United States,USA,"IR_2012-2020_tile_-105,30,-90,45_feature_1744_source_0",9580,31.36758775,-102.1463444,0.021199113,0.035402067,1887.4,172.9271234,0.024853043,148,7924.0,3067.0,3366.0,,,,,upstream,oil,9580,TX,False
United States,USA,"IR_2012-2020_tile_-105,30,-90,45_feature_1955_source_0",9581,31.08009217,-101.279688,0.049772183,0.09194707,1916.442478,159.8934345,0.04523342,220,8414.0,,,,2416.0,3215.0,,upstream,oil,9581,TX,False
United States,USA,"IR_2012-2020_tile_-105,30,-90,45_feature_1015_source_0",9582,32.01032649,-101.0249989,0.021233798,0.045043809,1800.416667,136.1455461,0.018349482,124,,,,,,,2778.0,upstream,oil,9582,TX,False
United States,USA,"IR_2012-2020_tile_-105,30,-90,45_feature_869_source_1",9584,32.16490908,-102.4727059,0.018279214,0.030265203,1872.56701,155.256217,0.017529236,150,,,,,2008.0,2668.0,,upstream,oil,9584,TX,False
United States,USA,"IR_2012-2020_tile_-105,30,-90,45_feature_1420_source_0",9586,31.63733564,-102.2598887,0.015349785,0.024244109,1930.877551,135.3741049,0.025178805,127,7797.0,3004.0,3314.0,2980.0,,,,upstream,oil,9586,TX,False
United States,USA,"IR_2012-2020_tile_-105,30,-90,45_feature_1813_source_0",9588,31.2575415,-103.9117386,0.075059944,0.17355199,1793.903323,166.4402391,0.076844598,520,,,2393.0,1971.0,,1709.0,1453.0,upstream,oil,9588,TX,False
United States,USA,"IR_2012-2020_tile_-105,30,-90,45_feature_1516_source_0",9589,31.58359348,-102.0631238,0.00604921,0.012809308,1829.666667,183.7091602,0.01098351,103,,,,,,2803.0,2361.0,upstream,oil,9589,TX,False
United States,USA,"IR_2012-2020_tile_-105,30,-90,45_feature_618_source_1",9591,32.38246707,-101.8743125,0.007402994,0.016216375,1849.555556,168.0298989,0.009834412,134,,,,3172.0,2193.0,2908.0,,upstream,oil,9591,TX,False
United States,USA,"IR_2012-2020_tile_-105,30,-90,45_feature_1604_source_0",9594,31.48919493,-103.1831624,0.017890457,0.038342149,1900.978723,163.6272996,0.03922632,324,7362.0,,,,,,2052.0,upstream,oil,9594,TX,False
United States,USA,"IR_2012-2020_tile_-105,30,-90,45_feature_1492_source_0",9595,31.59866015,-103.4376662,0.046716004,0.070630161,1921.193798,166.8611769,0.06894648,338,7148.0,2649.0,2901.0,2515.0,,2250.0,1920.0,upstream,oil,9595,TX,True
United States,USA,"IR_2012-2020_tile_-105,30,-90,45_feature_570_source_0",9596,32.39727569,-101.9618082,0.04860507,0.10337661,1887.606742,149.4642581,0.034545465,143,,3125.0,3463.0,3138.0,,,,upstream,oil,9596,TX,False
United States,USA,"IR_2012-2020_tile_-105,30,-90,45_feature_1647_source_0",9597,31.46157696,-103.2301338,0.040359785,0.0733707,1879.742857,150.6124657,0.06082689,310,7334.0,2768.0,3042.0,2686.0,,2405.0,,upstream,oil,9597,TX,False
United States,USA,"IR_2012-2020_tile_-105,30,-90,45_feature_1286_source_0",9598,31.7803353,-103.786733,0.013797211,0.02509235,1867.294118,81.9510361,0.016151951,68,6681.0,2319.0,2511.0,2107.0,,,,upstream,oil,9598,TX,True
United States,USA,"IR_2012-2020_tile_-105,30,-90,45_feature_1941_source_0",9602,31.14896429,-103.1658945,0.02847784,0.07213415,1831.293478,183.9875668,0.01697038,133,,,,,,2431.0,2058.0,upstream,oil,9602,TX,False
United States,USA,"IR_2012-2020_tile_-105,30,-90,45_feature_1527_source_0",9604,31.55685339,-103.1905786,0.01086837,0.016622491,1932.06,159.8910141,0.025868407,167,,,3059.0,2704.0,,,,upstream,oil,9604,TX,False
United States,USA,"IR_2012-2020_tile_-105,30,-90,45_feature_1971_source_1",9605,31.05256726,-103.7475877,0.070946701,0.151259239,1820.112903,155.923586,0.036605449,202,,2348.0,2536.0,,,,,upstream,oil,9605,TX,False
United States,USA,"IR_2012-2020_tile_-105,30,-90,45_feature_774_source_1",9609,32.26109101,-101.5981919,0.011485154,0.017055129,1957.879518,161.4020198,0.02074972,245,,,,3306.0,,,2631.0,upstream,oil,9609,TX,False
United States,USA,"IR_2012-2020_tile_-105,30,-90,45_feature_1594_source_0",9612,31.50550762,-101.7348469,0.017301066,0.030203822,1858.253333,152.7883149,0.01417557,132,,,3536.0,3236.0,,,,upstream,oil,9612,TX,False
United States,USA,"IR_2012-2020_tile_-105,30,-90,45_feature_1394_source_0",9613,31.69090697,-102.1360215,0.023171416,0.034290231,1928.927536,122.1247662,0.024221271,185,,3076.0,,3036.0,2068.0,2757.0,,upstream,oil,9613,TX,False
United States,USA,"IR_2012-2020_tile_-105,30,-90,45_feature_1049_source_0",9616,31.98407415,-104.2388187,0.03535892,0.061524677,1906.583333,154.3210713,0.029434197,133,6229.0,1970.0,2122.0,1698.0,,,,upstream,oil,9616,TX,True
United States,USA,"IR_2012-2020_tile_-105,30,-90,45_feature_2012_source_1",9617,31.00087667,-101.1756653,0.0158191,0.0270039,1902.941176,144.1063621,0.0225806,80,8457.0,,,,,,,upstream,oil,9617,TX,False
United States,USA,"IR_2012-2020_tile_-105,30,-90,45_feature_1947_source_1",9622,31.10500786,-102.9617554,0.008149972,0.016141865,1854.835616,131.190128,0.007908321,103,,,,,1914.0,2542.0,,upstream,oil,9622,TX,False
United States,USA,"IR_2012-2020_tile_-105,30,-90,45_feature_1547_source_2",9624,31.60262628,-103.0936187,0.048962204,0.071069892,1881.685637,153.9656416,0.043204674,445,,,,2742.0,,2470.0,2084.0,upstream,oil,9624,TX,False
United States,USA,"IR_2012-2020_tile_-105,30,-90,45_feature_505_source_0",9625,32.47434364,-102.2179853,0.007039939,0.013169661,1833.040816,166.4656561,0.009248123,67,,,3328.0,,,2706.0,2286.0,upstream,oil,9625,TX,False
United States,USA,"IR_2012-2020_tile_-105,30,-90,45_feature_507_source_0",9626,32.4333784,-102.3165747,0.008033324,0.013739976,1974.904762,168.6461228,0.019996296,113,,,,,,,,upstream,oil,9626,TX,False
United States,USA,"IR_2012-2020_tile_-105,30,-90,45_feature_1434_source_0",9627,31.65794981,-104.2224489,0.033566645,0.10375438,1846.151515,174.7477179,0.027349426,114,6247.0,1978.0,2127.0,,,,,upstream,oil,9627,TX,True
United States,USA,"IR_2012-2020_tile_-105,30,-90,45_feature_1675_source_1",9630,31.42824134,-103.6133955,0.01935452,0.036497773,1886.45977,166.7995428,0.019665596,179,,,2673.0,2281.0,,,1718.0,upstream,oil,9630,TX,True
United States,USA,"IR_2012-2020_tile_-105,30,-90,45_feature_1368_source_1",9634,31.71389489,-102.0160659,0.02015718,0.03320826,1923.523077,135.6052084,0.02667608,154,,,3432.0,3104.0,,,,upstream,oil,9634,TX,False
United States,USA,"IR_2012-2020_tile_-105,30,-90,45_feature_1700_source_2",9637,31.40462296,-103.3169654,0.021637249,0.040435974,1881.354167,170.8996403,0.025544853,167,7259.0,,,2624.0,,,,upstream,oil,9637,TX,True
United States,USA,"IR_2012-2020_tile_-105,30,-90,45_feature_589_source_1",9638,32.37616713,-101.677799,0.047743738,0.098782115,1817.283019,131.7601753,0.019696033,201,,,,3263.0,2280.0,3024.0,2585.0,upstream,oil,9638,TX,False
United States,USA,"IR_2012-2020_tile_-105,30,-90,45_feature_1678_source_0",9639,31.43518138,-102.3484664,0.014163706,0.027300162,1793.653846,170.4217489,0.011020349,94,7744.0,2986.0,3296.0,2963.0,,,,upstream,oil,9639,TX,False
United States,USA,"IR_2012-2020_tile_-105,30,-90,45_feature_869_source_0",9641,32.14075163,-102.4795645,0.008097175,0.01256338,1903.183908,136.6771957,0.012442169,132,,,,2948.0,,,,upstream,oil,9641,TX,False
United States,USA,"IR_2012-2020_tile_-105,30,-90,45_feature_820_source_1",9642,32.20586815,-102.1775229,0.015033339,0.029792,1903.264957,171.2734802,0.029295468,193,,,,3005.0,,,,upstream,oil,9642,TX,False
United States,USA,"IR_2012-2020_tile_-105,30,-90,45_feature_1789_source_1",9643,31.286452,-101.6136025,0.028422831,0.038716663,1883.867257,155.5925303,0.029399958,196,8173.0,,,3297.0,2311.0,3063.0,2624.0,upstream,oil,9643,TX,False
United States,USA,"IR_2012-2020_tile_-105,30,-90,45_feature_2008_source_0",9646,31.01724425,-103.3882665,0.029908795,0.047187506,1906.717391,169.4436758,0.030115513,121,7199.0,,,,,,,upstream,oil,9646,TX,False
United States,USA,"IR_2012-2020_tile_-105,30,-90,45_feature_1403_source_0",9648,31.66712832,-103.0588581,0.01449767,0.027688237,1899.761194,204.9664035,0.01105573,94,,,,,1866.0,2481.0,,upstream,oil,9648,TX,False
United States,USA,"IR_2012-2020_tile_-105,30,-90,45_feature_748_source_0",9649,32.26438059,-101.9760428,0.193427663,0.452528573,1837.962963,127.6450465,0.056165878,664,,,3452.0,3132.0,2157.0,2860.0,2409.0,upstream,oil,9649,TX,False
United States,USA,"IR_2012-2020_tile_-105,30,-90,45_feature_1985_source_0",9653,31.0383917,-103.7731366,0.006380027,0.016091714,1801.367089,163.9771655,0.006251465,95,,,,,1378.0,1818.0,,upstream,oil,9653,TX,False
United States,USA,"IR_2012-2020_tile_-105,30,-90,45_feature_1692_source_0",9654,31.39902414,-101.4315206,0.013068406,0.018206883,1914.093333,140.6084562,0.02220868,239,,,3683.0,3384.0,,3155.0,2703.0,upstream,oil,9654,TX,False
United States,USA,"IR_2012-2020_tile_-105,30,-90,45_feature_914_source_1",9655,32.1244972,-102.022187,0.018500448,0.029354949,1952.54878,145.2329208,0.021228138,225,,,,3097.0,2129.0,2830.0,,upstream,oil,9655,TX,False
United States,USA,"IR_2012-2020_tile_-105,30,-90,45_feature_1170_source_1",9657,31.89487361,-101.8814577,0.044467404,0.08185036,1846.485714,142.1232406,0.04882393,222,,3147.0,3495.0,3170.0,,,2460.0,upstream,oil,9657,TX,False
United States,USA,"IR_2012-2020_tile_-105,30,-90,45_feature_1211_source_1",9661,31.85416864,-103.5112943,0.12385486,0.268419696,1836.946078,139.8469473,0.069985498,338,7018.0,2576.0,2804.0,,,,,upstream,oil,9661,TX,True
United States,USA,"IR_2012-2020_tile_-105,30,-90,45_feature_1673_source_0",9663,31.42749428,-103.4603756,0.034321458,0.059426422,1892.0,135.110757,0.036714804,138,7105.0,2625.0,,,,,,upstream,oil,9663,TX,True
United States,USA,"IR_2012-2020_tile_-105,30,-90,45_feature_1572_source_0",9664,31.52440515,-103.5680809,0.012745053,0.02463614,1865.285714,145.8887436,0.01065058,137,,,,2349.0,1569.0,2079.0,1785.0,upstream,oil,9664,TX,True
United States,USA,"IR_2012-2020_tile_-105,30,-90,45_feature_1708_source_0",9666,31.39604366,-103.0661412,0.020662036,0.04307584,1838.09901,144.3231732,0.0226533,173,,,3100.0,2754.0,,,,upstream,oil,9666,TX,False
United States,USA,"IR_2012-2020_tile_-105,30,-90,45_feature_1924_source_0",9668,31.11618762,-103.5066928,0.04982139,0.106916687,1868.786885,147.6172626,0.03551516,201,,2578.0,2808.0,2444.0,1650.0,2172.0,1859.0,upstream,oil,9668,TX,False
United States,USA,"IR_2012-2020_tile_-105,30,-90,45_feature_1093_source_0",9675,31.93952739,-104.2946555,0.044807479,0.04460911,1932.724138,130.4858903,0.039372756,190,6204.0,1954.0,2100.0,1680.0,,,,upstream,oil,9675,TX,True
United States,USA,"IR_2012-2020_tile_-105,30,-90,45_feature_932_source_0",9676,32.10370035,-101.8416421,0.03958796,0.08108574,1877.409091,150.1880616,0.04780422,200,8064.0,3154.0,3502.0,3190.0,,,2483.0,upstream,oil,9676,TX,False
United States,USA,"IR_2012-2020_tile_-105,30,-90,45_feature_418_source_0",9677,32.60326343,-101.650041,0.010630048,0.027518469,1755.8125,167.0045728,0.019145727,90,8151.0,3199.0,,,,,,upstream,oil,9677,TX,False
United States,USA,"IR_2012-2020_tile_-105,30,-90,45_feature_1982_source_0",9678,31.05345656,-103.3006484,0.04599621,0.08740363,1829.901786,132.3447176,0.041995735,426,,,,2636.0,1772.0,2357.0,2006.0,upstream,oil,9678,TX,False
United States,USA,"IR_2012-2020_tile_-105,30,-90,45_feature_1946_source_0",9679,31.08415888,-101.609895,0.012420693,0.023873936,1846.12963,206.1496262,0.015823353,100,8179.0,,3586.0,,,,2625.0,upstream,oil,9679,TX,False
United States,USA,"IR_2012-2020_tile_-105,30,-90,45_feature_1627_source_0",9680,31.46935087,-101.5316218,0.02130044,0.03761144,1872.05102,128.6070881,0.01362221,117,,,,,2347.0,3108.0,,upstream,oil,9680,TX,False
United States,USA,"IR_2012-2020_tile_-105,30,-90,45_feature_586_source_0",9681,32.38824406,-101.6092517,0.590314478,1.253819587,1800.711111,136.9003531,0.048337929,506,,,,,,3064.0,2626.0,upstream,oil,9681,TX,False
United States,USA,"IR_2012-2020_tile_-105,30,-90,45_feature_1601_source_1",9682,31.54932125,-103.4525184,0.022886935,0.042523099,1899.856115,157.2915344,0.03116412,252,,,2889.0,2502.0,1689.0,2232.0,,upstream,oil,9682,TX,True
United States,USA,"IR_2012-2020_tile_-105,30,-90,45_feature_1541_source_2",9685,31.55760992,-102.0575054,0.011125179,0.01611067,1969.658537,174.386396,0.016888415,107,7994.0,3101.0,3415.0,3075.0,,,,upstream,oil,9685,TX,False
United States,USA,"IR_2012-2020_tile_-105,30,-90,45_feature_644_source_3",9686,32.34035468,-102.1173825,0.053410451,0.083532659,1942.452703,111.7792428,0.031065336,214,,,,3046.0,2075.0,2767.0,,upstream,oil,9686,TX,False
United States,USA,"IR_2012-2020_tile_-105,30,-90,45_feature_980_source_0",9688,32.04711815,-101.8914317,0.005519475,0.014200001,1821.962264,200.8023493,0.01001092,99,8050.0,,,,,,2456.0,upstream,oil,9688,TX,False
United States,USA,"IR_2012-2020_tile_-105,30,-90,45_feature_1139_source_0",9690,31.9058127,-102.1116141,0.03505447,0.078264361,1835.584906,149.0233531,0.01126891,143,,,,,2079.0,2772.0,2340.0,upstream,oil,9690,TX,False
United States,USA,"IR_2012-2020_tile_-105,30,-90,45_feature_1858_source_0",9692,31.20636139,-101.9416888,0.006262075,0.009845576,1909.06,131.0927016,0.0089312,78,,,,,,,2428.0,upstream,oil,9692,TX,False
United States,USA,"IR_2012-2020_tile_-105,30,-90,45_feature_1568_source_2",9693,31.55986889,-102.6956473,0.049467272,0.081559829,1907.949324,141.1216918,0.046028486,423,,2905.0,,2880.0,1965.0,2612.0,2187.0,upstream,oil,9693,TX,False
United States,USA,"IR_2012-2020_tile_-105,30,-90,45_feature_1167_source_1",9696,31.8717775,-104.2056148,0.00803583,0.009897368,1882.836538,159.4169732,0.012146677,169,,,2133.0,,,1466.0,1259.0,upstream,oil,9696,TX,True
United States,USA,"IR_2012-2020_tile_-105,30,-90,45_feature_609_source_1",9697,32.34097906,-101.5490632,0.01609342,0.025548356,1948.925926,192.9135147,0.028044768,151,,,3614.0,3338.0,,,,upstream,oil,9697,TX,False
United States,USA,"IR_2012-2020_tile_-105,30,-90,45_feature_454_source_1",9699,32.56329917,-101.5275097,0.006922327,0.017443264,1837.136364,225.2558738,0.016404525,104,,,3624.0,3347.0,,,,upstream,oil,9699,TX,False
United States,USA,"IR_2012-2020_tile_-105,30,-90,45_feature_1429_source_1",9700,31.64655416,-103.9126971,0.05704384,0.131349095,1799.377246,123.2287011,0.027493216,199,6560.0,2214.0,2399.0,1963.0,1293.0,1708.0,,upstream,oil,9700,TX,True
United States,USA,"IR_2012-2020_tile_-105,30,-90,45_feature_1218_source_4",9701,31.9544513,-104.0386722,0.029694093,0.05081122,1847.645522,162.2654832,0.030944536,322,6393.0,,,,1181.0,1583.0,,upstream,oil,9701,TX,True
United States,USA,"IR_2012-2020_tile_-105,30,-90,45_feature_975_source_0",9702,32.0455502,-102.2102907,0.010391996,0.019809069,1920.69697,178.2210042,0.01849445,150,7844.0,,,,,,2292.0,upstream,oil,9702,TX,False
United States,USA,"IR_2012-2020_tile_-105,30,-90,45_feature_1401_source_0",9703,31.67113991,-104.2663495,0.024062874,0.051132731,1846.527273,150.4722088,0.02542101,129,6211.0,1958.0,2108.0,1688.0,,,,upstream,oil,9703,TX,True
United States,USA,"IR_2012-2020_tile_-105,30,-90,45_feature_1710_source_0",9706,31.38009212,-101.5930681,0.011128649,0.018786745,1895.413333,216.2912292,0.01703756,159,,,3590.0,,,,2637.0,upstream,oil,9706,TX,False
United States,USA,"IR_2012-2020_tile_-105,30,-90,45_feature_1921_source_0",9707,31.12909627,-103.2453108,0.005663651,0.010085119,1848.795455,204.9569333,0.010723616,82,,2767.0,,,1804.0,2398.0,,upstream,oil,9707,TX,False
United States,USA,"IR_2012-2020_tile_-105,30,-90,45_feature_1316_source_1",9708,31.73881964,-103.2053605,0.002821234,0.005381132,1944.611111,239.9387975,0.008700889,66,,,3053.0,2695.0,,,,upstream,oil,9708,TX,False
United States,USA,"IR_2012-2020_tile_-105,30,-90,45_feature_1464_source_1",9709,31.60655905,-101.7825783,0.01593533,0.029335898,1926.653333,203.9466919,0.016168046,159,,,3523.0,3213.0,,,,upstream,oil,9709,TX,False
United States,USA,"IR_2012-2020_tile_-105,30,-90,45_feature_1468_source_0",9710,31.59604636,-103.7598362,0.00982809,0.015976304,1986.140845,139.1568469,0.011123095,109,,,,2129.0,,,,upstream,oil,9710,TX,True
United States,USA,"IR_2012-2020_tile_-105,30,-90,45_feature_1060_source_0",9711,31.97352551,-103.9889378,0.029879443,0.074208884,1869.857143,151.795549,0.033483208,167,6475.0,2137.0,2309.0,1887.0,,,,upstream,oil,9711,TX,True
United States,USA,"IR_2012-2020_tile_-105,30,-90,45_feature_1699_source_2",9713,31.42098849,-103.6881264,0.03776952,0.07315601,1859.763819,122.9563778,0.01970203,233,,,,2190.0,1440.0,1899.0,1624.0,upstream,oil,9713,TX,True
United States,USA,"IR_2012-2020_tile_-105,30,-90,45_feature_1137_source_0",9718,31.89984,-101.4613946,0.010628578,0.021118062,1810.5,132.0620796,0.015723991,64,8281.0,,,,,,,upstream,oil,9718,TX,False
United States,USA,"IR_2012-2020_tile_-105,30,-90,45_feature_1297_source_3",9721,31.80095869,-101.982544,0.033281832,0.064935861,1826.826347,154.9798898,0.02742489,248,,,,3124.0,2156.0,2859.0,2407.0,upstream,oil,9721,TX,False
United States,USA,"IR_2012-2020_tile_-105,30,-90,45_feature_1414_source_3",9724,31.6795365,-104.1238937,0.048290372,0.09633886,1842.264706,160.5509006,0.03899245,223,6329.0,2030.0,2196.0,1756.0,,,,upstream,oil,9724,TX,True
United States,USA,"IR_2012-2020_tile_-105,30,-90,45_feature_914_source_0",9725,32.13557863,-102.0063832,0.026181621,0.046784713,1956.346405,151.0845031,0.027014146,202,,,,3110.0,2137.0,2836.0,,upstream,oil,9725,TX,False
United States,USA,"IR_2012-2020_tile_-105,30,-90,45_feature_1629_source_0",9727,31.46498623,-103.5568656,0.019305392,0.035059385,1878.666667,128.1597015,0.024991968,195,,,2743.0,2369.0,,,,upstream,oil,9727,TX,True
United States,USA,"IR_2012-2020_tile_-105,30,-90,45_feature_1347_source_4",9728,31.7415073,-103.6339097,0.229367937,0.550800741,1767.290076,106.4613673,0.07074026,172,6835.0,2438.0,2651.0,2256.0,,,,upstream,oil,9728,TX,True
United States,USA,"IR_2012-2020_tile_-105,30,-90,45_feature_1524_source_0",9731,31.58505476,-101.4096729,0.079296991,0.18497671,1837.78866,148.0075286,0.058880175,325,8332.0,3254.0,3690.0,3402.0,,,,upstream,oil,9731,TX,False
United States,USA,"IR_2012-2020_tile_-105,30,-90,45_feature_1203_source_0",9732,31.84573506,-102.0950641,0.034639678,0.079172734,1820.623377,194.6424654,0.026565056,160,7968.0,,,,,,,upstream,oil,9732,TX,False
United States,USA,"IR_2012-2020_tile_-105,30,-90,45_feature_1731_source_0",9733,31.37099944,-103.4584647,0.047670529,0.091235974,1875.0,146.6309366,0.033958884,193,,2636.0,2883.0,2500.0,,,,upstream,oil,9733,TX,True
United States,USA,"IR_2012-2020_tile_-105,30,-90,45_feature_572_source_0",9734,32.39987249,-101.7391531,0.08979583,0.197164347,1829.377049,98.41389634,0.018516238,233,,,,,,2983.0,2545.0,upstream,oil,9734,TX,False
United States,USA,"IR_2012-2020_tile_-105,30,-90,45_feature_259_source_0",9735,33.27326701,-102.5977251,0.007408246,0.017400351,1841.440678,185.4584125,0.00755384,96,,,3254.0,,1992.0,2644.0,,upstream,oil,9735,TX,False
United States,USA,"IR_2012-2020_tile_-105,30,-90,45_feature_1934_source_0",9736,31.10575517,-103.1068822,0.035484222,0.076263248,1800.683761,155.3826074,0.03242732,234,7386.0,,,,1855.0,2467.0,,upstream,oil,9736,TX,False
United States,USA,"IR_2012-2020_tile_-105,30,-90,45_feature_791_source_0",9739,32.19675526,-101.4396137,0.008624685,0.016070544,1872.633333,116.699324,0.006459643,76,,,,,2371.0,3147.0,,upstream,oil,9739,TX,False
United States,USA,"IR_2012-2020_tile_-105,30,-90,45_feature_1739_source_1",9740,31.36938451,-101.9245815,0.005770321,0.01075759,1855.923077,181.9055806,0.009562064,105,,,,,,2884.0,2437.0,upstream,oil,9740,TX,False
United States,USA,"IR_2012-2020_tile_-105,30,-90,45_feature_1309_source_2",9742,31.80232686,-104.183718,0.024145522,0.04591748,1891.743363,143.1884567,0.03330864,205,,,2158.0,,1099.0,1476.0,,upstream,oil,9742,TX,True
United States,USA,"IR_2012-2020_tile_-105,30,-90,45_feature_1872_source_0",9743,31.19487008,-101.0501759,0.039922912,0.08160008,1807.6875,161.5069859,0.024818171,98,8498.0,,3763.0,,,,,upstream,oil,9743,TX,False
United States,USA,"IR_2012-2020_tile_-105,30,-90,45_feature_1376_source_1",9746,31.74207261,-102.9518663,0.0330533,0.07417046,1886.069767,180.014693,0.03632483,226,7437.0,2847.0,3144.0,,1920.0,2550.0,,upstream,oil,9746,TX,False
United States,USA,"IR_2012-2020_tile_-105,30,-90,45_feature_1902_source_0",9747,31.16924888,-103.78922,0.04835959,0.10363878,1834.278481,147.0993754,0.017767261,121,,,2503.0,2109.0,,,,upstream,oil,9747,TX,False
United States,USA,"IR_2012-2020_tile_-105,30,-90,45_feature_1559_source_0",9748,31.54118206,-103.8081215,0.046012519,0.09186465,1882.492424,142.5379001,0.04769476,292,6665.0,2305.0,2489.0,2091.0,,1804.0,1543.0,upstream,oil,9748,TX,True
United States,USA,"IR_2012-2020_tile_-105,30,-90,45_feature_1465_source_3",9751,31.66488399,-103.8468689,0.073654369,0.158780111,1808.050847,138.660634,0.036621918,315,,,2453.0,2046.0,,1759.0,,upstream,oil,9751,TX,True
United States,USA,"IR_2012-2020_tile_-105,30,-90,45_feature_1571_source_1",9757,31.54647873,-101.3530596,0.062898079,0.124385385,1831.629464,165.203098,0.041535933,305,,,,,2398.0,3188.0,2739.0,upstream,oil,9757,TX,False
United States,USA,"IR_2012-2020_tile_-105,30,-90,45_feature_1864_source_0",9759,31.21746903,-101.5161134,0.00384729,0.007213593,1895.044444,207.1963058,0.006923802,72,,,3635.0,,,,,upstream,oil,9759,TX,False
United States,USA,"IR_2012-2020_tile_-105,30,-90,45_feature_1042_source_0",9762,31.99625927,-102.2676017,0.012370284,0.021790734,1914.493506,174.7257312,0.012697275,128,7788.0,,,,,,2263.0,upstream,oil,9762,TX,False
United States,USA,"IR_2012-2020_tile_-105,30,-90,45_feature_1279_source_1",9764,31.79898062,-101.7219739,0.027661476,0.052293044,1885.541667,166.0034251,0.026083308,192,,3180.0,3543.0,,,,,upstream,oil,9764,TX,False
United States,USA,"IR_2012-2020_tile_-105,30,-90,45_feature_2001_source_0",9766,31.02069517,-101.3198861,0.061573753,0.13279649,1822.304348,149.6936434,0.035308948,243,8394.0,,,3435.0,2410.0,3204.0,,upstream,oil,9766,TX,False
United States,USA,"IR_2012-2020_tile_-105,30,-90,45_feature_463_source_2",9768,32.52050814,-101.4092707,0.006426842,0.010942607,1919.255814,169.0793254,0.014194559,93,,,,3401.0,,,,upstream,oil,9768,TX,False
United States,USA,"IR_2012-2020_tile_-105,30,-90,45_feature_1981_source_0",9769,31.04883062,-101.3361276,0.009062795,0.012603079,1863.857143,162.9666299,0.014760999,61,8384.0,3286.0,,,,,,upstream,oil,9769,TX,False
United States,USA,"IR_2012-2020_tile_-105,30,-90,45_feature_1769_source_0",9770,31.30996703,-101.5874834,0.017328595,0.035877867,1844.494949,168.3233045,0.013018936,143,8188.0,3213.0,3595.0,,2319.0,3075.0,,upstream,oil,9770,TX,False
United States,USA,"IR_2012-2020_tile_-105,30,-90,45_feature_1372_source_1",9772,31.69923541,-102.3797273,0.00361631,0.005408546,1965.083333,93.74518506,0.009269182,68,7726.0,,,2959.0,,,,upstream,oil,9772,TX,False
United States,USA,"IR_2012-2020_tile_-105,30,-90,45_feature_1601_source_0",9774,31.53951297,-103.4773155,0.016625004,0.03093973,1845.81982,127.4879396,0.011543753,142,7075.0,,,,1665.0,2194.0,,upstream,oil,9774,TX,True
United States,USA,"IR_2012-2020_tile_-105,30,-90,45_feature_1245_source_0",9777,31.81375875,-101.6897373,0.015542394,0.031097544,1831.393939,152.0105537,0.013755934,85,,3191.0,,,,,,upstream,oil,9777,TX,False
United States,USA,"IR_2012-2020_tile_-105,30,-90,45_feature_1488_source_0",9778,31.60952325,-101.380623,0.014719345,0.03131422,1774.532258,123.5868139,0.00657416,85,,,,,,3180.0,2726.0,upstream,oil,9778,TX,False
United States,USA,"IR_2012-2020_tile_-105,30,-90,45_feature_1362_source_2",9779,31.72904436,-102.1660196,0.08534981,0.176015253,1831.90535,137.8574862,0.035449298,345,7906.0,,3367.0,3011.0,2048.0,2731.0,,upstream,oil,9779,TX,False
United States,USA,"IR_2012-2020_tile_-105,30,-90,45_feature_1891_source_2",9780,31.16273982,-101.3753684,0.006224815,0.00976629,1980.15625,190.7896599,0.018218163,135,8361.0,,3707.0,3413.0,,,,upstream,oil,9780,TX,False
United States,USA,"IR_2012-2020_tile_-105,30,-90,45_feature_1444_source_0",9781,31.65314813,-101.4850663,0.013761706,0.027064064,1868.0625,192.1633318,0.013509598,111,,,,,2359.0,3127.0,,upstream,oil,9781,TX,False
United States,USA,"IR_2012-2020_tile_-105,30,-90,45_feature_650_source_0",9783,32.33083861,-102.7934342,0.005877307,0.010005526,1870.791667,198.1363123,0.012767252,98,,,,2843.0,,2587.0,,upstream,oil,9783,TX,False
United States,USA,"IR_2012-2020_tile_-105,30,-90,45_feature_729_source_1",9785,32.25450659,-102.6717415,0.015712434,0.026774827,1895.384615,165.8303296,0.021965546,125,7578.0,,3222.0,2892.0,,,,upstream,oil,9785,TX,False
United States,USA,"IR_2012-2020_tile_-105,30,-90,45_feature_876_source_0",9788,32.14982778,-102.6438604,0.001682119,0.003598713,1885.407407,173.3321067,0.004457787,53,,,,,,2626.0,2209.0,upstream,oil,9788,TX,False
United States,USA,"IR_2012-2020_tile_-105,30,-90,45_feature_1842_source_0",9789,31.22058658,-101.2938521,0.008226185,0.014215119,1943.698113,175.4133216,0.014258009,91,,3291.0,3732.0,,2413.0,3211.0,,upstream,oil,9789,TX,False
United States,USA,"IR_2012-2020_tile_-105,30,-90,45_feature_1244_source_2",9791,31.8329742,-101.8187018,0.020212032,0.034920299,1866.253012,157.4165561,0.020905018,150,,,3514.0,,2213.0,2934.0,2495.0,upstream,oil,9791,TX,False
United States,USA,"IR_2012-2020_tile_-105,30,-90,45_feature_1294_source_0",9792,31.79367219,-101.623402,0.004104194,0.00923524,1768.102273,180.9012186,0.006967267,116,,,,3290.0,,,2620.0,upstream,oil,9792,TX,False
United States,USA,"IR_2012-2020_tile_-105,30,-90,45_feature_877_source_0",9794,32.14840542,-102.183784,0.011564036,0.01895634,1901.352941,183.3635437,0.013115905,99,,,3347.0,,,,2303.0,upstream,oil,9794,TX,False
United States,USA,"IR_2012-2020_tile_-105,30,-90,45_feature_1495_source_0",9796,31.58948455,-102.0276753,0.034362609,0.082714544,1780.79646,164.1239635,0.047489752,388,,,3427.0,,2128.0,2829.0,2378.0,upstream,oil,9796,TX,False
United States,USA,"IR_2012-2020_tile_-105,30,-90,45_feature_1658_source_0",9798,31.44709937,-103.6942186,0.01142726,0.01941689,1897.3875,138.581158,0.01022684,87,,,,,,,1622.0,upstream,oil,9798,TX,True
United States,USA,"IR_2012-2020_tile_-105,30,-90,45_feature_905_source_0",9799,32.12649375,-101.8569335,0.019197922,0.038486285,1857.907609,143.5992958,0.02355389,286,,,,3178.0,2200.0,2915.0,2469.0,upstream,oil,9799,TX,False
United States,USA,"IR_2012-2020_tile_-105,30,-90,45_feature_1208_source_0",9800,31.83952627,-102.1401225,0.03442435,0.06726046,1837.943662,124.6816665,0.02832986,155,7927.0,3069.0,3379.0,3029.0,,,,upstream,oil,9800,TX,False
United States,USA,"IR_2012-2020_tile_-105,30,-90,45_feature_1209_source_0",9802,31.84989537,-104.1955144,0.020685357,0.041442456,1898.178571,202.4522084,0.024224079,126,6265.0,,2151.0,,,,,upstream,oil,9802,TX,True
United States,USA,"IR_2012-2020_tile_-105,30,-90,45_feature_1358_source_1",9805,31.74742943,-101.5213071,0.003532097,0.006767973,1923.692308,170.6067834,0.008679785,69,8231.0,,,,,,,upstream,oil,9805,TX,False
United States,USA,"IR_2012-2020_tile_-105,30,-90,45_feature_1246_source_0",9806,31.80938181,-103.7294917,0.011025664,0.020767844,1884.956522,149.98178,0.019986111,145,6733.0,2363.0,2545.0,,,,1582.0,upstream,oil,9806,TX,True
United States,USA,"IR_2012-2020_tile_-105,30,-90,45_feature_1529_source_0",9809,31.55158698,-103.4177474,0.045183037,0.085817541,1883.389474,119.0991444,0.020645897,254,,,,,1716.0,2266.0,1926.0,upstream,oil,9809,TX,True
United States,USA,"IR_2012-2020_tile_-105,30,-90,45_feature_1552_source_0",9812,31.57353744,-103.8493605,0.024038812,0.052939827,1828.925926,173.5956191,0.021150285,115,6616.0,2265.0,2449.0,2041.0,,,,upstream,oil,9812,TX,True
United States,USA,"IR_2012-2020_tile_-105,30,-90,45_feature_1280_source_0",9815,31.80374083,-101.6573212,0.012124237,0.024237008,1909.96,161.7755185,0.010957294,106,,3198.0,,,,3039.0,2601.0,upstream,oil,9815,TX,False
United States,USA,"IR_2012-2020_tile_-105,30,-90,45_feature_1840_source_1",9816,31.2727189,-103.3139797,0.11098841,0.2373791,1859.465306,124.0784965,0.06718362,342,7282.0,2736.0,2993.0,2627.0,1763.0,2345.0,1995.0,upstream,oil,9816,TX,False
United States,USA,"IR_2012-2020_tile_-105,30,-90,45_feature_463_source_1",9820,32.50897765,-101.4397871,0.002148653,0.003785227,1964.121212,232.294061,0.01047916,115,,,,,,,2697.0,upstream,oil,9820,TX,False
United States,USA,"IR_2012-2020_tile_-105,30,-90,45_feature_1430_source_0",9821,31.6643414,-103.3219237,0.003770867,0.004544257,2019.696429,157.4329698,0.007582741,80,,,,,,2341.0,,upstream,oil,9821,TX,True
United States,USA,"IR_2012-2020_tile_-105,30,-90,45_feature_1248_source_0",9825,31.82015623,-104.2878758,0.003052837,0.005858261,1844.392857,147.6575041,0.005393628,56,,,,,,1431.0,1237.0,upstream,oil,9825,TX,True
United States,USA,"IR_2012-2020_tile_-105,30,-90,45_feature_1020_source_0",9826,31.99988357,-101.8450614,0.008903853,0.018284874,1861.708333,121.4396212,0.008360162,78,,3152.0,,,,,2478.0,upstream,oil,9826,TX,False
United States,USA,"IR_2012-2020_tile_-105,30,-90,45_feature_614_source_0",9827,32.36207054,-102.7949576,0.019403187,0.035011866,1906.09375,233.6635347,0.037413117,193,7484.0,,,,,,,upstream,oil,9827,TX,False
United States,USA,"IR_2012-2020_tile_-105,30,-90,45_feature_1205_source_1",9828,31.84577774,-101.6547176,0.00293158,0.006828404,1782.166667,148.9453266,0.008205191,86,,,,,,3040.0,2604.0,upstream,oil,9828,TX,False
United States,USA,"IR_2012-2020_tile_-105,30,-90,45_feature_486_source_7",9829,32.48498325,-101.5904678,0.042303082,0.070297441,1902.342697,183.1056994,0.051571673,310,8186.0,,3592.0,3312.0,2317.0,3073.0,,upstream,oil,9829,TX,False
United States,USA,"IR_2012-2020_tile_-105,30,-90,45_feature_1397_source_0",9830,31.67849451,-101.5085537,0.021646279,0.04142977,1847.3,158.4439228,0.026246694,123,8241.0,3235.0,,,,,,upstream,oil,9830,TX,False
United States,USA,"IR_2012-2020_tile_-105,30,-90,45_feature_666_source_2",9831,32.31050154,-102.2276818,0.010327934,0.015614847,1959.25641,170.8181996,0.013753961,85,7822.0,,,,,,,upstream,oil,9831,TX,False
United States,USA,"IR_2012-2020_tile_-105,30,-90,45_feature_1576_source_0",9833,31.51154614,-101.8585711,0.031697321,0.063330811,1869.863158,157.8766081,0.016703541,141,,,3497.0,3182.0,,,,upstream,oil,9833,TX,False
United States,USA,"IR_2012-2020_tile_-105,30,-90,45_feature_1068_source_1",9834,32.00506753,-102.23857,0.035013924,0.067429253,1817.214286,142.7845589,0.028772113,190,7805.0,,3320.0,2982.0,,2699.0,2277.0,upstream,oil,9834,TX,False
United States,USA,"IR_2012-2020_tile_-105,30,-90,45_feature_1035_source_0",9835,32.01574396,-102.5920192,0.17278753,0.43178846,1825.173387,156.9526786,0.13258407,463,7637.0,2949.0,3258.0,2929.0,,2642.0,2223.0,upstream,oil,9835,TX,False
United States,USA,"IR_2012-2020_tile_-105,30,-90,45_feature_1527_source_2",9837,31.5816879,-103.1695604,0.008553509,0.014164126,1984.212121,178.9613565,0.012856389,118,,,,,1827.0,2434.0,,upstream,oil,9837,TX,False
United States,USA,"IR_2012-2020_tile_-105,30,-90,45_feature_1216_source_0",9839,31.86399821,-102.4221595,0.004286122,0.007910788,1890.75,157.9047049,0.009944686,94,,,,,,,2249.0,upstream,oil,9839,TX,False
United States,USA,"IR_2012-2020_tile_-105,30,-90,45_feature_1606_source_0",9843,31.48765909,-103.7084245,0.06276107,0.15101382,1889.271357,152.6628852,0.04105439,301,,2381.0,2571.0,2170.0,1427.0,1883.0,,upstream,oil,9843,TX,True
United States,USA,"IR_2012-2020_tile_-105,30,-90,45_feature_1662_source_0",9844,31.44230207,-103.2920391,0.03966136,0.093511571,1859.634454,178.754176,0.042435955,432,,,3012.0,2648.0,,,2010.0,upstream,oil,9844,TX,False
United States,USA,"IR_2012-2020_tile_-105,30,-90,45_feature_299_source_0",9846,32.94251643,-101.3519298,0.005269509,0.008310906,1934.285714,121.8379653,0.012775972,54,,,3721.0,3422.0,,,,upstream,oil,9846,TX,False
United States,USA,"IR_2012-2020_tile_-105,30,-90,45_feature_1170_source_0",9847,31.92812889,-101.88004,0.017254835,0.03073667,1907.509259,174.4315899,0.027724644,156,,,,3171.0,2190.0,2905.0,2463.0,upstream,oil,9847,TX,False
United States,USA,"IR_2012-2020_tile_-105,30,-90,45_feature_1573_source_0",9848,31.52862418,-103.1647341,0.016427244,0.026962226,1940.96063,151.6258035,0.022350975,193,,,3070.0,2712.0,1828.0,2435.0,,upstream,oil,9848,TX,False
United States,USA,"IR_2012-2020_tile_-105,30,-90,45_feature_1705_source_0",9850,31.40527722,-101.9924291,0.003952505,0.007509579,1861.390244,179.9801992,0.006669622,73,,,,,,,,upstream,oil,9850,TX,False
United States,USA,"IR_2012-2020_tile_-105,30,-90,45_feature_1787_source_0",9852,31.27047833,-101.6925779,0.003395839,0.005676412,1985.633333,173.2086378,0.009888015,74,,,3556.0,,,,,upstream,oil,9852,TX,False
United States,USA,"IR_2012-2020_tile_-105,30,-90,45_feature_1707_source_1",9853,31.41276194,-103.1946188,0.013367173,0.019408428,1986.176471,145.8400555,0.02304134,117,7359.0,2783.0,,,,,,upstream,oil,9853,TX,False
United States,USA,"IR_2012-2020_tile_-105,30,-90,45_feature_1823_source_0",9854,31.25581407,-101.0607755,0.052413281,0.13089001,1806.44898,88.55992119,0.038105615,118,8489.0,,,,,,,upstream,oil,9854,TX,False
United States,USA,"IR_2012-2020_tile_-105,30,-90,45_feature_1289_source_0",9856,31.78277116,-101.5448384,0.010686387,0.020323165,1844.242424,118.1046096,0.013465899,112,,,3615.0,,2339.0,3098.0,,upstream,oil,9856,TX,False
United States,USA,"IR_2012-2020_tile_-105,30,-90,45_feature_1806_source_0",9858,31.27023776,-101.5738834,0.062714489,0.137537868,1861.837838,176.4149,0.061403335,284,8203.0,,3599.0,3330.0,,,,upstream,oil,9858,TX,False
United States,USA,"IR_2012-2020_tile_-105,30,-90,45_feature_1677_source_0",9860,31.43118524,-101.420295,0.003307838,0.005878766,1943.653846,188.7676517,0.008715566,79,,,,,,,,upstream,oil,9860,TX,False
United States,USA,"IR_2012-2020_tile_-105,30,-90,45_feature_499_source_0",9861,32.45995156,-102.1672748,0.020216437,0.04043786,1796.0,171.4210503,0.01919753,99,,,,,,,,upstream,oil,9861,TX,False
United States,USA,"IR_2012-2020_tile_-105,30,-90,45_feature_774_source_0",9862,32.2232819,-101.5421994,0.014422106,0.02942849,1888.117647,176.0099314,0.024643576,179,,3227.0,3621.0,3344.0,,3104.0,2660.0,upstream,oil,9862,TX,False
United States,USA,"IR_2012-2020_tile_-105,30,-90,45_feature_745_source_0",9863,32.24714572,-102.1480899,0.007055859,0.012943332,1905.596154,144.0830769,0.011298486,96,,,3369.0,,,2748.0,,upstream,oil,9863,TX,False
United States,USA,"IR_2012-2020_tile_-105,30,-90,45_feature_1815_source_0",9866,31.26669528,-103.3942282,0.005336044,0.009459827,1921.408451,181.3142613,0.008659101,96,,,,,,2288.0,1949.0,upstream,oil,9866,TX,False
United States,USA,"IR_2012-2020_tile_-105,30,-90,45_feature_1357_source_0",9867,31.71824628,-102.2213377,0.025038895,0.05100648,1850.605263,100.9388923,0.01340153,103,7835.0,3027.0,,2991.0,2031.0,2704.0,,upstream,oil,9867,TX,False
United States,USA,"IR_2012-2020_tile_-105,30,-90,45_feature_538_source_1",9868,32.42550637,-101.5114791,0.133341159,0.25612628,1896.177722,143.2474109,0.11455399,1154,,,3646.0,3354.0,2350.0,3114.0,,upstream,oil,9868,TX,False
